Year,Crop,Region,Season,Area,Annual_Rainfall,Average_Temperature,Fertilizer_Used,Pesticide_Used,Humidity,Production,Yield_Per_Ha
2011,Millet,Andhra Pradesh,Rabi,367.2,2422.7,15.8,167.8,14.18,91.3,418331.0,1139.25
2019,Maize,Rajasthan,Zaid,161.62,883.0,22.2,222.0,15.79,63.6,426319.63,2637.79
2015,Sorghum,Tamil Nadu,Zaid,174.14,994.3,18.6,203.9,18.81,50.8,139527.57,801.24
2012,Sorghum,Madhya Pradesh,Rabi,104.98,2324.7,29.4,52.2,19.97,89.9,138131.22,1315.79
2011,Maize,Karnataka,Rabi,223.36,2433.3,33.4,132.8,11.22,34.5,870291.4,3896.36
2023,Sugarcane,Rajasthan,Whole Year,26.94,927.4,16.6,124.8,11.45,43.9,2398210.53,89020.44
2015,Wheat,Andhra Pradesh,Whole Year,150.88,600.1,16.9,172.2,0.94,52.2,576343.9,3819.88
2015,Sugarcane,Andhra Pradesh,Rabi,264.03,1969.9,38.5,111.1,17.37,80.8,23021478.23,87192.66
2008,Sunflower,Madhya Pradesh,Rabi,233.35,2345.3,27.3,73.7,1.06,88.8,410358.16,1758.55
2012,Sunflower,Maharashtra,Rabi,499.84,1621.6,27.5,118.8,12.84,59.4,700845.22,1402.14
2007,Sunflower,Bihar,Rabi,194.99,1695.9,40.5,349.0,2.42,48.6,199577.33,1023.53
2006,Millet,Punjab,Zaid,194.11,1978.5,23.6,329.0,6.07,53.0,217501.15,1120.5
2016,Wheat,Karnataka,Whole Year,252.29,636.8,39.2,204.7,3.24,72.7,746423.76,2958.59
2010,Potato,Madhya Pradesh,Rabi,95.96,2441.6,41.3,357.2,3.18,40.3,2165199.15,22563.56
2006,Potato,Rajasthan,Rabi,438.28,1101.5,21.5,131.4,1.95,65.6,12031649.26,27451.97
2005,Maize,West Bengal,Zaid,286.56,1682.1,28.9,254.5,6.7,68.2,1110713.98,3876.03
2016,Sunflower,West Bengal,Kharif,96.86,1331.0,29.4,100.0,8.76,76.0,102979.35,1063.18
2016,Sunflower,Karnataka,Rabi,396.93,1330.0,38.4,341.7,9.56,69.3,201048.07,506.51
2021,Sugarcane,Bihar,Zaid,18.13,1846.0,23.2,95.7,9.07,36.3,1905194.71,105085.2
2014,Cotton,Rajasthan,Zaid,491.3,2488.3,36.5,61.2,10.71,74.8,324189.37,659.86
2020,Rice,Uttar Pradesh,Kharif,432.71,1749.9,41.2,145.7,17.27,31.4,1255241.24,2900.88
2019,Barley,Uttar Pradesh,Whole Year,290.24,2046.9,37.7,365.3,12.82,55.4,404029.31,1392.05
2019,Groundnut,Punjab,Whole Year,56.54,360.8,39.5,95.3,0.84,57.1,68304.86,1208.08
2023,Barley,Rajasthan,Whole Year,108.42,2082.9,34.1,165.7,3.87,37.6,296843.6,2737.9
2016,Millet,Andhra Pradesh,Rabi,140.44,959.9,39.4,160.7,7.3,30.6,124831.07,888.86
2007,Sugarcane,Haryana,Whole Year,121.27,578.7,19.5,330.6,19.01,34.6,1142477.78,9420.94
2009,Soybean,West Bengal,Rabi,249.26,549.3,34.2,197.5,2.02,59.0,289762.88,1162.49
2023,Sunflower,Bihar,Rabi,472.34,1795.7,34.8,264.0,14.35,45.6,560823.92,1187.33
2011,Wheat,Rajasthan,Zaid,222.64,2494.8,26.9,191.5,1.15,34.5,1142433.27,5131.3
2013,Potato,Rajasthan,Whole Year,331.12,1765.6,17.2,243.0,7.57,46.7,7498822.03,22646.84
2011,Potato,Haryana,Whole Year,344.6,877.2,31.8,71.9,15.52,64.4,5164459.13,14986.82
2022,Sugarcane,Haryana,Whole Year,435.92,747.3,16.4,180.9,7.21,78.2,38250223.3,87745.97
2008,Wheat,Tamil Nadu,Rabi,17.88,1457.1,25.3,349.3,8.89,56.8,45895.65,2566.87
2018,Groundnut,Madhya Pradesh,Rabi,202.76,443.1,25.6,291.9,18.15,69.9,121361.46,598.55
2022,Cotton,Maharashtra,Whole Year,392.58,1178.5,42.0,393.6,1.79,68.8,49126.61,125.14
2013,Barley,Punjab,Rabi,407.62,1765.7,23.1,325.8,10.79,88.3,718102.49,1761.7
2006,Rice,West Bengal,Rabi,463.74,2428.9,37.2,208.0,7.64,41.7,1495972.46,3225.89
2019,Groundnut,Haryana,Kharif,351.69,1236.4,16.4,286.7,19.29,61.0,319711.91,909.07
2011,Groundnut,Uttar Pradesh,Kharif,123.33,740.5,29.3,321.6,15.98,71.1,117640.98,953.87
2016,Barley,Karnataka,Whole Year,253.33,2098.2,29.5,144.4,2.88,63.8,980274.59,3869.56
2012,Groundnut,Uttar Pradesh,Whole Year,17.14,1937.2,32.0,71.0,18.58,59.3,35541.26,2073.59
2019,Soybean,Tamil Nadu,Kharif,323.82,2191.3,36.9,192.0,4.62,93.3,492228.64,1520.07
2007,Soybean,Tamil Nadu,Rabi,277.59,772.4,35.6,100.6,2.15,91.2,342220.25,1232.83
2018,Potato,Haryana,Rabi,333.75,1190.6,35.5,147.0,11.06,69.7,8365447.53,25065.01
2021,Sorghum,Tamil Nadu,Zaid,465.14,2459.4,26.7,381.4,14.86,58.6,371824.84,799.38
2008,Sorghum,Madhya Pradesh,Whole Year,343.95,647.7,34.6,346.5,14.46,79.1,81274.95,236.3
2022,Soybean,Andhra Pradesh,Whole Year,160.9,1777.2,28.3,257.4,10.91,63.3,239600.76,1489.13
2012,Maize,Gujarat,Whole Year,100.17,821.8,16.8,190.4,10.11,94.7,296276.93,2957.74
2008,Cotton,Rajasthan,Zaid,427.46,1400.3,39.0,142.5,19.41,74.6,159000.09,371.96
2006,Wheat,Rajasthan,Zaid,97.97,2061.1,39.0,250.0,16.5,34.4,201219.81,2053.89
2010,Cotton,Haryana,Rabi,81.64,1374.9,23.7,236.6,14.12,56.1,41984.42,514.26
2014,Millet,Tamil Nadu,Kharif,104.1,2072.1,39.7,323.3,4.31,77.5,55455.27,532.71
2008,Groundnut,Karnataka,Kharif,254.91,1237.9,35.5,374.8,16.49,84.8,170441.94,668.64
2022,Rice,Andhra Pradesh,Kharif,62.97,2498.6,25.8,165.1,15.12,82.9,247688.89,3933.44
2016,Groundnut,Punjab,Rabi,469.12,1258.8,24.0,122.2,19.84,93.5,711226.6,1516.09
2006,Cotton,Tamil Nadu,Kharif,483.16,628.6,41.3,191.0,3.09,61.8,192323.22,398.05
2014,Potato,Andhra Pradesh,Zaid,486.93,1184.1,34.2,203.1,14.45,39.1,8057935.3,16548.45
2008,Soybean,Maharashtra,Zaid,20.52,1933.7,25.2,64.0,19.59,72.4,20173.33,983.11
2018,Sunflower,Punjab,Whole Year,473.15,2165.5,32.3,351.6,9.52,34.6,552927.68,1168.61
2020,Barley,Rajasthan,Kharif,498.71,1312.2,30.4,398.5,14.8,93.3,309103.34,619.81
2019,Millet,Maharashtra,Zaid,471.27,1607.8,29.2,373.1,19.52,79.3,142159.46,301.65
2012,Soybean,Haryana,Whole Year,335.8,2158.8,32.4,351.2,11.18,93.8,440954.54,1313.15
2018,Cotton,West Bengal,Kharif,350.91,2089.8,29.5,397.4,14.13,54.5,65383.31,186.33
2012,Potato,Haryana,Kharif,62.0,1747.0,32.7,367.7,0.89,31.0,970177.46,15648.02
2020,Barley,Karnataka,Zaid,437.27,2093.1,39.5,290.9,10.63,63.9,867338.69,1983.53
2017,Rice,Madhya Pradesh,Whole Year,30.76,1567.0,41.8,108.4,5.49,37.9,123325.23,4009.27
2022,Sunflower,Andhra Pradesh,Whole Year,159.55,310.2,34.2,104.7,3.06,74.2,174850.14,1095.9
2019,Cotton,Madhya Pradesh,Zaid,495.58,390.8,40.1,67.1,14.32,62.3,197434.7,398.39
2017,Wheat,West Bengal,Zaid,211.74,2455.6,38.2,194.1,1.26,79.0,1165028.0,5502.16
2013,Sugarcane,Madhya Pradesh,Zaid,66.45,619.0,23.0,333.1,18.14,48.9,2428960.44,36553.2
2019,Barley,Punjab,Kharif,484.68,1189.9,40.2,221.6,10.6,83.9,747811.07,1542.9
2017,Cotton,Punjab,Zaid,492.09,2354.4,16.9,178.2,13.14,72.3,333175.14,677.06
2005,Potato,Bihar,Zaid,94.33,729.1,23.9,88.2,5.44,94.2,2239409.37,23740.16
2011,Soybean,Maharashtra,Rabi,432.54,2156.3,32.3,68.1,4.05,41.6,833997.7,1928.14
2013,Wheat,Karnataka,Zaid,195.82,2100.2,29.2,189.7,5.25,33.3,910481.51,4649.58
2005,Maize,Rajasthan,Zaid,191.3,2469.9,29.6,85.0,5.03,85.3,833567.29,4357.38
2016,Barley,Madhya Pradesh,Kharif,132.09,919.7,36.5,86.2,17.36,52.0,331575.52,2510.22
2012,Sunflower,Tamil Nadu,Whole Year,23.31,993.7,20.3,188.4,15.85,58.0,26226.35,1125.11
2015,Wheat,Tamil Nadu,Kharif,134.74,2286.3,41.5,226.0,17.13,90.2,491971.21,3651.26
2023,Potato,West Bengal,Rabi,27.83,815.0,26.8,115.3,14.83,58.6,686552.28,24669.5
2021,Soybean,Karnataka,Zaid,462.26,1505.4,40.6,289.6,13.05,49.4,452996.75,979.96
2012,Cotton,Karnataka,Zaid,331.2,1856.2,25.3,196.5,10.79,33.9,217530.51,656.8
2007,Groundnut,Punjab,Zaid,443.42,898.1,31.2,82.2,5.68,58.8,755731.23,1704.32
2007,Rice,Rajasthan,Zaid,358.93,2364.5,27.2,273.0,14.25,72.6,1049246.91,2923.26
2005,Potato,Andhra Pradesh,Zaid,66.51,1764.5,33.3,174.9,3.16,47.5,1866038.99,28056.52
2009,Sunflower,Rajasthan,Zaid,470.35,403.7,20.0,68.3,10.47,76.7,344005.12,731.38
2014,Groundnut,Uttar Pradesh,Rabi,450.05,598.6,25.8,381.8,4.31,61.1,201249.71,447.17
2011,Sunflower,Karnataka,Zaid,174.69,719.7,16.8,249.9,10.34,85.8,122677.4,702.26
2013,Sugarcane,Haryana,Zaid,56.66,838.9,31.1,217.2,6.23,40.5,2873097.74,50707.69
2011,Sunflower,Gujarat,Zaid,352.37,1907.5,41.0,350.7,1.54,79.2,339729.68,964.13
2013,Wheat,Karnataka,Rabi,364.45,495.7,16.2,377.9,10.32,90.6,271751.18,745.65
2012,Sugarcane,West Bengal,Zaid,448.52,1071.3,32.8,127.1,4.05,78.2,35347603.62,78809.43
2016,Rice,Madhya Pradesh,Rabi,27.28,2305.0,35.9,333.6,3.64,56.4,69699.62,2554.97
2006,Wheat,Haryana,Kharif,71.71,1524.7,20.8,340.9,8.0,45.0,184997.65,2579.8
2005,Sorghum,West Bengal,Zaid,299.53,884.1,22.4,69.0,7.55,36.4,339485.56,1133.39
2020,Soybean,Maharashtra,Whole Year,309.95,2405.5,20.4,299.2,17.41,71.8,375728.71,1212.22
2009,Wheat,Gujarat,Rabi,17.77,837.5,23.0,72.0,11.51,39.3,56322.15,3169.51
2007,Potato,Gujarat,Kharif,199.07,2291.2,18.0,258.1,17.16,84.5,4835237.44,24289.13
2016,Soybean,Punjab,Rabi,292.5,1896.7,25.0,284.2,3.36,92.4,442258.79,1512.0
2012,Groundnut,Karnataka,Rabi,369.22,1929.1,25.0,178.5,7.47,38.8,785832.8,2128.36
2007,Millet,Punjab,Kharif,158.76,1982.9,36.8,358.3,11.33,54.4,77711.51,489.49
2005,Barley,Tamil Nadu,Zaid,242.47,1414.5,36.6,330.2,3.49,90.9,364336.15,1502.6
2007,Millet,West Bengal,Zaid,407.21,2092.1,36.5,374.1,3.0,60.6,290222.1,712.71
2009,Cotton,Uttar Pradesh,Rabi,476.99,2139.6,30.3,160.2,13.4,64.8,350481.74,734.78
2019,Barley,Uttar Pradesh,Kharif,115.93,1093.1,23.8,57.5,13.25,78.6,288700.49,2490.3
2018,Sunflower,Tamil Nadu,Zaid,127.27,1180.8,26.1,334.0,5.07,43.7,130892.49,1028.46
2007,Barley,Maharashtra,Rabi,469.97,2255.3,23.6,128.0,4.93,93.6,1714024.07,3647.09
2005,Potato,Uttar Pradesh,Whole Year,198.56,1454.4,30.7,213.5,15.04,80.8,4361896.31,21967.65
2009,Potato,West Bengal,Kharif,359.46,2207.3,40.3,336.1,2.78,40.5,6547331.62,18214.35
2018,Maize,Uttar Pradesh,Whole Year,306.52,1678.9,22.7,125.6,18.5,37.2,1187805.45,3875.13
2011,Barley,Tamil Nadu,Whole Year,143.51,1605.8,27.4,159.2,18.9,90.8,369081.45,2571.82
2013,Rice,Haryana,Rabi,327.13,368.2,32.7,203.7,17.48,74.5,600541.88,1835.79
2019,Millet,Madhya Pradesh,Kharif,328.13,911.4,37.8,145.1,4.61,32.5,300013.99,914.31
2019,Groundnut,Madhya Pradesh,Zaid,296.63,1404.5,21.8,211.5,0.83,39.2,605600.77,2041.6
2014,Soybean,Punjab,Zaid,50.73,1592.1,22.6,53.4,18.77,33.1,72787.48,1434.8
2017,Cotton,Bihar,Rabi,497.59,1687.0,38.9,124.3,7.21,93.3,251023.01,504.48
2023,Barley,Andhra Pradesh,Zaid,200.81,1875.7,17.2,341.4,6.55,62.4,412868.57,2056.02
2011,Cotton,West Bengal,Zaid,319.49,1743.7,31.3,194.7,5.6,60.0,199949.15,625.84
2021,Groundnut,Punjab,Whole Year,443.0,2166.9,38.2,272.7,5.27,92.1,783910.38,1769.55
2008,Cotton,Gujarat,Whole Year,212.22,950.0,39.9,131.3,14.82,62.8,88222.1,415.71
2009,Sunflower,Bihar,Kharif,387.19,1711.5,15.3,277.5,18.2,63.7,409729.8,1058.21
2011,Groundnut,Rajasthan,Whole Year,485.94,412.6,25.0,400.0,15.83,94.0,81385.96,167.48
2017,Sunflower,Uttar Pradesh,Zaid,180.11,1356.4,21.9,258.4,13.65,37.2,179860.1,998.61
2019,Barley,Uttar Pradesh,Kharif,203.23,889.7,30.3,269.9,6.11,94.1,360214.63,1772.45
2015,Groundnut,Maharashtra,Kharif,452.88,1138.0,32.1,89.0,11.17,40.8,702759.25,1551.76
2008,Barley,Madhya Pradesh,Rabi,80.66,1080.3,42.0,191.2,5.12,60.7,170167.32,2109.69
2017,Sunflower,Punjab,Whole Year,15.27,432.9,28.8,351.3,2.67,51.9,5384.32,352.61
2011,Maize,Rajasthan,Kharif,454.54,1326.6,29.9,342.0,2.85,92.1,918712.51,2021.19
2023,Maize,Madhya Pradesh,Zaid,410.97,2488.2,26.2,232.8,12.27,61.6,1658876.14,4036.49
2006,Groundnut,Uttar Pradesh,Kharif,486.32,957.7,19.0,366.2,1.25,31.5,333355.86,685.47
2014,Potato,Gujarat,Kharif,30.06,1919.5,23.2,100.0,19.48,44.4,773806.8,25742.08
2017,Maize,Maharashtra,Rabi,78.93,1505.1,21.7,280.4,19.91,58.0,193237.88,2448.22
2010,Soybean,Punjab,Zaid,53.55,1015.5,36.6,137.1,3.41,74.0,76211.93,1423.19
2016,Potato,Maharashtra,Zaid,342.02,497.1,29.7,275.9,8.83,66.5,3677030.52,10750.92
2016,Soybean,Punjab,Whole Year,303.4,774.9,23.0,80.6,15.48,85.2,267683.31,882.28
2015,Maize,Karnataka,Zaid,180.31,2020.1,28.2,380.3,19.12,83.8,316733.9,1756.61
2011,Maize,Karnataka,Kharif,29.65,913.8,20.9,325.2,17.88,68.4,58102.78,1959.62
2005,Sorghum,Madhya Pradesh,Zaid,320.19,617.5,20.0,120.3,5.47,67.1,426883.12,1333.22
2005,Sorghum,Tamil Nadu,Zaid,285.49,1028.9,38.2,273.0,2.16,48.1,279602.81,979.38
2017,Barley,West Bengal,Kharif,57.34,1584.9,40.5,315.7,6.13,92.3,110899.75,1934.07
2013,Groundnut,Maharashtra,Rabi,454.55,1847.6,17.2,123.3,9.03,35.0,925578.22,2036.25
2007,Sugarcane,Tamil Nadu,Whole Year,100.28,1152.2,35.7,82.7,7.52,55.8,8071900.43,80493.62
2011,Sugarcane,Maharashtra,Whole Year,372.01,1395.9,27.2,173.1,15.59,73.0,26622955.83,71565.16
2010,Maize,Uttar Pradesh,Rabi,442.65,1300.8,25.5,97.5,5.53,91.5,1546344.53,3493.38
2012,Cotton,Andhra Pradesh,Kharif,290.16,319.8,33.6,248.0,17.24,62.6,38485.69,132.64
2013,Maize,Maharashtra,Whole Year,124.18,1170.3,22.2,198.4,4.9,88.2,463577.39,3733.11
2009,Sorghum,Uttar Pradesh,Rabi,155.32,1592.1,15.6,211.8,7.55,36.8,200401.36,1290.25
2005,Barley,Rajasthan,Rabi,442.99,1553.9,20.8,240.0,9.23,64.6,1059082.32,2390.76
2023,Maize,Karnataka,Rabi,149.83,1949.5,20.0,393.7,6.18,50.5,351192.77,2343.94
2014,Millet,Tamil Nadu,Whole Year,373.35,1774.8,15.9,327.4,15.44,81.7,313806.19,840.51
2016,Potato,Bihar,Whole Year,495.09,909.0,23.7,270.3,8.49,58.9,6699096.67,13531.07
2019,Cotton,Andhra Pradesh,Whole Year,499.91,862.4,27.8,177.3,17.8,60.9,249959.09,500.01
2013,Millet,Gujarat,Whole Year,267.21,1321.1,34.9,59.5,19.29,34.2,212041.57,793.54
2021,Barley,Karnataka,Zaid,413.45,1912.5,23.8,90.8,17.27,58.5,1416260.1,3425.47
2021,Barley,Tamil Nadu,Rabi,495.13,506.4,20.3,305.8,10.69,35.3,533333.97,1077.16
2016,Soybean,Madhya Pradesh,Zaid,187.96,2386.3,21.2,179.2,10.44,49.5,375695.85,1998.81
2011,Wheat,Andhra Pradesh,Rabi,126.95,1494.9,39.1,167.1,4.71,38.2,522361.09,4114.7
2006,Millet,Gujarat,Whole Year,58.0,974.1,20.5,361.1,12.05,51.7,27720.56,477.94
2007,Soybean,Haryana,Whole Year,71.31,1825.5,38.7,219.6,19.08,44.8,75076.08,1052.81
2021,Sorghum,Uttar Pradesh,Zaid,426.92,398.4,27.1,364.9,2.07,48.5,169723.99,397.55
2009,Rice,Haryana,Kharif,294.77,1365.7,40.2,360.3,15.17,39.6,335940.44,1139.67
2021,Cotton,Bihar,Whole Year,436.98,1369.1,26.0,78.1,17.46,58.6,287632.55,658.23
2021,Potato,Uttar Pradesh,Kharif,394.94,656.3,19.8,380.9,19.74,62.3,744995.75,1886.35
2021,Rice,Punjab,Rabi,337.2,2142.3,29.8,76.9,7.03,84.4,1065517.17,3159.9
2006,Groundnut,West Bengal,Zaid,305.05,2053.0,30.9,387.2,7.43,65.0,394145.14,1292.07
2006,Sunflower,Andhra Pradesh,Kharif,25.12,636.0,32.2,208.4,4.98,44.9,33049.7,1315.67
2009,Sorghum,Haryana,Kharif,436.27,1100.4,26.1,316.3,15.89,77.8,240422.66,551.09
2005,Sorghum,West Bengal,Whole Year,209.5,520.9,16.3,297.2,3.23,49.3,176694.86,843.41
2005,Rice,Andhra Pradesh,Kharif,280.33,2166.9,31.9,231.5,5.72,79.2,1028504.13,3668.9
2023,Millet,Tamil Nadu,Kharif,11.95,1011.3,40.2,266.8,6.26,55.2,6828.35,571.41
2006,Wheat,Madhya Pradesh,Rabi,468.1,1266.5,40.9,382.5,7.81,63.4,702059.85,1499.81
2016,Potato,Punjab,Zaid,451.47,1012.5,31.1,374.6,8.72,62.7,3682528.42,8156.75
2010,Millet,Tamil Nadu,Whole Year,272.1,982.1,15.5,279.0,11.4,92.1,119181.0,438.0
2008,Rice,Uttar Pradesh,Whole Year,289.08,1944.1,17.9,280.2,18.99,40.0,753396.12,2606.19
2015,Potato,Madhya Pradesh,Kharif,352.8,1944.6,37.5,136.4,5.32,91.0,12389987.57,35119.01
2021,Groundnut,Bihar,Rabi,133.08,1439.1,37.4,340.0,15.69,66.5,34422.9,258.66
2010,Millet,West Bengal,Kharif,111.74,1746.8,40.5,271.4,13.69,94.6,84683.99,757.87
2009,Sugarcane,Andhra Pradesh,Kharif,337.34,1425.7,30.2,339.2,2.76,67.3,20976054.29,62180.75
2006,Millet,Maharashtra,Whole Year,53.11,362.9,38.3,280.2,16.3,72.7,10708.09,201.62
2010,Barley,Madhya Pradesh,Kharif,227.58,445.2,37.3,154.8,2.27,78.7,595344.67,2615.98
2015,Sunflower,West Bengal,Kharif,246.89,1144.2,30.9,116.3,14.91,83.4,249751.87,1011.59
2020,Soybean,Rajasthan,Rabi,191.29,1949.4,36.2,76.9,14.46,61.0,296335.12,1549.14
2020,Cotton,Gujarat,Whole Year,93.45,2309.1,18.4,255.1,13.94,74.1,51168.02,547.54
2005,Sunflower,Haryana,Zaid,178.3,365.4,32.3,149.4,5.9,70.0,164816.86,924.38
2013,Millet,Andhra Pradesh,Rabi,169.44,1109.7,40.7,270.7,11.68,56.5,109337.85,645.29
2010,Wheat,Karnataka,Rabi,250.13,792.3,19.4,70.5,15.35,83.4,644758.71,2577.69
2020,Sunflower,Karnataka,Rabi,337.67,2093.5,35.1,181.5,12.93,42.5,554963.87,1643.51
2007,Potato,Gujarat,Whole Year,484.15,2161.1,23.7,141.2,16.18,40.9,13537157.95,27960.67
2008,Wheat,Madhya Pradesh,Kharif,72.94,754.1,37.1,179.6,13.91,77.9,217223.86,2978.12
2023,Sunflower,Uttar Pradesh,Zaid,436.64,1863.8,33.8,69.0,5.85,71.4,751328.04,1720.7
2007,Potato,Bihar,Whole Year,142.8,1909.9,40.0,303.5,3.48,50.6,3477426.86,24351.73
2023,Millet,West Bengal,Kharif,296.1,689.5,34.2,90.8,12.82,71.3,216508.69,731.2
2011,Potato,West Bengal,Rabi,273.82,1254.1,26.1,55.0,15.32,80.1,6135294.26,22406.3
2013,Maize,Bihar,Whole Year,278.92,1664.7,15.3,381.2,3.28,44.1,400563.71,1436.12
2005,Sorghum,Karnataka,Kharif,361.96,357.3,36.4,117.5,3.91,67.8,373858.8,1032.87
2012,Sunflower,West Bengal,Zaid,191.46,1190.1,26.0,339.8,0.74,83.6,155277.92,811.02
2011,Millet,Gujarat,Zaid,160.23,640.9,33.1,387.6,10.87,56.7,43211.23,269.68
2022,Sorghum,West Bengal,Kharif,426.56,1492.2,17.8,236.9,11.07,67.2,396434.44,929.38
2012,Sugarcane,Uttar Pradesh,Whole Year,110.83,2154.4,39.1,234.1,10.25,35.1,8961794.21,80860.73
2005,Potato,Haryana,Rabi,90.94,1454.5,26.8,178.6,6.66,84.0,2555621.5,28102.28
2015,Rice,Rajasthan,Kharif,8.79,379.2,39.8,199.0,8.84,81.7,19044.5,2166.61
2022,Sugarcane,Haryana,Rabi,106.08,365.2,34.1,218.7,15.44,59.7,3691382.43,34798.1
2014,Millet,Rajasthan,Zaid,259.75,1632.1,18.3,103.2,4.05,37.8,280834.24,1081.17
2007,Wheat,Maharashtra,Kharif,269.72,1021.6,30.6,177.7,4.43,72.9,934829.96,3465.93
2011,Maize,Bihar,Zaid,127.96,1559.9,39.6,335.6,13.51,67.2,204750.86,1600.12
2020,Groundnut,Haryana,Rabi,37.06,660.0,36.6,113.8,17.4,89.8,47899.42,1292.48
2020,Sorghum,Gujarat,Rabi,372.58,2009.1,26.3,305.4,7.14,48.2,461349.13,1238.26
2021,Soybean,Punjab,Kharif,379.23,2193.6,40.8,278.1,18.69,32.1,404102.94,1065.59
2006,Sorghum,Maharashtra,Kharif,498.92,2256.3,22.3,70.1,1.62,46.6,859429.32,1722.58
2005,Barley,Rajasthan,Kharif,450.11,969.0,25.1,57.9,2.81,57.8,1186311.09,2635.6
2020,Cotton,Bihar,Zaid,463.1,1753.6,35.2,173.4,9.47,40.1,348717.97,753.01
2016,Millet,Rajasthan,Rabi,399.3,913.9,21.3,292.3,14.61,93.7,235408.08,589.55
2009,Sugarcane,Maharashtra,Rabi,308.14,1978.1,28.9,165.6,7.73,44.5,30500578.07,98982.86
2009,Soybean,Rajasthan,Zaid,65.14,565.2,34.7,283.7,11.32,74.1,61994.03,951.7
2013,Wheat,Bihar,Kharif,311.53,1978.1,32.4,282.9,1.06,59.5,1232981.28,3957.83
2013,Wheat,Andhra Pradesh,Whole Year,28.92,1267.4,19.2,332.3,9.51,66.1,62933.9,2176.14
2007,Wheat,Punjab,Kharif,442.76,2182.2,32.0,84.8,5.23,90.6,2096646.56,4735.4
2023,Groundnut,Gujarat,Whole Year,241.43,1925.6,30.5,252.0,10.57,64.6,482608.97,1998.96
2020,Barley,Andhra Pradesh,Whole Year,349.04,1128.3,30.1,71.9,10.75,49.8,1080081.45,3094.43
2020,Wheat,Rajasthan,Zaid,27.07,2287.8,37.3,111.6,15.19,44.4,122469.34,4524.17
2007,Potato,Haryana,Rabi,267.59,923.3,20.0,163.9,11.03,88.0,5728709.86,21408.53
2005,Wheat,Andhra Pradesh,Rabi,151.33,2427.4,35.3,297.6,12.48,94.1,583866.14,3858.23
2015,Millet,Haryana,Rabi,143.2,1987.8,35.5,390.9,10.83,46.4,56066.97,391.53
2021,Barley,Maharashtra,Rabi,195.44,2479.5,34.5,169.9,19.81,76.9,503701.93,2577.27
2012,Sunflower,West Bengal,Zaid,1.32,418.6,28.7,232.4,15.94,62.9,1184.78,897.56
2008,Maize,Tamil Nadu,Whole Year,233.86,902.9,25.7,140.7,15.24,75.4,824129.12,3524.03
2010,Maize,Madhya Pradesh,Rabi,243.8,1930.8,25.7,286.4,12.73,92.7,730523.97,2996.41
2012,Barley,Bihar,Whole Year,431.7,2328.9,34.8,178.3,10.8,47.9,1586650.66,3675.35
2007,Cotton,Rajasthan,Zaid,224.81,363.3,28.4,218.6,7.22,78.1,75577.28,336.18
2020,Groundnut,Tamil Nadu,Kharif,182.41,300.0,24.1,248.7,15.79,58.5,172440.27,945.34
2007,Soybean,Punjab,Zaid,497.38,863.7,31.9,290.2,4.2,72.4,427565.53,859.64
2022,Potato,Haryana,Rabi,286.04,2176.1,37.6,71.0,1.21,56.4,8371328.64,29266.29
2018,Sorghum,Andhra Pradesh,Kharif,236.83,1987.7,16.7,244.2,14.11,76.0,264876.44,1118.42
2022,Millet,Tamil Nadu,Zaid,248.47,1048.6,41.2,200.9,3.32,51.9,266913.45,1074.23
2006,Rice,Uttar Pradesh,Zaid,404.78,304.4,17.6,96.8,18.12,61.7,963824.7,2381.11
2007,Maize,Rajasthan,Whole Year,171.0,1520.4,28.8,122.8,15.53,76.1,675883.22,3952.53
2020,Sunflower,Tamil Nadu,Zaid,195.19,823.5,30.1,359.4,12.24,32.8,95559.99,489.57
2013,Barley,Andhra Pradesh,Kharif,378.18,1940.3,18.7,355.1,6.62,51.3,659628.78,1744.22
2008,Soybean,Andhra Pradesh,Zaid,37.42,1282.0,39.7,61.7,12.94,65.5,50041.68,1337.3
2005,Barley,Punjab,Rabi,432.72,1792.9,27.7,291.3,9.8,34.8,796358.36,1840.35
2008,Sorghum,Karnataka,Whole Year,215.67,2175.1,18.9,244.0,6.18,75.7,343417.57,1592.33
2005,Soybean,Gujarat,Kharif,291.07,1478.7,34.2,378.9,18.93,82.9,9635.6,33.1
2018,Maize,Uttar Pradesh,Kharif,378.98,1039.1,32.9,367.8,3.66,40.6,555155.41,1464.87
2020,Wheat,Tamil Nadu,Zaid,133.76,1993.0,41.0,252.8,15.19,77.7,401496.38,3001.62
2012,Potato,Gujarat,Rabi,445.27,883.4,26.9,98.6,16.1,72.0,10250518.23,23020.9
2011,Barley,Uttar Pradesh,Whole Year,489.63,2261.3,22.2,210.9,19.06,56.7,1413379.01,2886.63
2007,Potato,Karnataka,Kharif,247.64,457.1,16.6,303.8,11.21,40.7,2919290.41,11788.44
2021,Potato,Tamil Nadu,Whole Year,468.53,2138.0,34.8,383.1,10.93,92.1,2537913.84,5416.76
2005,Potato,Uttar Pradesh,Zaid,1.56,501.4,31.7,177.3,18.45,60.2,22761.47,14590.69
2020,Sunflower,Gujarat,Rabi,447.22,423.5,41.3,324.6,16.12,41.9,69929.85,156.37
2016,Rice,Haryana,Zaid,156.21,1099.2,34.2,289.2,15.39,76.7,271172.46,1735.95
2023,Maize,Andhra Pradesh,Whole Year,156.44,2404.4,40.2,77.4,15.89,69.5,581099.81,3714.52
2018,Potato,West Bengal,Zaid,114.82,2463.7,41.8,245.3,10.12,83.1,2964189.99,25815.97
2010,Sunflower,Maharashtra,Whole Year,159.19,744.6,26.6,114.2,1.31,94.7,192666.53,1210.29
2010,Sugarcane,Rajasthan,Kharif,107.53,627.0,19.1,289.2,4.37,32.9,6014077.77,55929.3
2017,Rice,Bihar,Kharif,453.03,1076.5,20.3,263.5,13.04,78.1,1257473.9,2775.7
2023,Cotton,Bihar,Zaid,449.61,1041.6,23.6,390.6,8.23,94.3,159329.28,354.37
2012,Groundnut,West Bengal,Kharif,52.0,1971.1,28.7,377.4,12.33,65.0,65580.31,1261.16
2006,Maize,Tamil Nadu,Whole Year,72.29,1276.8,18.3,53.3,11.26,76.5,181072.92,2504.81
2005,Wheat,Tamil Nadu,Kharif,431.15,2015.7,23.1,78.0,9.05,58.7,1883805.01,4369.26
2019,Maize,Uttar Pradesh,Rabi,200.07,1947.2,23.3,319.2,5.08,53.2,565901.62,2828.52
2005,Sorghum,Andhra Pradesh,Rabi,85.47,1572.3,15.1,290.0,14.52,75.3,72159.99,844.27
2009,Soybean,Karnataka,Zaid,255.82,2133.7,24.6,330.3,18.23,94.2,319295.51,1248.13
2020,Barley,Punjab,Zaid,208.92,730.4,18.1,143.4,15.51,36.0,420172.98,2011.17
2023,Potato,Madhya Pradesh,Zaid,110.36,656.0,26.6,347.3,2.84,57.4,1047408.81,9490.84
2008,Soybean,Uttar Pradesh,Zaid,360.66,1951.4,20.3,204.8,10.99,91.1,641836.01,1779.62
2007,Soybean,Bihar,Whole Year,316.01,838.6,37.2,141.7,16.79,37.3,353479.13,1118.57
2021,Potato,Punjab,Whole Year,50.73,306.1,17.2,53.7,12.02,72.3,981901.67,19355.44
2021,Maize,Maharashtra,Rabi,462.77,2306.3,38.4,355.0,9.07,58.0,1266999.48,2737.86
2016,Potato,Gujarat,Whole Year,279.68,1670.5,30.7,237.4,6.05,54.5,6620041.54,23670.06
2018,Sorghum,Uttar Pradesh,Kharif,125.85,1278.9,27.4,391.4,6.94,43.6,37068.78,294.55
2010,Potato,Madhya Pradesh,Rabi,103.94,1896.6,29.8,300.1,5.22,41.5,2388006.71,22974.86
2007,Barley,Maharashtra,Zaid,68.84,1033.3,25.2,78.1,4.32,63.6,191618.06,2783.53
2013,Barley,Rajasthan,Zaid,212.89,2398.1,18.4,255.9,11.98,54.5,600338.22,2819.95
2009,Soybean,Uttar Pradesh,Whole Year,68.63,451.0,35.7,56.0,10.43,62.0,91652.67,1335.46
2021,Cotton,Bihar,Rabi,208.49,1710.1,40.1,245.2,14.83,42.7,102632.81,492.27
2018,Groundnut,Andhra Pradesh,Whole Year,75.24,2010.0,40.7,172.6,6.5,52.8,185009.61,2458.93
2007,Sorghum,Andhra Pradesh,Whole Year,328.75,1332.1,33.1,275.2,9.49,94.8,317594.74,966.07
2005,Cotton,Tamil Nadu,Whole Year,392.84,1960.9,26.1,239.6,13.77,53.9,228649.49,582.04
2005,Millet,Rajasthan,Rabi,275.21,2339.2,27.9,141.5,19.28,56.8,259988.69,944.69
2007,Millet,Bihar,Zaid,340.35,1936.8,32.7,106.8,7.3,31.3,406020.9,1192.95
2022,Rice,Tamil Nadu,Kharif,469.25,980.6,37.2,191.6,6.32,54.8,1084489.62,2311.11
2014,Soybean,Punjab,Zaid,319.55,1536.1,25.1,395.4,9.26,79.6,223202.14,698.49
2007,Barley,West Bengal,Rabi,182.71,2305.5,39.8,202.5,14.62,63.5,494089.78,2704.23
2012,Maize,Karnataka,Zaid,225.29,1288.0,23.8,312.1,19.25,72.7,389612.71,1729.38
2018,Barley,Rajasthan,Zaid,430.4,1799.7,29.3,69.9,10.96,66.2,1308041.52,3039.13
2022,Sunflower,Gujarat,Kharif,66.23,1324.1,41.0,182.6,16.34,36.9,71189.66,1074.89
2019,Sunflower,Bihar,Zaid,163.54,567.0,40.3,253.1,9.56,51.6,123474.48,755.01
2006,Barley,Karnataka,Zaid,289.06,428.9,33.8,312.9,1.28,75.1,624677.97,2161.07
2014,Sunflower,Karnataka,Zaid,338.52,2395.0,23.8,234.9,17.94,65.6,428195.29,1264.9
2006,Wheat,Bihar,Whole Year,381.99,1647.6,20.9,230.4,6.15,73.9,1620250.67,4241.6
2021,Barley,Bihar,Rabi,159.79,528.4,17.2,317.4,3.2,53.4,292563.87,1830.93
2012,Rice,Haryana,Rabi,73.78,2186.4,34.1,159.7,19.93,42.6,196359.18,2661.41
2005,Cotton,Bihar,Kharif,477.46,1449.9,28.6,81.7,7.27,83.9,324359.78,679.34
2013,Millet,Madhya Pradesh,Whole Year,39.12,1998.3,30.5,171.5,3.16,54.5,49560.49,1266.88
2015,Barley,Uttar Pradesh,Whole Year,48.81,578.9,27.8,105.6,6.58,72.6,122357.25,2506.81
2020,Barley,Gujarat,Zaid,247.98,2295.2,28.0,388.1,10.52,54.8,402606.75,1623.55
2011,Sunflower,Rajasthan,Rabi,409.82,1599.2,30.4,252.1,2.22,90.3,605792.25,1478.19
2014,Potato,Tamil Nadu,Kharif,387.48,1924.2,39.7,206.3,7.38,94.5,7402294.12,19103.68
2007,Wheat,Punjab,Whole Year,468.91,369.0,15.8,369.2,13.54,72.2,152539.58,325.31
2022,Sorghum,Uttar Pradesh,Zaid,71.66,993.7,36.6,365.1,18.36,69.1,10683.77,149.09
2017,Maize,Bihar,Kharif,188.49,888.4,25.5,195.5,8.25,84.7,526410.09,2792.77
2011,Sorghum,Haryana,Whole Year,141.79,2389.1,35.1,356.2,11.51,63.6,136262.58,961.02
2008,Maize,Punjab,Kharif,430.57,707.7,40.6,72.4,12.9,86.5,1260466.32,2927.44
2017,Groundnut,Rajasthan,Whole Year,244.69,1855.5,23.3,360.0,1.88,56.8,402479.26,1644.85
2005,Barley,West Bengal,Kharif,14.4,394.1,17.4,158.7,7.17,32.1,34596.9,2402.56
2012,Wheat,Karnataka,Whole Year,354.27,734.9,21.3,247.8,13.84,90.2,646883.38,1825.96
2018,Sugarcane,Madhya Pradesh,Whole Year,194.96,1044.9,21.0,144.4,14.85,76.9,14719896.72,75502.14
2020,Sunflower,Bihar,Kharif,266.04,2047.9,35.0,394.7,7.44,63.2,223439.9,839.87
2018,Soybean,Haryana,Whole Year,447.0,2037.9,16.7,75.1,0.63,91.4,660698.89,1478.07
2016,Sunflower,Punjab,Whole Year,129.11,2395.7,16.4,206.4,0.63,87.6,262846.53,2035.83
2023,Millet,Tamil Nadu,Whole Year,120.89,2316.9,33.7,267.3,10.99,37.0,98669.72,816.19
2019,Cotton,Madhya Pradesh,Kharif,132.33,479.3,30.0,265.5,11.25,70.6,37146.82,280.71
2006,Millet,Madhya Pradesh,Kharif,169.72,2125.7,26.3,308.6,11.34,65.0,159901.74,942.15
2006,Cotton,Haryana,Whole Year,54.57,1292.6,30.5,303.5,14.57,80.5,27820.62,509.82
2023,Groundnut,Punjab,Whole Year,348.91,2204.9,34.9,327.6,18.46,49.5,332410.61,952.71
2021,Sorghum,Haryana,Kharif,104.49,496.4,17.8,132.0,19.81,30.5,68195.87,652.65
2014,Rice,Tamil Nadu,Zaid,463.15,2110.1,29.9,179.7,14.17,42.1,1766199.77,3813.45
2010,Barley,Tamil Nadu,Whole Year,108.63,651.2,37.3,183.7,10.52,43.7,219046.92,2016.45
2019,Sugarcane,Gujarat,Zaid,128.57,1034.5,24.8,384.5,3.25,48.9,4470495.51,34770.91
2015,Cotton,Andhra Pradesh,Kharif,149.21,363.5,35.6,193.3,7.99,54.1,66224.74,443.84
2009,Soybean,Karnataka,Whole Year,384.5,572.2,37.8,127.7,11.66,75.9,567735.15,1476.55
2005,Cotton,Uttar Pradesh,Zaid,214.38,1280.6,37.2,271.3,20.0,34.8,84061.65,392.12
2012,Potato,Bihar,Kharif,409.85,2100.3,32.6,199.5,2.98,61.6,12695361.91,30975.63
2016,Rice,Uttar Pradesh,Zaid,392.64,2002.1,34.4,137.5,15.96,62.4,1335308.98,3400.85
2016,Potato,Madhya Pradesh,Rabi,464.82,817.7,36.3,300.3,19.98,70.0,4591092.33,9877.14
2009,Millet,Bihar,Kharif,378.55,633.7,34.8,117.2,16.2,50.2,303491.67,801.72
2011,Wheat,Rajasthan,Rabi,26.9,1156.4,27.2,271.7,15.46,46.9,58521.53,2175.52
2008,Millet,Maharashtra,Kharif,418.8,2243.2,19.3,200.7,5.54,61.5,500396.71,1194.83
2010,Groundnut,Rajasthan,Kharif,469.1,501.1,23.4,161.7,0.57,72.9,831629.0,1772.82
2017,Wheat,Maharashtra,Whole Year,496.85,1494.4,20.6,381.1,4.91,32.9,710955.63,1430.93
2019,Millet,Haryana,Rabi,63.51,495.4,24.8,163.5,15.9,49.1,36762.57,578.85
2007,Soybean,Maharashtra,Rabi,307.02,1334.5,28.2,171.6,2.59,81.2,580175.68,1889.7
2012,Sunflower,Andhra Pradesh,Rabi,100.53,578.9,40.9,354.7,6.27,61.5,49415.49,491.55
2020,Millet,Andhra Pradesh,Kharif,131.99,476.7,40.9,95.2,11.47,91.9,118230.5,895.75
2017,Soybean,Karnataka,Rabi,373.05,719.9,35.8,87.8,11.81,86.4,468244.84,1255.18
2022,Soybean,Punjab,Rabi,488.86,861.6,41.5,148.9,11.09,52.4,584127.15,1194.88
2014,Sunflower,Uttar Pradesh,Whole Year,297.83,907.8,41.9,257.1,19.63,77.2,174740.81,586.71
2023,Wheat,Karnataka,Zaid,425.44,1719.6,38.9,184.5,0.74,47.8,1967978.43,4625.75
2021,Sorghum,Andhra Pradesh,Zaid,5.43,421.0,17.1,263.0,10.01,41.4,2663.29,490.48
2023,Maize,Punjab,Rabi,19.28,477.8,26.5,105.9,10.34,87.3,57594.57,2987.27
2009,Barley,Rajasthan,Rabi,298.77,715.2,29.4,141.5,6.22,52.8,833204.91,2788.78
2013,Cotton,Uttar Pradesh,Rabi,195.1,2218.5,18.4,247.8,10.74,43.2,122292.39,626.82
2016,Maize,Gujarat,Rabi,444.99,1682.9,36.8,126.0,13.63,92.7,1586964.98,3566.29
2005,Rice,Uttar Pradesh,Zaid,151.69,1906.8,19.0,198.0,13.62,32.0,561732.47,3703.16
2005,Sorghum,Madhya Pradesh,Whole Year,216.59,1114.8,25.3,250.4,2.21,53.8,244003.13,1126.57
2019,Maize,Haryana,Kharif,264.43,769.1,16.9,390.8,16.15,32.5,106655.33,403.34
2006,Wheat,West Bengal,Rabi,137.25,383.5,29.2,78.0,18.65,62.8,390629.26,2846.11
2020,Rice,Uttar Pradesh,Rabi,454.34,1374.8,31.1,211.1,2.91,56.1,1388039.44,3055.07
2012,Sugarcane,Andhra Pradesh,Zaid,232.8,1563.4,34.8,188.7,8.62,76.8,17242872.95,74067.32
2017,Sorghum,Haryana,Rabi,212.65,2273.4,24.2,338.5,10.48,92.0,234985.92,1105.04
2005,Maize,Tamil Nadu,Whole Year,425.03,2240.6,30.9,365.1,3.13,63.8,1148615.44,2702.43
2020,Rice,Maharashtra,Whole Year,156.68,1234.3,34.8,367.5,10.32,48.6,174833.18,1115.86
2011,Sugarcane,Rajasthan,Rabi,408.92,1231.9,35.6,181.3,4.53,86.7,35275458.66,86264.94
2009,Millet,Gujarat,Zaid,62.01,654.5,23.1,156.6,18.74,69.3,34390.07,554.59
2007,Rice,Rajasthan,Rabi,92.21,866.4,16.8,207.2,9.25,66.0,216813.0,2351.3
2016,Potato,Tamil Nadu,Rabi,475.47,2336.5,16.0,170.4,19.9,42.3,13033287.39,27411.38
2020,Sunflower,Bihar,Zaid,421.38,610.3,35.7,301.6,1.41,32.6,343496.83,815.17
2023,Wheat,West Bengal,Whole Year,194.56,2431.1,25.4,124.7,2.99,60.0,981763.45,5046.07
2009,Millet,Uttar Pradesh,Kharif,319.59,1410.4,18.6,280.5,9.14,64.3,214664.38,671.69
2018,Wheat,Madhya Pradesh,Rabi,471.54,1304.5,20.0,374.4,17.55,38.3,534968.71,1134.51
2009,Maize,Karnataka,Whole Year,106.72,684.2,35.7,148.0,11.33,33.9,321174.38,3009.51
2019,Barley,Haryana,Rabi,30.45,1755.4,31.2,286.9,14.78,44.0,71920.69,2361.93
2021,Maize,Gujarat,Kharif,269.2,1311.7,28.5,100.2,8.76,34.1,904439.27,3359.73
2018,Millet,Tamil Nadu,Zaid,72.16,1115.5,31.8,92.5,1.29,33.6,91442.7,1267.22
2009,Soybean,West Bengal,Whole Year,94.47,881.9,18.7,90.5,13.13,58.9,119615.42,1266.17
2016,Maize,Rajasthan,Kharif,445.88,446.3,23.6,98.5,12.86,82.7,894779.97,2006.77
2020,Millet,Madhya Pradesh,Rabi,4.69,1442.5,25.1,125.7,1.89,73.2,5647.41,1204.14
2020,Rice,Madhya Pradesh,Kharif,408.59,988.4,23.5,247.0,3.83,74.2,958506.52,2345.89
2011,Groundnut,Tamil Nadu,Whole Year,258.96,1857.3,38.3,318.4,9.79,47.1,354567.86,1369.2
2008,Maize,Gujarat,Zaid,280.09,1891.7,30.7,94.4,9.21,30.7,1151058.03,4109.6
2005,Rice,Gujarat,Rabi,336.21,1030.6,34.7,354.5,15.17,59.3,111462.35,331.53
2009,Wheat,West Bengal,Zaid,216.29,1772.1,21.4,345.0,8.05,54.5,681341.47,3150.13
2014,Potato,Bihar,Zaid,58.69,869.1,22.1,304.6,13.43,91.6,642955.41,10955.11
2009,Sorghum,Rajasthan,Kharif,52.31,1899.8,21.1,199.1,14.24,34.7,51009.82,975.14
2008,Barley,Andhra Pradesh,Kharif,377.43,335.4,33.6,50.5,13.08,80.5,847479.49,2245.4
2006,Wheat,Bihar,Whole Year,111.3,633.5,24.4,307.2,12.12,55.1,235039.52,2111.77
2014,Wheat,Bihar,Whole Year,15.02,839.0,25.9,357.6,16.21,83.9,14262.35,949.56
2023,Millet,Gujarat,Zaid,489.83,2000.5,34.1,167.4,13.31,62.2,511297.96,1043.83
2005,Soybean,Haryana,Whole Year,490.22,446.0,41.2,301.3,16.77,83.3,184538.35,376.44
2009,Cotton,Haryana,Zaid,189.69,713.7,19.4,71.7,12.92,60.3,71489.51,376.88
2017,Groundnut,Maharashtra,Rabi,13.74,1089.0,16.7,298.3,3.6,56.1,13782.59,1003.1
2008,Soybean,Rajasthan,Zaid,363.91,320.2,20.3,73.9,6.53,92.6,504157.85,1385.39
2020,Millet,Tamil Nadu,Whole Year,415.68,1976.7,34.8,255.5,6.94,54.0,424429.43,1021.05
2020,Sunflower,Haryana,Whole Year,63.38,1532.2,20.3,259.1,2.33,82.3,94136.61,1485.27
2006,Barley,West Bengal,Zaid,68.59,2281.5,30.8,155.8,14.0,34.4,240903.01,3512.22
2021,Groundnut,Madhya Pradesh,Kharif,411.29,368.3,30.9,77.7,12.1,34.1,251816.16,612.26
2016,Groundnut,Tamil Nadu,Zaid,461.03,897.1,22.9,382.3,12.0,58.5,172915.35,375.06
2022,Millet,Rajasthan,Zaid,395.59,1908.8,16.9,237.5,9.83,68.1,326825.29,826.17
2007,Sugarcane,West Bengal,Kharif,101.17,1785.3,25.8,252.9,11.09,69.6,8164072.63,80696.58
2005,Wheat,Uttar Pradesh,Rabi,206.35,834.7,20.0,265.3,0.66,32.4,455663.89,2208.21
2005,Potato,Punjab,Kharif,300.82,1610.5,20.0,361.9,2.38,75.3,5350034.09,17784.84
2023,Sorghum,Haryana,Whole Year,80.99,2046.3,29.1,71.1,13.83,38.4,120431.18,1486.99
2015,Sugarcane,Haryana,Kharif,106.09,373.4,33.2,362.7,5.6,92.1,4967980.68,46827.98
2009,Millet,Maharashtra,Whole Year,142.16,1878.8,17.0,133.9,2.6,51.7,171174.44,1204.1
2016,Sugarcane,Andhra Pradesh,Whole Year,255.25,854.6,30.6,77.3,6.91,47.0,22488367.21,88103.3
2007,Sorghum,Maharashtra,Zaid,255.89,2385.3,21.6,280.0,5.46,48.9,382283.47,1493.94
2005,Millet,Rajasthan,Zaid,407.33,1484.1,33.2,391.9,1.07,90.9,276204.27,678.08
2005,Millet,Maharashtra,Rabi,376.75,373.4,36.9,70.0,8.51,61.4,224277.34,595.29
2012,Groundnut,Andhra Pradesh,Whole Year,456.95,1187.5,36.8,199.1,1.03,58.3,927879.06,2030.59
2014,Sugarcane,Andhra Pradesh,Zaid,416.62,2425.9,25.0,235.4,0.51,66.8,49398984.55,118570.84
2015,Rice,Gujarat,Whole Year,127.68,1906.8,30.3,138.2,15.95,90.5,332889.99,2607.22
2016,Maize,Madhya Pradesh,Rabi,166.32,961.1,36.4,394.0,6.64,50.0,161727.46,972.39
2017,Millet,Gujarat,Whole Year,250.71,1565.6,16.6,274.3,11.57,41.8,212945.49,849.37
2016,Sugarcane,Punjab,Rabi,8.12,1618.0,31.4,345.5,6.31,68.7,306645.06,37764.17
2018,Cotton,West Bengal,Rabi,452.05,351.4,37.6,195.5,18.64,62.0,136515.95,301.99
2006,Barley,Bihar,Rabi,23.13,693.4,25.1,173.9,14.72,34.0,49348.37,2133.52
2023,Cotton,Uttar Pradesh,Zaid,161.9,1513.9,27.3,243.6,7.7,63.9,95369.2,589.06
2022,Sugarcane,Andhra Pradesh,Kharif,285.02,1186.1,33.9,202.3,4.61,66.6,25212930.48,88460.22
2007,Wheat,Uttar Pradesh,Kharif,259.4,718.1,16.8,300.2,3.19,75.1,528309.13,2036.66
2021,Wheat,Madhya Pradesh,Zaid,327.58,1999.9,25.4,143.0,15.37,94.7,1185063.02,3617.63
2012,Sugarcane,Haryana,Whole Year,264.23,1375.8,23.0,207.4,9.33,57.4,23377481.94,88473.99
2014,Groundnut,Karnataka,Zaid,115.27,981.9,15.5,363.3,5.02,63.2,128244.04,1112.55
2006,Groundnut,Punjab,Whole Year,101.34,655.7,20.3,314.6,18.43,34.9,98096.72,968.0
2023,Millet,Rajasthan,Rabi,453.72,1644.6,25.7,108.8,8.11,84.1,646803.62,1425.56
2013,Sorghum,Madhya Pradesh,Zaid,132.72,1765.8,20.3,360.4,11.1,36.4,83226.93,627.09
2011,Maize,Tamil Nadu,Kharif,141.21,1773.1,31.3,256.2,17.23,90.7,377661.24,2674.47
2008,Millet,Uttar Pradesh,Whole Year,207.06,784.6,27.1,287.8,16.75,52.7,50335.33,243.1
2022,Cotton,Maharashtra,Zaid,70.58,1609.7,16.1,153.0,12.94,51.9,39336.96,557.34
2017,Sunflower,Andhra Pradesh,Zaid,254.13,2291.9,22.4,204.5,17.83,51.4,295955.29,1164.58
2015,Maize,Uttar Pradesh,Whole Year,332.85,1077.0,15.5,332.4,19.07,91.8,330680.12,993.48
2008,Cotton,Bihar,Rabi,393.21,763.7,24.7,165.7,18.73,93.7,218748.17,556.31
2008,Groundnut,Tamil Nadu,Rabi,356.02,1998.7,22.0,107.8,7.31,93.3,898519.47,2523.79
2014,Sugarcane,Andhra Pradesh,Rabi,74.67,689.1,33.6,182.4,8.24,75.8,4905955.5,65701.83
2009,Sorghum,Rajasthan,Rabi,228.58,858.2,23.3,74.2,5.19,37.2,261439.5,1143.75
2013,Potato,Bihar,Whole Year,20.25,521.4,25.1,301.2,16.82,55.1,158899.66,7846.9
2007,Cotton,Karnataka,Kharif,9.88,889.3,34.6,101.7,2.88,48.8,6632.27,671.28
2021,Groundnut,Maharashtra,Zaid,220.63,1202.7,28.0,149.8,7.42,76.0,400629.91,1815.85
2007,Potato,Uttar Pradesh,Zaid,127.23,441.1,30.0,358.4,0.69,62.0,1375141.2,10808.31
2020,Sorghum,Gujarat,Rabi,342.0,2217.8,37.7,239.2,12.1,70.1,445612.33,1302.96
2008,Millet,Punjab,Whole Year,362.4,1430.1,20.6,162.5,13.34,30.6,374121.11,1032.34
2022,Sugarcane,Uttar Pradesh,Kharif,447.81,1593.8,41.7,241.7,5.36,80.9,21484534.81,47976.9
2021,Barley,Uttar Pradesh,Kharif,380.58,1116.8,39.3,126.4,14.87,91.9,897384.28,2357.94
2011,Wheat,Tamil Nadu,Zaid,25.07,1773.6,22.7,58.8,7.94,73.5,108919.36,4344.61
2009,Soybean,Tamil Nadu,Rabi,186.44,1249.9,39.1,261.3,6.58,85.4,150289.48,806.1
2016,Sorghum,Bihar,Zaid,137.24,1974.9,35.4,299.9,19.15,61.1,139038.69,1013.11
2021,Potato,Punjab,Zaid,193.68,2107.1,40.1,357.9,11.98,31.3,2735053.84,14121.51
2017,Barley,Uttar Pradesh,Kharif,80.88,1778.1,33.7,320.2,5.42,94.4,128273.48,1585.97
2007,Barley,West Bengal,Whole Year,49.75,1380.9,33.2,374.3,19.67,33.8,21791.5,438.02
2013,Sorghum,Rajasthan,Kharif,260.97,2021.0,15.1,395.1,8.06,42.5,141887.97,543.69
2021,Barley,Tamil Nadu,Zaid,360.47,1387.4,27.8,310.7,13.13,33.4,930702.77,2581.91
2021,Cotton,Tamil Nadu,Rabi,351.25,545.3,20.4,353.8,14.62,70.6,26333.65,74.97
2020,Barley,Bihar,Rabi,226.02,555.9,23.8,285.8,8.73,67.9,314069.48,1389.56
2017,Groundnut,Madhya Pradesh,Whole Year,261.62,2386.9,41.4,109.8,10.95,43.6,572594.25,2188.65
2023,Maize,West Bengal,Whole Year,258.65,769.8,17.3,113.6,5.18,92.2,1064348.79,4115.02
2021,Cotton,Andhra Pradesh,Whole Year,346.09,2095.0,34.5,88.6,9.58,89.4,243268.37,702.9
2008,Barley,Madhya Pradesh,Zaid,24.91,842.8,19.7,380.0,6.56,48.2,17406.71,698.78
2016,Millet,Uttar Pradesh,Zaid,355.24,1247.7,15.2,285.5,11.18,72.8,237470.33,668.48
2013,Wheat,Punjab,Whole Year,291.52,1740.9,28.5,326.5,13.56,85.6,659033.3,2260.68
2023,Sugarcane,Tamil Nadu,Rabi,99.86,649.5,19.4,165.9,12.47,53.4,6251637.49,62604.02
2016,Potato,Punjab,Rabi,25.48,1921.9,41.1,211.1,15.65,46.5,623494.84,24469.97
2013,Barley,Punjab,Rabi,55.16,1817.8,20.5,63.9,1.31,46.7,180394.67,3270.39
2011,Rice,Rajasthan,Zaid,262.82,1494.8,20.2,361.2,2.03,83.3,476309.88,1812.3
2018,Wheat,Gujarat,Kharif,379.45,1545.0,15.9,348.6,4.5,60.1,1041031.44,2743.53
2023,Millet,Tamil Nadu,Rabi,167.99,532.7,23.9,324.7,19.72,76.5,18163.31,108.12
2019,Groundnut,Madhya Pradesh,Rabi,190.18,1259.1,15.7,70.4,16.11,72.3,285763.04,1502.59
2020,Barley,Maharashtra,Rabi,467.14,490.5,28.5,111.0,18.52,49.9,607253.65,1299.94
2009,Potato,Andhra Pradesh,Whole Year,107.29,977.3,28.7,167.0,5.81,43.5,2403881.41,22405.46
2007,Groundnut,Punjab,Zaid,52.77,2280.7,16.4,142.1,11.69,38.2,110348.34,2091.12
2016,Barley,Tamil Nadu,Whole Year,172.36,1564.0,21.5,343.5,11.32,31.6,252086.52,1462.56
2008,Soybean,Bihar,Whole Year,373.22,1933.9,37.5,118.2,11.61,35.3,564809.73,1513.34
2020,Maize,Andhra Pradesh,Kharif,313.41,1562.5,27.5,236.2,14.49,46.7,974578.8,3109.6
2011,Groundnut,Maharashtra,Whole Year,208.48,727.3,26.7,250.0,8.18,76.4,232947.41,1117.36
2017,Maize,Tamil Nadu,Kharif,482.41,1608.6,33.9,198.8,13.71,40.1,1594260.38,3304.78
2014,Wheat,Uttar Pradesh,Whole Year,367.76,1961.9,34.3,134.2,15.87,64.0,1313512.23,3571.66
2011,Sunflower,Punjab,Rabi,31.87,604.5,35.6,386.1,6.14,45.9,12190.91,382.52
2018,Soybean,Maharashtra,Zaid,372.57,2097.2,37.4,194.7,18.94,63.3,504010.76,1352.79
2009,Sugarcane,Uttar Pradesh,Whole Year,13.0,1521.9,21.3,304.6,10.6,78.8,728155.79,56011.98
2007,Cotton,Punjab,Kharif,325.51,309.4,16.8,114.4,14.79,47.3,100319.72,308.19
2015,Maize,Haryana,Zaid,106.03,1443.5,25.3,338.0,14.71,52.6,211939.78,1998.87
2015,Soybean,Madhya Pradesh,Kharif,348.52,1170.5,38.1,125.6,11.52,77.0,440959.38,1265.23
2022,Sunflower,Karnataka,Rabi,155.58,952.2,17.1,286.4,6.79,65.5,178465.02,1147.09
2019,Potato,West Bengal,Whole Year,436.63,1996.8,30.6,227.3,13.51,36.1,12588615.85,28831.31
2016,Maize,Punjab,Zaid,169.12,2278.9,33.9,101.3,2.2,79.3,747106.31,4417.61
2013,Sorghum,Maharashtra,Rabi,310.23,1977.8,28.0,58.7,19.64,48.0,279164.89,899.86
2014,Millet,Maharashtra,Whole Year,143.68,2162.9,21.9,375.8,4.09,55.0,115908.82,806.72
2016,Sugarcane,Karnataka,Whole Year,458.69,2299.3,23.8,94.0,5.87,45.9,50737856.57,110614.7
2021,Millet,Tamil Nadu,Kharif,390.72,2307.8,16.9,296.7,19.11,65.3,278106.74,711.78
2010,Potato,Bihar,Kharif,122.41,552.2,22.9,278.4,4.14,76.0,2504018.06,20455.99
2011,Barley,West Bengal,Rabi,474.45,1304.0,16.2,169.6,3.82,82.2,1388720.27,2927.01
2018,Maize,Andhra Pradesh,Kharif,179.22,300.6,34.6,114.9,16.19,89.9,449302.63,2506.99
2017,Barley,Punjab,Rabi,326.28,1414.2,39.2,112.4,5.4,53.3,1028072.45,3150.89
2012,Rice,Tamil Nadu,Rabi,371.68,2333.3,32.1,254.9,2.35,90.6,1316495.23,3542.01
2014,Maize,Uttar Pradesh,Rabi,12.43,738.0,32.7,241.4,4.92,70.1,36498.81,2936.35
2013,Soybean,Andhra Pradesh,Kharif,479.52,1707.5,27.7,356.6,17.82,55.3,337333.55,703.48
2022,Sugarcane,West Bengal,Zaid,172.88,1717.6,19.2,274.0,5.97,87.7,14715957.59,85122.38
2006,Barley,Tamil Nadu,Rabi,95.7,652.8,15.2,336.7,14.05,67.7,79989.43,835.84
2009,Maize,Gujarat,Zaid,425.5,824.8,24.3,61.3,8.21,59.5,1626710.3,3823.06
2009,Rice,Andhra Pradesh,Whole Year,351.75,1316.4,35.3,284.8,5.61,30.7,656038.9,1865.07
2010,Millet,Rajasthan,Kharif,44.28,714.1,40.9,131.8,3.31,76.6,35914.07,811.07
2023,Soybean,Rajasthan,Kharif,59.41,1587.0,26.6,138.5,19.46,35.0,81467.47,1371.28
2012,Sorghum,Punjab,Zaid,357.88,1366.0,24.9,302.2,10.66,48.8,323831.96,904.86
2020,Maize,Punjab,Whole Year,38.32,1442.2,27.0,327.7,2.74,92.5,80149.48,2091.58
2017,Sorghum,Punjab,Whole Year,458.67,595.8,26.5,180.1,4.38,40.1,458869.93,1000.44
2005,Wheat,West Bengal,Rabi,371.03,1438.0,31.9,326.5,8.44,50.3,875021.49,2358.36
2021,Potato,Bihar,Kharif,168.41,408.9,34.8,205.3,11.11,90.6,2391498.22,14200.45
2011,Sugarcane,Bihar,Whole Year,182.11,2239.4,36.2,350.2,4.05,51.9,8866659.46,48688.48
2017,Maize,Gujarat,Whole Year,253.74,1055.1,32.5,58.7,5.92,51.4,818021.83,3223.86
2008,Groundnut,Tamil Nadu,Rabi,181.12,2183.9,26.8,79.2,15.78,72.1,335585.95,1852.84
2008,Rice,Uttar Pradesh,Rabi,391.95,1843.6,40.7,321.7,8.64,38.5,903361.57,2304.79
2010,Barley,Haryana,Zaid,487.39,1985.6,34.2,268.4,0.53,93.2,1451503.49,2978.12
2023,Sunflower,Maharashtra,Kharif,292.68,992.0,26.5,245.7,1.55,47.9,410298.36,1401.87
2016,Groundnut,Uttar Pradesh,Whole Year,223.57,801.0,27.1,264.9,9.07,81.1,300893.49,1345.86
2011,Wheat,Tamil Nadu,Zaid,112.16,1194.8,37.1,375.6,1.67,48.7,129020.95,1150.33
2014,Sugarcane,Gujarat,Kharif,327.06,353.3,26.9,279.4,3.89,47.9,7221531.17,22080.14
2023,Millet,West Bengal,Zaid,343.1,2321.3,28.9,276.6,14.69,33.7,363185.14,1058.54
2011,Soybean,Andhra Pradesh,Kharif,342.91,1151.4,22.9,315.8,9.87,37.8,286956.69,836.83
2007,Sorghum,Uttar Pradesh,Kharif,14.47,2474.8,37.7,353.3,9.91,63.9,7825.22,540.79
2017,Wheat,Andhra Pradesh,Whole Year,449.66,1975.2,29.1,141.7,12.17,67.5,2193297.51,4877.68
2017,Barley,Haryana,Kharif,169.72,477.1,29.9,265.9,15.88,83.0,256845.34,1513.35
2022,Soybean,Bihar,Rabi,372.34,1752.4,38.8,254.4,3.59,33.9,630225.1,1692.61
2012,Millet,Tamil Nadu,Whole Year,380.14,895.8,39.9,97.2,3.87,53.1,366874.07,965.1
2013,Barley,Madhya Pradesh,Rabi,325.63,836.2,37.3,232.1,2.87,43.0,784913.19,2410.44
2011,Rice,Gujarat,Zaid,198.04,864.4,16.8,74.3,18.77,53.3,405506.96,2047.6
2005,Sorghum,Tamil Nadu,Zaid,304.58,2315.4,27.0,114.7,11.76,53.0,500728.72,1644.0
2007,Sunflower,Maharashtra,Kharif,21.06,1400.0,24.3,369.5,2.31,53.0,23881.76,1133.99
2017,Groundnut,West Bengal,Kharif,381.19,1772.8,20.8,91.7,4.8,50.1,924936.24,2426.44
2021,Maize,Maharashtra,Rabi,50.69,918.1,39.5,252.6,14.65,79.7,92414.82,1823.14
2005,Wheat,Tamil Nadu,Rabi,198.98,1450.5,39.0,163.2,1.07,74.8,678884.78,3411.82
2010,Potato,Maharashtra,Rabi,52.71,1070.2,27.6,244.4,14.65,52.2,1122983.58,21304.94
2010,Maize,Bihar,Zaid,418.7,1006.5,18.6,132.2,18.27,39.5,1138323.85,2718.71
2016,Sunflower,Karnataka,Rabi,275.6,843.3,15.4,205.5,1.6,63.7,342275.85,1241.93
2017,Soybean,Tamil Nadu,Whole Year,345.79,1199.8,26.8,353.6,4.14,89.7,173906.27,502.92
2017,Maize,Gujarat,Whole Year,341.61,1752.1,16.1,181.7,0.55,38.0,1101061.52,3223.15
2019,Groundnut,Uttar Pradesh,Zaid,420.96,788.5,31.5,173.6,2.63,78.9,743579.73,1766.39
2020,Cotton,Gujarat,Rabi,67.15,2424.0,31.4,206.1,12.53,69.0,42477.37,632.57
2015,Soybean,Karnataka,Rabi,330.2,574.1,39.3,85.2,1.37,68.3,448165.68,1357.26
2009,Sorghum,Madhya Pradesh,Kharif,287.99,1356.5,20.1,185.6,8.8,90.8,389271.22,1351.68
2008,Barley,Uttar Pradesh,Whole Year,16.42,487.1,25.0,52.4,10.32,92.1,33668.27,2050.44
2007,Sunflower,Karnataka,Zaid,101.51,349.9,38.2,226.2,18.18,45.8,65338.66,643.67
2023,Sorghum,Uttar Pradesh,Rabi,134.52,2329.9,27.8,346.8,9.75,82.6,127703.28,949.33
2022,Maize,Madhya Pradesh,Kharif,37.21,2082.8,16.6,243.2,3.28,70.4,188891.87,5076.37
2019,Sugarcane,Gujarat,Zaid,178.01,1827.1,18.0,262.7,6.14,56.6,13849238.39,77800.34
2013,Soybean,Madhya Pradesh,Zaid,14.57,2203.4,37.0,60.7,13.61,73.3,21832.18,1498.43
2021,Sunflower,Tamil Nadu,Whole Year,277.04,2066.3,35.1,350.8,2.69,92.1,264467.89,954.62
2018,Barley,Punjab,Rabi,106.54,1723.9,38.6,184.8,5.02,63.6,347719.15,3263.74
2019,Millet,Rajasthan,Zaid,144.21,2164.2,18.2,391.2,19.92,91.1,41598.06,288.45
2005,Rice,Rajasthan,Kharif,455.33,1159.8,35.5,92.2,0.61,71.8,1640519.95,3602.93
2007,Sorghum,Karnataka,Kharif,251.91,1516.1,32.7,380.6,3.47,61.4,157784.57,626.35
2020,Sorghum,Rajasthan,Zaid,135.24,2007.9,21.3,272.0,16.95,71.9,140631.52,1039.87
2015,Soybean,Gujarat,Kharif,299.63,486.6,41.3,68.3,2.48,69.2,454262.8,1516.08
2016,Sugarcane,Andhra Pradesh,Zaid,101.63,2189.0,30.4,390.1,1.16,57.4,4033782.98,39690.87
2014,Maize,Karnataka,Kharif,38.12,645.0,39.5,54.9,2.87,66.6,116417.22,3053.97
2020,Sunflower,Uttar Pradesh,Zaid,11.43,2202.0,38.2,305.7,14.03,75.7,12943.54,1132.42
2012,Maize,Madhya Pradesh,Zaid,475.81,984.9,24.0,361.3,19.87,84.5,485393.09,1020.14
2010,Soybean,Madhya Pradesh,Zaid,362.58,1018.9,29.5,111.5,12.02,49.8,391165.35,1078.84
2016,Sorghum,West Bengal,Kharif,400.17,462.7,26.6,170.2,2.92,31.0,377841.35,944.2
2012,Barley,Maharashtra,Zaid,490.48,2249.0,34.1,246.4,4.08,65.8,1542517.93,3144.92
2008,Sunflower,Gujarat,Whole Year,465.88,683.9,30.9,287.9,10.98,61.8,165626.6,355.51
2012,Rice,Uttar Pradesh,Zaid,368.72,1686.1,36.2,355.2,14.46,33.5,436864.06,1184.81
2022,Sunflower,Andhra Pradesh,Rabi,347.3,1716.7,15.3,316.4,13.43,71.1,227912.06,656.24
2009,Soybean,West Bengal,Rabi,169.09,918.5,33.6,177.2,11.71,91.2,207910.1,1229.58
2013,Barley,Rajasthan,Whole Year,52.9,2468.5,23.6,337.6,19.73,56.1,98205.35,1856.43
2008,Potato,Andhra Pradesh,Zaid,287.29,441.2,21.1,388.1,4.36,88.1,1913345.1,6659.98
2021,Barley,Karnataka,Rabi,288.55,1637.3,36.6,129.4,3.87,82.9,799268.62,2769.95
2013,Millet,Bihar,Zaid,476.17,1355.0,17.4,75.9,17.25,40.5,426460.53,895.61
2005,Sunflower,Madhya Pradesh,Rabi,221.84,840.1,21.2,199.3,6.17,81.2,266616.0,1201.84
2017,Sunflower,Haryana,Kharif,345.71,659.8,20.5,358.5,6.98,63.6,120283.8,347.93
2020,Groundnut,Haryana,Kharif,287.91,1921.6,26.3,102.6,11.2,89.7,692554.28,2405.45
2017,Cotton,Rajasthan,Whole Year,89.2,2315.9,23.7,360.0,7.93,42.3,46921.72,526.03
2018,Rice,Haryana,Whole Year,296.44,536.6,34.5,397.3,6.11,38.1,47584.73,160.52
2007,Wheat,Haryana,Zaid,270.52,726.8,33.9,68.9,18.38,45.7,595372.8,2200.85
2010,Sugarcane,Uttar Pradesh,Whole Year,247.46,2469.8,23.8,223.3,3.02,33.9,30414578.63,122907.05
2022,Cotton,Uttar Pradesh,Zaid,257.2,333.0,26.8,165.1,8.38,50.8,93893.29,365.06
2023,Millet,Maharashtra,Kharif,82.83,1418.2,20.6,187.8,0.56,48.4,79469.0,959.42
2009,Sunflower,Tamil Nadu,Kharif,232.28,1435.4,33.1,208.1,16.25,57.1,275890.83,1187.75
2019,Rice,Rajasthan,Rabi,303.22,879.0,25.7,308.9,3.78,60.1,846714.04,2792.41
2006,Maize,Haryana,Zaid,245.24,1758.7,18.6,257.0,15.57,39.4,628349.09,2562.18
2014,Cotton,Maharashtra,Kharif,244.85,2378.9,18.4,386.4,3.4,70.3,96221.29,392.98
2022,Maize,Rajasthan,Kharif,39.68,1290.5,23.7,166.5,8.63,44.5,136033.97,3428.28
2017,Sugarcane,Haryana,Zaid,96.2,1948.7,35.2,239.5,14.7,37.9,6888723.4,71608.35
2009,Maize,Gujarat,Rabi,161.17,1721.4,15.7,334.7,5.78,76.1,357801.57,2220.03
2005,Sugarcane,Madhya Pradesh,Rabi,210.25,1340.5,22.0,180.6,6.62,31.5,17408229.98,82797.76
2005,Rice,Punjab,Rabi,297.37,409.6,19.4,212.9,13.51,53.9,592761.53,1993.35
2022,Potato,Gujarat,Rabi,431.81,1931.8,40.8,289.7,4.16,39.4,10212698.82,23650.91
2019,Sorghum,West Bengal,Kharif,80.42,1099.2,34.0,351.3,19.06,87.4,28208.48,350.76
2021,Sugarcane,Rajasthan,Zaid,8.53,793.9,21.3,195.5,4.18,83.6,658015.7,77141.35
2015,Barley,Tamil Nadu,Zaid,225.17,2386.2,20.6,236.2,15.12,33.9,590888.1,2624.19
2021,Wheat,West Bengal,Kharif,216.62,2001.7,38.2,391.3,16.15,65.8,143330.82,661.67
2017,Wheat,Maharashtra,Kharif,276.4,2417.0,20.1,64.9,7.8,49.2,1171634.13,4238.91
2005,Soybean,Maharashtra,Kharif,416.78,863.7,41.9,206.9,3.55,42.5,390155.8,936.12
2006,Wheat,Haryana,Whole Year,401.38,2138.7,22.6,272.6,3.74,50.3,1733556.78,4318.99
2013,Soybean,West Bengal,Zaid,50.92,1637.0,17.3,52.9,19.72,83.0,61725.46,1212.2
2007,Sunflower,Madhya Pradesh,Zaid,467.06,2459.3,33.7,258.9,14.65,33.8,649837.64,1391.34
2005,Wheat,Haryana,Zaid,56.1,2381.9,31.5,69.7,9.28,72.1,243644.81,4343.04
2020,Sugarcane,Rajasthan,Rabi,317.65,2440.5,42.0,350.1,5.52,89.4,20351396.19,64068.62
2010,Barley,Maharashtra,Kharif,336.53,2393.9,36.7,332.5,0.87,59.1,808765.63,2403.25
2021,Sorghum,Punjab,Kharif,340.26,316.9,26.6,61.3,13.57,88.6,384055.3,1128.71
2009,Maize,Maharashtra,Kharif,133.41,1930.4,33.3,67.1,19.16,88.9,422350.91,3165.81
2009,Millet,Uttar Pradesh,Whole Year,165.84,898.3,37.1,313.8,2.58,69.6,114909.03,692.89
2010,Wheat,Bihar,Zaid,274.79,1851.1,28.9,179.3,15.21,59.6,857107.23,3119.14
2007,Sorghum,Andhra Pradesh,Kharif,100.59,2457.3,22.4,251.3,3.49,77.9,172567.99,1715.56
2009,Sorghum,Tamil Nadu,Whole Year,11.13,386.6,20.7,144.6,15.95,89.6,10667.95,958.49
2009,Sugarcane,West Bengal,Kharif,281.51,1547.4,23.0,110.5,7.73,74.2,25624769.88,91026.14
2014,Rice,Haryana,Rabi,233.17,1916.9,37.9,153.6,14.39,43.6,664007.08,2847.74
2014,Rice,Andhra Pradesh,Zaid,328.71,857.4,25.3,136.3,18.56,83.3,943978.3,2871.77
2023,Wheat,Andhra Pradesh,Whole Year,74.2,795.3,22.7,206.9,12.59,91.8,242441.44,3267.4
2021,Potato,Gujarat,Kharif,420.62,432.8,36.8,311.3,18.45,56.7,2195318.98,5219.25
2018,Millet,Bihar,Zaid,73.96,506.6,15.9,243.9,5.08,75.3,42799.0,578.68
2013,Wheat,Karnataka,Whole Year,445.78,1744.8,31.0,263.2,19.57,63.7,1427050.51,3201.24
2018,Wheat,Gujarat,Zaid,225.31,1411.5,38.6,214.5,17.52,37.3,564516.74,2505.51
2005,Soybean,Gujarat,Zaid,275.35,366.2,26.1,163.7,2.6,52.7,382168.72,1387.94
2023,Barley,Tamil Nadu,Rabi,448.39,2433.3,22.3,100.2,8.56,40.6,1525371.07,3401.88
2017,Barley,Uttar Pradesh,Zaid,150.66,1743.3,28.3,174.1,18.58,73.8,374716.93,2487.17
2017,Millet,Maharashtra,Whole Year,91.73,1434.0,34.4,282.8,2.02,67.8,98868.73,1077.82
2008,Soybean,Gujarat,Zaid,223.43,900.0,28.9,306.8,9.35,32.2,188981.85,845.82
2005,Sorghum,Rajasthan,Whole Year,122.94,1747.8,15.2,214.2,14.61,34.0,162219.23,1319.5
2021,Sunflower,Maharashtra,Zaid,264.39,1101.2,17.1,275.7,1.15,47.0,230144.43,870.47
2012,Soybean,Uttar Pradesh,Kharif,138.35,1845.5,34.5,123.7,15.18,78.4,164266.7,1187.33
2006,Wheat,Haryana,Rabi,432.38,1801.7,25.8,351.0,7.54,38.2,1218206.52,2817.44
2012,Rice,Karnataka,Kharif,304.05,504.0,36.2,353.1,5.36,43.3,209807.5,690.04
2011,Cotton,Maharashtra,Rabi,1.12,2300.4,32.5,162.1,11.73,89.0,805.51,719.21
2006,Millet,West Bengal,Whole Year,402.93,1371.3,30.7,241.7,11.11,65.5,229983.53,570.78
2007,Sorghum,Tamil Nadu,Rabi,165.78,1164.5,39.3,262.3,17.54,70.4,64209.26,387.32
2022,Sugarcane,Andhra Pradesh,Zaid,160.78,2402.0,15.6,215.4,13.68,59.6,14878214.63,92537.72
2016,Cotton,Madhya Pradesh,Zaid,192.15,1264.1,19.2,368.9,8.73,49.5,43319.63,225.45
2005,Cotton,Bihar,Kharif,315.5,1886.7,31.9,308.9,13.18,46.2,133574.83,423.38
2016,Soybean,Haryana,Rabi,221.59,1741.3,16.8,285.4,15.13,68.3,304277.67,1373.16
2009,Maize,Uttar Pradesh,Whole Year,314.69,663.3,32.4,232.0,18.78,60.6,657835.69,2090.42
2021,Cotton,Gujarat,Whole Year,74.24,2480.5,41.6,79.7,14.23,56.2,63518.03,855.58
2020,Wheat,Rajasthan,Zaid,485.11,1319.9,38.7,87.7,11.11,75.1,1668716.53,3439.87
2019,Groundnut,Rajasthan,Whole Year,365.07,1168.5,31.0,154.7,7.77,56.3,782791.76,2144.22
2019,Rice,Karnataka,Zaid,125.85,2323.1,39.1,124.0,17.88,32.4,453085.73,3600.2
2009,Sunflower,Uttar Pradesh,Zaid,362.36,1464.3,18.1,383.4,15.95,84.6,108539.31,299.53
2018,Rice,Haryana,Zaid,287.94,1851.2,27.3,193.4,2.01,50.7,1064668.86,3697.54
2006,Groundnut,West Bengal,Kharif,55.49,2161.7,26.6,356.8,14.14,91.5,61347.45,1105.56
2015,Barley,Andhra Pradesh,Kharif,89.92,818.1,24.1,336.3,11.01,87.2,142237.76,1581.83
2023,Wheat,Gujarat,Zaid,21.61,672.8,15.0,334.4,2.52,45.2,41712.77,1930.25
2011,Sugarcane,Madhya Pradesh,Zaid,404.81,450.7,39.1,125.5,11.52,92.8,20384715.21,50356.25
2010,Cotton,Bihar,Zaid,276.3,2273.7,36.0,206.6,4.25,85.5,176881.05,640.18
2006,Barley,Tamil Nadu,Whole Year,159.06,740.8,32.6,161.3,14.31,94.0,257023.72,1615.89
2010,Wheat,Punjab,Zaid,64.05,977.1,18.5,389.6,5.93,74.1,45443.66,709.5
2022,Soybean,Punjab,Zaid,242.54,928.8,25.2,356.9,3.43,90.5,147211.72,606.96
2006,Rice,Gujarat,Rabi,263.11,970.1,40.0,137.5,2.1,74.9,660355.25,2509.81
2022,Barley,Haryana,Rabi,351.27,1769.7,31.7,159.7,10.07,85.6,1155413.09,3289.24
2019,Millet,Gujarat,Rabi,485.0,2399.0,31.3,235.1,4.39,69.7,487642.94,1005.45
2023,Cotton,Uttar Pradesh,Rabi,218.04,1024.8,39.7,147.5,17.17,90.4,104144.12,477.64
2006,Cotton,Bihar,Zaid,203.61,1196.8,30.1,338.6,0.56,63.7,119068.35,584.79
2010,Sugarcane,Punjab,Rabi,185.6,1996.5,31.1,336.7,16.95,77.9,9766603.33,52621.79
2005,Maize,Karnataka,Whole Year,413.64,1251.1,24.3,303.5,10.66,89.6,989735.73,2392.75
2019,Millet,Uttar Pradesh,Whole Year,79.0,2337.3,25.0,291.3,18.48,57.5,69508.42,879.85
2014,Cotton,Punjab,Rabi,172.56,1407.1,33.5,241.6,4.49,31.7,79836.25,462.66
2023,Sorghum,West Bengal,Kharif,362.76,1065.0,23.7,171.5,2.49,37.3,497190.0,1370.58
2021,Millet,Bihar,Whole Year,8.83,2437.5,30.1,342.9,12.69,93.2,6970.28,789.39
2009,Cotton,Madhya Pradesh,Whole Year,145.4,1236.7,22.5,350.6,14.28,86.8,38262.0,263.15
2008,Groundnut,Andhra Pradesh,Rabi,321.08,808.6,19.5,67.3,7.77,61.4,418093.07,1302.15
2014,Millet,Rajasthan,Rabi,93.79,690.9,27.3,189.5,0.77,92.5,110505.18,1178.22
2021,Wheat,Uttar Pradesh,Zaid,152.05,2489.4,20.9,59.3,8.44,42.1,755411.33,4968.18
2014,Millet,Rajasthan,Whole Year,243.54,1956.6,39.3,343.8,5.06,37.2,129564.23,532.0
2021,Sunflower,Rajasthan,Rabi,211.59,1199.1,23.2,112.0,7.28,69.1,266260.2,1258.38
2009,Sugarcane,Bihar,Rabi,53.91,2118.0,31.1,285.9,10.38,54.8,3791092.69,70322.62
2006,Soybean,Bihar,Zaid,469.18,1503.0,22.1,175.1,14.2,52.1,799285.74,1703.58
2010,Soybean,Punjab,Whole Year,23.1,998.3,22.0,335.6,19.28,77.7,11371.88,492.29
2006,Soybean,Uttar Pradesh,Rabi,375.12,1935.4,24.5,228.4,3.31,39.8,641919.96,1711.24
2017,Wheat,Andhra Pradesh,Zaid,36.64,1941.0,39.7,163.5,13.76,80.6,125341.61,3420.9
2015,Barley,West Bengal,Rabi,234.18,1400.4,25.6,163.4,5.05,53.4,786573.99,3358.84
2015,Soybean,Maharashtra,Kharif,88.53,399.3,37.2,164.4,4.8,94.1,119197.13,1346.4
2020,Sunflower,Karnataka,Kharif,71.41,469.4,20.3,326.0,12.85,82.6,15637.63,218.98
2015,Rice,Rajasthan,Rabi,63.82,2035.2,16.3,298.9,15.63,72.0,143637.68,2250.67
2023,Wheat,Andhra Pradesh,Whole Year,226.94,2111.6,36.1,161.7,19.57,44.9,790226.8,3482.1
2019,Barley,Bihar,Kharif,258.23,1792.2,29.6,221.6,15.49,92.2,562941.16,2180.0
2020,Rice,Tamil Nadu,Zaid,67.56,2146.0,28.6,76.7,3.57,32.1,260729.72,3859.23
2015,Rice,Tamil Nadu,Rabi,489.72,1882.9,22.3,339.6,4.9,44.5,1128834.59,2305.06
2020,Rice,Maharashtra,Zaid,129.63,2273.3,17.0,143.1,15.35,32.4,397067.58,3063.08
2012,Sorghum,Maharashtra,Kharif,229.96,630.9,28.0,361.2,10.78,92.8,93200.53,405.29
2008,Sugarcane,Maharashtra,Whole Year,108.92,1153.0,38.4,258.9,6.26,86.6,7432385.83,68237.11
2012,Sugarcane,Madhya Pradesh,Zaid,247.47,1321.0,18.2,248.7,9.7,91.9,18896509.55,76358.79
2008,Wheat,Karnataka,Kharif,378.25,954.9,40.1,107.0,18.34,76.5,905524.97,2393.99
2007,Sunflower,Karnataka,Kharif,261.03,1895.8,22.4,74.3,15.23,31.8,289748.91,1110.02
2007,Sunflower,West Bengal,Kharif,143.54,2307.4,29.4,243.4,9.29,90.5,197320.59,1374.67
2022,Sunflower,Rajasthan,Zaid,124.95,1207.5,16.8,213.8,19.62,57.4,96289.27,770.62
2023,Rice,Haryana,Kharif,379.71,2371.4,26.5,91.9,16.0,53.9,1376769.72,3625.85
2023,Potato,Madhya Pradesh,Rabi,60.0,1436.9,18.4,342.5,0.61,48.5,1140836.45,19013.94
2009,Groundnut,Tamil Nadu,Kharif,185.61,1449.5,16.3,196.0,2.69,48.6,441394.35,2378.07
2022,Millet,Punjab,Rabi,76.59,1620.5,41.1,141.2,11.3,82.0,64108.25,837.03
2014,Barley,Punjab,Whole Year,129.73,890.3,34.7,325.9,7.32,46.7,180532.75,1391.6
2010,Sugarcane,Maharashtra,Rabi,77.19,1143.4,34.4,369.6,16.34,44.4,1737606.06,22510.77
2005,Potato,Gujarat,Whole Year,443.5,1517.1,17.4,157.1,17.97,75.4,11559032.34,26063.21
2009,Soybean,Tamil Nadu,Whole Year,366.22,2372.4,40.1,321.6,5.19,48.7,482903.49,1318.62
2013,Wheat,Haryana,Rabi,280.9,1713.9,27.7,278.4,15.38,30.9,764074.83,2720.1
2016,Barley,Madhya Pradesh,Whole Year,112.99,1032.9,38.0,396.4,10.94,90.6,43790.26,387.56
2018,Wheat,Haryana,Rabi,255.6,323.0,15.3,121.4,8.14,50.4,755070.99,2954.11
2006,Groundnut,Punjab,Zaid,260.9,2459.7,23.1,386.2,15.84,79.7,310668.68,1190.76
2021,Sorghum,Gujarat,Whole Year,295.61,1384.6,41.9,160.3,11.52,60.5,394599.26,1334.86
2018,Sorghum,Haryana,Rabi,30.98,2364.7,26.6,194.2,12.89,38.7,52257.58,1686.82
2017,Rice,Tamil Nadu,Whole Year,486.48,1508.6,39.0,175.6,1.71,73.0,1467705.5,3016.99
2013,Sorghum,Rajasthan,Kharif,233.25,1632.0,23.9,144.0,11.92,45.1,255458.68,1095.21
2019,Wheat,Andhra Pradesh,Rabi,463.34,1866.2,29.2,292.6,6.36,48.7,1296015.81,2797.12
2019,Soybean,Gujarat,Kharif,5.89,1006.1,38.1,256.2,10.12,32.1,6081.71,1032.55
2015,Rice,Haryana,Whole Year,124.53,1837.8,31.4,157.0,4.83,31.1,506612.01,4068.19
2020,Cotton,Bihar,Whole Year,52.89,1458.9,34.6,96.3,12.48,63.4,30553.37,577.68
2021,Sunflower,Gujarat,Zaid,385.04,1779.5,21.2,161.1,3.38,33.8,570551.75,1481.8
2008,Barley,Gujarat,Rabi,160.74,2138.8,19.2,183.4,2.9,43.6,472516.78,2939.63
2005,Groundnut,Rajasthan,Kharif,420.41,705.3,21.2,183.2,4.17,90.0,856890.76,2038.23
2012,Rice,Tamil Nadu,Zaid,416.36,1649.8,28.3,175.0,16.44,35.4,1149285.12,2760.32
2021,Wheat,Madhya Pradesh,Whole Year,334.23,414.6,36.6,67.1,1.15,48.9,845386.06,2529.35
2007,Barley,Punjab,Whole Year,333.23,524.7,24.6,212.4,14.73,77.2,607418.95,1822.82
2019,Soybean,Bihar,Zaid,350.38,1784.1,30.3,342.7,1.6,87.5,404359.27,1154.06
2019,Maize,Rajasthan,Kharif,337.21,456.1,36.7,113.1,12.04,33.0,953664.56,2828.1
2018,Groundnut,Haryana,Whole Year,194.07,1609.8,21.4,101.0,15.58,42.1,307502.3,1584.49
2018,Wheat,Maharashtra,Whole Year,341.73,784.0,38.8,215.1,5.01,55.2,1167668.2,3416.93
2006,Groundnut,Rajasthan,Rabi,448.81,969.0,40.7,179.7,4.32,53.5,862586.75,1921.94
2017,Sugarcane,Maharashtra,Zaid,166.95,585.2,16.1,246.4,6.14,48.8,10088769.52,60429.89
2018,Maize,Uttar Pradesh,Whole Year,472.5,847.1,16.6,381.5,14.14,45.7,378172.76,800.37
2023,Barley,Punjab,Kharif,7.78,2106.8,17.5,316.3,5.47,47.5,20566.86,2643.56
2011,Sorghum,Tamil Nadu,Rabi,175.19,1705.5,36.0,290.5,10.28,38.7,147705.6,843.12
2007,Wheat,Andhra Pradesh,Zaid,66.92,2389.5,20.1,195.6,3.12,40.6,282236.96,4217.53
2019,Groundnut,Gujarat,Kharif,64.18,407.2,34.6,150.6,9.49,69.4,79173.25,1233.61
2018,Barley,Maharashtra,Whole Year,407.9,2043.3,26.9,239.1,12.68,49.0,882386.57,2163.24
2015,Sorghum,Andhra Pradesh,Zaid,459.27,1838.0,37.6,359.9,1.9,56.0,405457.37,882.83
2019,Soybean,Andhra Pradesh,Zaid,389.1,874.0,36.8,356.9,16.4,56.8,231642.73,595.33
2017,Soybean,Maharashtra,Kharif,488.33,1904.2,40.9,205.9,18.78,37.1,524789.97,1074.66
2022,Groundnut,Andhra Pradesh,Zaid,108.95,1876.4,21.8,136.2,4.27,83.3,239112.81,2194.7
2010,Rice,Gujarat,Kharif,71.26,1310.6,21.2,128.9,15.31,92.2,196466.51,2757.04
2007,Sugarcane,Madhya Pradesh,Whole Year,260.83,1815.0,15.9,61.9,6.61,47.1,31335693.22,120138.38
2023,Rice,West Bengal,Rabi,414.69,1278.1,26.1,344.9,13.7,49.1,549972.38,1326.23
2019,Sugarcane,Uttar Pradesh,Kharif,20.88,1038.2,27.4,142.7,6.48,75.1,2057188.01,98524.33
2009,Wheat,Maharashtra,Rabi,497.79,1326.3,41.0,175.6,17.32,35.2,1403405.17,2819.27
2014,Sunflower,Gujarat,Zaid,301.52,2269.3,37.4,333.2,7.27,89.0,163215.62,541.31
2011,Cotton,Bihar,Kharif,489.49,1146.1,19.5,92.0,17.05,37.8,237889.86,486.0
2021,Groundnut,Punjab,Whole Year,183.18,1188.1,36.6,211.4,15.44,77.6,285603.54,1559.14
2011,Millet,Maharashtra,Kharif,229.55,1638.5,19.8,92.8,4.33,48.9,253070.1,1102.46
2016,Sunflower,Madhya Pradesh,Kharif,376.43,1956.6,17.1,204.6,3.56,51.0,622849.72,1654.62
2021,Potato,Gujarat,Kharif,396.56,1916.2,37.6,66.5,15.7,39.2,11766514.3,29671.46
2017,Groundnut,Gujarat,Rabi,117.28,343.6,41.4,231.2,8.11,72.0,137642.76,1173.63
2008,Maize,Bihar,Rabi,464.97,1812.3,17.4,328.5,19.01,81.7,742188.4,1596.21
2014,Sorghum,Rajasthan,Zaid,433.84,1291.2,37.0,286.7,18.89,91.8,324350.2,747.63
2007,Maize,West Bengal,Zaid,10.08,1453.0,38.2,228.2,14.02,51.6,29135.55,2890.43
2013,Soybean,Madhya Pradesh,Zaid,65.16,1535.7,18.2,340.1,10.26,70.4,66981.84,1027.96
2017,Sugarcane,Maharashtra,Zaid,248.55,1909.8,22.6,129.7,4.3,57.0,26796944.44,107813.09
2022,Sorghum,Bihar,Kharif,231.02,2128.9,34.8,340.8,17.71,66.3,135214.84,585.29
2019,Sunflower,Tamil Nadu,Rabi,354.49,1721.8,36.8,146.7,2.1,40.6,590915.35,1666.95
2008,Soybean,Gujarat,Rabi,45.77,1540.6,24.6,176.9,7.72,67.8,78542.63,1716.03
2019,Sorghum,Uttar Pradesh,Rabi,322.78,1122.3,19.3,95.0,6.72,85.2,376171.45,1165.41
2006,Rice,Rajasthan,Rabi,308.57,603.3,32.5,85.6,19.19,86.1,454137.57,1471.75
2019,Soybean,Gujarat,Zaid,117.58,2408.9,34.0,376.2,2.8,61.4,119267.45,1014.35
2012,Rice,Maharashtra,Kharif,271.65,1316.1,28.6,116.5,17.86,45.3,626427.82,2306.01
2012,Rice,Haryana,Rabi,111.88,1545.7,18.9,166.7,9.4,84.4,343993.22,3074.66
2021,Sorghum,Gujarat,Whole Year,74.31,1952.4,37.8,235.2,1.43,95.0,108713.13,1462.97
2016,Barley,Karnataka,Kharif,286.99,450.5,32.4,171.8,14.71,54.5,324978.11,1132.37
2023,Maize,Haryana,Whole Year,488.76,2181.0,38.5,354.5,2.47,90.1,1325751.29,2712.48
2014,Soybean,Gujarat,Kharif,119.23,2053.5,40.2,365.3,5.12,93.9,117262.14,983.5
2013,Millet,Andhra Pradesh,Kharif,178.31,2003.7,36.8,164.1,16.09,55.7,154286.64,865.27
2009,Barley,Madhya Pradesh,Kharif,129.03,348.4,40.9,82.2,3.52,76.6,290728.51,2253.19
2010,Potato,Gujarat,Whole Year,133.96,1458.3,40.8,123.6,6.85,67.8,3784109.54,28248.06
2006,Maize,Punjab,Rabi,202.69,419.4,31.7,216.0,7.54,76.9,532520.6,2627.27
2017,Soybean,Andhra Pradesh,Rabi,351.23,1511.9,34.7,151.0,11.98,40.0,632019.65,1799.45
2010,Sunflower,Maharashtra,Whole Year,20.36,1880.6,33.9,208.7,15.9,53.8,25789.12,1266.66
2009,Sugarcane,Uttar Pradesh,Rabi,478.6,568.1,31.8,315.5,5.0,34.1,26416093.84,55194.51
2005,Maize,Haryana,Zaid,24.09,1828.7,15.5,197.2,4.51,69.9,112903.62,4686.74
2010,Millet,Tamil Nadu,Rabi,440.75,1289.0,24.6,118.9,4.83,90.2,514348.84,1166.99
2010,Groundnut,Rajasthan,Zaid,447.29,2085.4,17.7,175.3,7.94,66.4,1140646.98,2550.13
2020,Wheat,Bihar,Zaid,262.72,1473.9,23.1,310.0,10.93,34.6,734608.07,2796.16
2008,Rice,Uttar Pradesh,Zaid,69.36,1039.5,16.9,198.4,0.76,90.5,249231.29,3593.3
2015,Wheat,Andhra Pradesh,Whole Year,283.01,1030.4,39.8,137.3,15.72,38.6,649636.92,2295.46
2013,Barley,Rajasthan,Rabi,314.69,2274.5,27.2,199.6,18.57,87.4,899293.53,2857.71
2007,Groundnut,Haryana,Rabi,429.02,1296.3,20.1,209.2,16.95,76.4,870193.54,2028.33
2023,Rice,Tamil Nadu,Whole Year,275.9,1192.7,30.8,153.7,1.23,71.4,740345.29,2683.38
2012,Soybean,Karnataka,Whole Year,205.94,387.7,20.3,398.5,10.73,68.1,12805.27,62.18
2009,Barley,Karnataka,Rabi,419.31,1101.5,36.7,318.7,16.37,38.5,769322.92,1834.74
2008,Millet,Madhya Pradesh,Whole Year,490.49,2169.2,23.3,292.4,7.21,62.6,472159.69,962.63
2010,Sorghum,Tamil Nadu,Whole Year,322.91,1974.2,23.5,349.2,17.99,42.8,219638.76,680.19
2006,Soybean,Rajasthan,Zaid,437.32,786.0,38.5,283.2,17.79,67.2,339410.88,776.12
2015,Maize,Maharashtra,Whole Year,299.77,1208.7,30.1,326.8,3.26,59.1,856210.0,2856.22
2008,Sorghum,Rajasthan,Zaid,345.2,732.5,39.0,194.4,10.13,74.2,287423.53,832.63
2019,Barley,Madhya Pradesh,Kharif,344.4,2399.3,26.1,225.1,1.0,93.9,1050273.35,3049.57
2010,Maize,Gujarat,Zaid,352.69,1615.9,24.3,66.4,6.0,53.5,1291144.53,3660.85
2021,Millet,Rajasthan,Zaid,161.19,1959.6,28.7,148.2,16.33,70.1,156922.33,973.52
2010,Potato,Maharashtra,Whole Year,288.26,1870.4,16.7,178.8,19.52,86.2,5473256.39,18987.22
2023,Wheat,Uttar Pradesh,Rabi,297.47,2222.1,19.2,268.9,18.31,36.0,828191.77,2784.12
2006,Maize,Haryana,Kharif,158.22,2388.5,20.9,212.5,1.33,82.0,719349.58,4546.51
2019,Wheat,Rajasthan,Kharif,175.58,371.4,37.1,262.7,18.57,45.6,172245.31,981.01
2015,Rice,Bihar,Kharif,381.36,2445.7,34.8,299.7,16.54,65.1,1211739.95,3177.42
2012,Sugarcane,Haryana,Rabi,291.78,2215.2,20.2,65.0,17.42,94.4,26455857.22,90670.56
2023,Cotton,Andhra Pradesh,Kharif,75.46,1142.5,22.5,140.4,18.34,94.0,30385.03,402.66
2017,Soybean,Karnataka,Kharif,418.98,2141.6,40.5,109.8,10.02,50.5,785462.59,1874.7
2016,Cotton,Karnataka,Rabi,441.67,1920.4,17.3,115.6,4.62,38.6,438949.34,993.84
2009,Rice,Maharashtra,Kharif,233.6,2044.9,29.8,226.1,0.91,91.0,840227.95,3596.87
2010,Maize,Andhra Pradesh,Whole Year,105.24,785.5,29.1,309.0,0.96,88.1,258464.55,2455.95
2008,Rice,Karnataka,Whole Year,473.86,1726.8,34.6,145.5,13.03,70.0,1701488.83,3590.7
2023,Sunflower,Madhya Pradesh,Zaid,441.25,357.0,22.1,338.6,7.08,32.1,199308.45,451.69
2005,Cotton,Maharashtra,Zaid,122.95,2166.1,40.2,362.4,10.17,78.8,60681.23,493.54
2021,Cotton,Rajasthan,Zaid,48.7,2392.3,26.1,172.7,3.06,40.5,35354.61,725.97
2016,Potato,Andhra Pradesh,Whole Year,220.89,1756.7,22.7,288.5,19.52,91.3,3713289.52,16810.58
2019,Sunflower,Madhya Pradesh,Whole Year,338.52,1427.9,24.1,91.0,3.03,58.3,497371.16,1469.25
2005,Soybean,Gujarat,Whole Year,88.52,1896.6,24.4,310.4,9.17,70.0,92118.46,1040.65
2018,Sorghum,Gujarat,Zaid,257.09,1018.0,20.4,107.8,9.15,48.3,271848.89,1057.41
2010,Groundnut,Gujarat,Zaid,213.28,1678.1,40.1,290.6,0.67,60.9,368773.06,1729.06
2009,Potato,Uttar Pradesh,Zaid,445.39,1881.7,19.7,197.7,13.52,79.1,12326663.0,27676.11
2015,Rice,Gujarat,Zaid,215.35,613.9,38.8,375.0,11.0,62.0,148715.54,690.58
2008,Sugarcane,Andhra Pradesh,Zaid,267.35,608.1,25.9,212.6,10.2,85.1,13507898.87,50525.15
2017,Groundnut,Punjab,Zaid,477.69,1875.5,22.3,60.8,16.45,76.3,984477.16,2060.91
2015,Sunflower,Karnataka,Whole Year,150.55,1249.9,20.4,218.2,5.2,35.0,193318.88,1284.08
2007,Rice,Gujarat,Rabi,145.21,2256.2,28.6,328.4,17.29,69.4,285392.08,1965.37
2005,Millet,Andhra Pradesh,Rabi,400.0,986.3,33.1,276.5,17.36,69.8,199487.9,498.72
2010,Sunflower,Madhya Pradesh,Zaid,139.49,393.3,39.3,388.2,16.62,54.8,24832.95,178.03
2022,Barley,West Bengal,Rabi,416.1,1729.7,32.6,345.1,7.16,51.0,693561.01,1666.81
2014,Barley,Madhya Pradesh,Rabi,48.67,1805.3,28.1,234.3,3.67,34.1,157553.66,3237.18
2009,Potato,Rajasthan,Whole Year,56.52,1517.9,15.9,122.3,9.77,59.0,1603885.21,28377.3
2014,Cotton,Madhya Pradesh,Zaid,450.76,1803.3,39.7,51.3,5.57,51.9,336025.46,745.46
2016,Barley,Uttar Pradesh,Zaid,270.87,1452.3,39.4,393.2,1.52,91.8,258051.67,952.68
2006,Potato,Haryana,Rabi,359.69,1823.8,25.2,378.4,5.95,73.8,4968233.92,13812.54
2017,Wheat,Maharashtra,Zaid,113.42,396.7,15.8,146.0,9.65,59.9,324605.01,2861.97
2012,Sugarcane,West Bengal,Zaid,83.97,1110.5,34.8,273.4,2.7,79.0,5274560.6,62814.82
2006,Barley,Madhya Pradesh,Zaid,417.64,763.8,36.4,305.2,18.91,80.6,264744.81,633.91
2005,Maize,West Bengal,Zaid,179.95,518.5,29.6,252.3,13.29,61.2,366144.31,2034.7
2009,Wheat,Uttar Pradesh,Rabi,228.06,815.0,25.9,345.0,3.16,34.9,377132.7,1653.66
2013,Groundnut,Maharashtra,Kharif,14.96,720.9,38.0,77.2,16.34,80.7,17716.79,1184.28
2021,Wheat,Uttar Pradesh,Rabi,193.55,2440.9,20.2,363.8,18.6,35.9,392074.46,2025.7
2013,Rice,Gujarat,Whole Year,385.45,930.4,26.9,187.2,5.62,85.1,1048832.75,2721.06
2015,Cotton,Haryana,Kharif,410.82,808.1,15.7,218.2,3.29,51.7,206543.64,502.76
2019,Potato,Maharashtra,Kharif,349.68,2136.7,19.4,205.7,6.79,71.5,9601125.58,27456.89
2010,Soybean,Andhra Pradesh,Kharif,346.4,1222.1,40.4,236.0,16.73,78.1,457062.43,1319.46
2007,Soybean,Madhya Pradesh,Rabi,253.61,1227.2,30.6,259.4,3.91,32.3,409378.59,1614.21
2021,Millet,Madhya Pradesh,Whole Year,269.63,1275.9,36.8,298.6,15.7,55.0,127809.04,474.02
2009,Sugarcane,Karnataka,Rabi,371.57,1216.4,28.1,233.7,14.47,69.3,23335550.34,62802.57
2016,Rice,Uttar Pradesh,Whole Year,124.4,1018.4,37.5,289.7,13.2,85.1,193763.47,1557.58
2022,Soybean,Haryana,Rabi,116.53,929.9,29.6,168.4,8.95,76.7,159835.55,1371.63
2018,Cotton,Rajasthan,Rabi,475.01,2240.3,15.1,377.8,7.65,88.2,174101.63,366.52
2015,Groundnut,Punjab,Rabi,14.82,655.8,39.3,72.6,2.16,35.4,24573.22,1658.11
2013,Soybean,Rajasthan,Kharif,70.59,698.3,19.0,240.9,7.47,34.7,86415.24,1224.19
2006,Maize,Punjab,Rabi,285.6,1557.8,27.2,80.6,12.24,76.4,932923.68,3266.54
2016,Wheat,Tamil Nadu,Whole Year,369.18,1056.0,27.9,205.0,18.02,55.9,917059.79,2484.05
2007,Soybean,Andhra Pradesh,Whole Year,269.41,1227.4,16.3,140.2,16.75,61.3,263133.07,976.7
2007,Rice,Tamil Nadu,Whole Year,178.18,2074.4,16.4,377.9,1.13,69.3,348027.06,1953.23
2005,Barley,Uttar Pradesh,Kharif,489.01,2288.0,35.6,54.6,3.21,94.1,1722512.42,3522.45
2012,Barley,Uttar Pradesh,Rabi,352.22,2039.2,23.1,186.9,17.05,34.4,994144.49,2822.51
2012,Groundnut,Madhya Pradesh,Rabi,415.86,816.8,26.1,323.7,18.82,37.1,402454.93,967.77
2015,Barley,Punjab,Zaid,21.08,2455.9,30.2,116.0,1.59,83.9,75095.6,3562.41
2013,Potato,Maharashtra,Kharif,118.72,1099.0,25.1,335.5,14.17,31.3,821293.81,6917.91
2009,Sunflower,Bihar,Whole Year,187.71,671.9,35.9,350.9,7.63,59.3,87548.27,466.4
2018,Groundnut,Haryana,Whole Year,92.12,1398.9,38.9,297.8,7.6,80.3,111902.6,1214.75
2007,Rice,Gujarat,Rabi,37.38,1895.6,16.6,123.2,13.03,42.7,135211.09,3617.2
2009,Sugarcane,West Bengal,Whole Year,113.32,483.2,32.2,145.2,16.3,42.2,6653390.38,58713.29
2009,Barley,Uttar Pradesh,Rabi,267.28,1695.4,23.6,108.4,5.86,50.2,981229.22,3671.17
2023,Sunflower,Tamil Nadu,Rabi,348.18,2187.8,30.7,114.4,14.25,39.8,532876.04,1530.46
2018,Millet,Tamil Nadu,Zaid,387.24,875.9,28.1,62.8,12.9,74.1,304380.63,786.03
2008,Cotton,Bihar,Kharif,22.43,1824.9,24.0,350.1,10.59,43.0,10167.16,453.28
2017,Wheat,Rajasthan,Rabi,214.57,1179.8,17.6,235.0,12.25,44.7,659818.39,3075.07
2014,Barley,Andhra Pradesh,Rabi,61.98,1211.1,30.1,164.7,0.85,67.4,169955.54,2742.1
2022,Groundnut,Punjab,Rabi,216.17,917.8,18.0,151.4,0.58,92.9,437415.09,2023.48
2012,Rice,West Bengal,Zaid,217.55,1673.7,19.2,240.6,11.23,89.4,646120.02,2969.98
2012,Barley,Punjab,Rabi,249.61,1094.2,41.5,164.3,10.72,86.2,549005.45,2199.45
2011,Soybean,Uttar Pradesh,Kharif,446.52,2128.0,23.6,352.3,1.89,64.5,652620.58,1461.57
2012,Barley,Madhya Pradesh,Kharif,402.74,2418.4,30.8,123.8,10.09,49.4,1576097.61,3913.44
2018,Groundnut,Karnataka,Whole Year,318.72,2357.2,22.4,358.8,15.27,75.9,343739.9,1078.5
2023,Maize,West Bengal,Kharif,442.82,658.9,38.4,282.4,11.05,55.3,847138.93,1913.05
2010,Maize,Rajasthan,Whole Year,339.56,331.2,22.7,384.8,10.59,80.6,156282.34,460.25
2005,Barley,Tamil Nadu,Kharif,409.61,1264.6,24.9,55.3,14.5,31.1,992233.86,2422.39
2019,Wheat,Rajasthan,Whole Year,282.33,1903.5,31.4,70.7,3.85,64.4,1273179.48,4509.54
2005,Rice,Madhya Pradesh,Rabi,263.08,2450.4,38.5,225.3,9.42,51.9,716762.24,2724.5
2021,Millet,Uttar Pradesh,Zaid,362.32,2023.5,37.0,369.3,3.39,46.2,276952.26,764.39
2005,Millet,Karnataka,Zaid,10.82,1577.2,22.1,305.8,10.71,73.0,8869.28,819.71
2019,Barley,Gujarat,Zaid,345.5,358.0,37.4,267.7,12.04,72.8,207586.32,600.83
2006,Barley,West Bengal,Rabi,467.32,2116.2,33.9,61.1,2.87,32.4,1588886.53,3400.0
2018,Maize,Bihar,Zaid,357.26,689.7,41.7,174.0,1.97,91.6,1096560.01,3069.36
2012,Groundnut,Punjab,Kharif,19.36,422.3,40.3,171.0,3.75,53.5,31261.99,1614.77
2012,Wheat,West Bengal,Whole Year,189.56,2170.8,29.4,239.7,11.93,89.6,701759.63,3702.04
2023,Sunflower,Tamil Nadu,Rabi,404.98,1545.8,35.2,140.2,4.2,67.9,590053.1,1456.99
2011,Barley,Punjab,Zaid,479.35,582.8,30.4,143.5,5.87,72.4,1201865.66,2507.28
2023,Millet,Gujarat,Kharif,185.71,1150.4,31.1,267.3,14.2,92.4,106688.01,574.49
2010,Rice,Bihar,Kharif,420.76,488.2,17.7,380.6,5.34,83.4,556272.76,1322.07
2010,Sugarcane,Gujarat,Rabi,432.04,1703.6,15.1,281.1,8.25,39.1,31289408.77,72422.48
2007,Soybean,Bihar,Rabi,62.52,921.3,16.3,283.8,18.61,30.3,45649.27,730.15
2011,Barley,Andhra Pradesh,Zaid,423.05,2205.4,41.1,395.2,16.59,50.1,558009.15,1319.01
2023,Groundnut,Punjab,Whole Year,162.8,1087.2,18.4,103.7,5.48,61.8,304475.07,1870.24
2012,Barley,Haryana,Zaid,297.03,1388.2,16.2,61.8,12.15,77.6,898206.96,3023.96
2014,Groundnut,Karnataka,Zaid,269.94,439.8,23.4,310.9,13.48,73.0,105633.43,391.32
2019,Wheat,Haryana,Rabi,331.86,906.3,30.9,203.6,18.05,50.3,1013156.63,3052.96
2019,Sugarcane,Gujarat,Zaid,370.49,1788.9,40.6,200.1,11.18,65.2,34022554.92,91831.24
2005,Cotton,Punjab,Zaid,221.0,1919.8,33.9,128.9,11.45,72.3,115096.47,520.8
2011,Potato,Andhra Pradesh,Whole Year,444.27,834.2,22.5,227.4,17.82,63.4,6735470.28,15160.76
2008,Rice,West Bengal,Kharif,404.94,1408.4,40.4,204.8,1.56,74.8,1304322.81,3221.03
2010,Rice,West Bengal,Kharif,392.93,2098.6,16.0,170.9,12.75,61.5,1430178.59,3639.78
2005,Groundnut,West Bengal,Whole Year,229.67,1135.8,41.4,205.0,8.62,64.4,410199.93,1786.04
2009,Maize,Madhya Pradesh,Kharif,19.75,594.3,16.6,184.3,18.24,91.2,29527.17,1495.05
2005,Groundnut,Andhra Pradesh,Zaid,246.64,1250.1,35.4,379.0,19.23,55.3,81394.05,330.01
2008,Maize,Madhya Pradesh,Whole Year,449.32,1621.4,16.2,393.1,3.82,79.1,530866.32,1181.49
2006,Potato,Uttar Pradesh,Whole Year,96.03,316.3,40.2,344.0,5.99,51.8,425140.95,4427.17
2014,Sorghum,Punjab,Rabi,491.31,1066.8,17.9,396.6,5.83,51.6,232334.39,472.89
2009,Millet,Haryana,Kharif,404.04,1636.4,16.4,143.0,2.46,90.2,425958.24,1054.25
2014,Sunflower,Karnataka,Rabi,355.21,2394.2,39.0,345.0,9.92,75.4,343858.66,968.04
2005,Potato,Gujarat,Zaid,338.9,1198.8,17.6,192.3,10.51,90.4,6938533.11,20473.69
2010,Rice,Karnataka,Whole Year,293.93,658.5,36.5,311.1,11.67,94.6,480545.39,1634.9
2017,Sunflower,Gujarat,Zaid,360.61,1475.3,35.2,120.5,13.43,30.0,354087.25,981.91
2019,Wheat,Punjab,Kharif,211.53,928.7,31.2,334.2,1.73,93.9,583650.91,2759.19
2008,Groundnut,Punjab,Rabi,422.8,772.5,25.2,79.2,12.64,36.6,821874.3,1943.88
2017,Wheat,Rajasthan,Kharif,348.48,1598.9,39.7,144.7,18.32,34.6,1187135.53,3406.61
2019,Sugarcane,Haryana,Zaid,385.86,2314.9,38.5,337.7,9.37,79.9,25419387.73,65877.23
2012,Wheat,Tamil Nadu,Rabi,396.45,2137.5,26.5,311.5,2.58,52.8,1095637.6,2763.62
2009,Barley,Gujarat,Kharif,46.94,701.0,21.3,225.4,2.18,89.7,120705.5,2571.48
2019,Millet,Maharashtra,Zaid,28.76,1984.9,22.4,285.5,5.99,65.4,31219.6,1085.52
2008,Barley,Tamil Nadu,Kharif,400.69,805.7,20.9,115.0,15.17,55.1,890574.92,2222.6
2016,Potato,West Bengal,Whole Year,130.43,939.5,29.6,283.7,5.59,34.8,2057107.69,15771.74
2017,Soybean,Karnataka,Rabi,291.4,2324.1,38.5,52.8,16.38,60.2,535647.16,1838.19
2006,Groundnut,Bihar,Rabi,222.41,2304.3,35.9,341.6,16.48,48.1,213175.49,958.48
2023,Rice,Bihar,Rabi,12.0,671.0,36.5,230.7,9.41,35.0,29902.9,2491.91
2023,Sunflower,Punjab,Whole Year,21.1,441.2,27.1,380.4,6.37,73.6,8748.12,414.6
2008,Groundnut,Maharashtra,Rabi,413.74,944.9,23.7,217.4,12.15,93.5,598033.68,1445.43
2008,Millet,Gujarat,Whole Year,304.23,1579.9,35.4,201.6,16.31,54.6,342295.57,1125.12
2015,Cotton,Uttar Pradesh,Rabi,262.4,2229.2,36.4,207.5,1.76,49.3,206821.96,788.19
2009,Sunflower,Gujarat,Kharif,472.23,561.4,33.8,175.9,19.09,35.8,430373.94,911.37
2015,Cotton,Bihar,Kharif,87.38,1212.9,15.9,108.3,13.1,44.5,51852.53,593.41
2014,Soybean,Karnataka,Kharif,129.73,897.8,30.9,344.7,8.26,48.5,92121.3,710.1
2012,Millet,Gujarat,Kharif,378.61,332.8,24.4,186.2,10.37,52.4,271884.85,718.11
2010,Sorghum,Gujarat,Whole Year,387.84,2034.6,20.3,235.2,8.02,71.2,556073.01,1433.77
2010,Sorghum,Andhra Pradesh,Zaid,203.04,2089.2,33.7,57.0,8.55,37.5,297474.21,1465.1
2012,Sorghum,Haryana,Zaid,475.54,786.7,22.3,71.1,12.11,33.8,373369.9,785.15
2019,Rice,Tamil Nadu,Kharif,469.19,632.7,39.6,259.0,1.67,90.5,860822.6,1834.7
2018,Rice,Uttar Pradesh,Zaid,7.19,618.0,23.0,357.7,3.92,81.9,12503.88,1739.07
2015,Sorghum,Punjab,Zaid,86.99,1320.7,30.0,222.7,4.93,48.1,115668.26,1329.67
2016,Cotton,Gujarat,Rabi,410.29,842.3,37.3,107.7,8.45,71.5,185529.91,452.19
2017,Millet,Uttar Pradesh,Whole Year,168.27,1425.0,25.9,90.6,7.74,68.5,172489.48,1025.08
2012,Wheat,Rajasthan,Kharif,48.64,1146.7,37.4,364.9,14.58,78.3,34222.89,703.6
2022,Millet,Gujarat,Zaid,392.71,764.0,34.5,295.6,5.55,85.9,301295.5,767.22
2005,Potato,Madhya Pradesh,Zaid,227.84,1952.6,39.9,388.2,1.61,53.3,2017977.4,8856.99
2019,Sorghum,Madhya Pradesh,Kharif,246.71,630.8,23.8,78.8,1.58,73.0,283496.52,1149.11
2012,Millet,Andhra Pradesh,Rabi,94.0,2057.6,17.8,365.9,0.72,82.1,70369.18,748.61
2015,Sugarcane,Madhya Pradesh,Kharif,330.79,1535.2,26.6,346.0,1.24,75.5,16162650.39,48860.76
2016,Rice,Andhra Pradesh,Rabi,276.07,2130.5,36.2,362.6,17.24,89.9,417616.65,1512.72
2016,Rice,Maharashtra,Zaid,104.13,310.5,27.2,52.0,14.1,62.2,184699.78,1773.74
2008,Cotton,West Bengal,Whole Year,170.83,1948.2,22.1,309.7,19.92,82.2,59076.36,345.82
2020,Wheat,Karnataka,Rabi,298.84,413.3,15.7,242.1,0.9,89.1,746924.59,2499.41
2008,Sorghum,Tamil Nadu,Rabi,462.51,2390.2,23.5,250.6,17.06,66.2,558202.63,1206.9
2009,Groundnut,Rajasthan,Kharif,460.27,1846.0,34.3,214.2,14.07,31.1,734833.65,1596.53
2009,Sunflower,Karnataka,Zaid,144.67,1004.4,19.0,309.9,12.99,83.2,104275.44,720.78
2012,Cotton,Madhya Pradesh,Whole Year,368.07,1003.7,24.2,399.9,7.45,85.0,97823.8,265.77
2014,Cotton,Karnataka,Kharif,387.98,2195.3,15.5,298.7,7.85,56.0,240890.84,620.88
2021,Wheat,Maharashtra,Kharif,404.6,2286.2,34.5,287.3,16.99,44.9,1489671.59,3681.84
2013,Barley,Andhra Pradesh,Whole Year,285.81,2261.5,38.8,279.1,14.41,93.6,641503.97,2244.51
2023,Sorghum,Haryana,Zaid,6.24,2079.2,30.4,293.3,13.57,65.9,6327.61,1014.04
2018,Groundnut,Uttar Pradesh,Whole Year,381.08,2101.9,15.7,169.7,1.1,63.6,913547.55,2397.26
2012,Rice,Punjab,Kharif,54.19,1560.1,20.9,162.1,4.09,91.5,159411.94,2941.72
2013,Wheat,Haryana,Kharif,59.32,362.1,26.8,324.5,19.27,56.5,81214.74,1369.1
2015,Groundnut,Haryana,Rabi,303.21,490.9,30.9,68.6,9.36,85.1,425246.62,1402.48
2005,Sugarcane,West Bengal,Whole Year,491.78,1729.0,28.4,315.7,15.74,75.5,27470570.67,55859.47
2018,Cotton,West Bengal,Whole Year,122.03,1182.6,39.7,334.8,8.09,92.9,40193.85,329.38
2009,Wheat,Haryana,Whole Year,323.26,1548.1,40.3,232.6,15.4,57.9,787199.67,2435.19
2018,Rice,Andhra Pradesh,Kharif,152.52,808.4,17.9,368.6,2.82,89.0,145867.29,956.38
2008,Millet,Karnataka,Zaid,449.46,1728.7,18.7,215.6,1.32,67.0,522852.78,1163.29
2005,Rice,Uttar Pradesh,Kharif,297.16,834.2,24.7,112.3,9.59,60.9,905907.76,3048.55
2023,Sugarcane,Karnataka,Rabi,104.53,1313.8,26.4,176.5,12.04,49.9,11151189.28,106679.32
2012,Wheat,Karnataka,Kharif,131.8,1353.2,30.8,367.1,6.81,65.9,251027.91,1904.61
2019,Sunflower,Karnataka,Kharif,216.81,690.9,35.9,397.8,14.46,67.2,24425.74,112.66
2019,Sugarcane,Uttar Pradesh,Kharif,61.9,2227.7,18.7,197.6,10.17,88.4,7606346.93,122881.21
2013,Sorghum,Uttar Pradesh,Rabi,40.29,1456.8,36.7,108.4,18.6,75.8,44287.67,1099.22
2013,Sorghum,Maharashtra,Whole Year,340.35,2206.9,31.5,150.2,2.16,83.7,576433.37,1693.65
2014,Sunflower,Tamil Nadu,Zaid,204.18,877.6,41.5,243.7,1.8,80.0,116519.22,570.67
2013,Potato,Bihar,Zaid,363.39,679.1,32.6,250.2,18.15,48.0,4223622.71,11622.84
2007,Millet,Bihar,Rabi,55.92,339.6,34.3,270.5,13.55,43.4,25846.47,462.2
2015,Sunflower,Bihar,Whole Year,305.32,506.5,20.3,342.4,13.59,46.8,77697.62,254.48
2010,Potato,Haryana,Whole Year,222.21,624.4,35.8,298.9,1.04,39.5,3532702.3,15898.03
2006,Cotton,Gujarat,Rabi,29.94,473.5,17.1,141.3,18.78,55.1,13146.57,439.1
2011,Barley,Maharashtra,Kharif,272.86,2273.1,32.7,188.3,15.55,72.5,873125.85,3199.9
2022,Maize,Maharashtra,Whole Year,42.32,2305.2,16.5,343.9,15.4,64.9,93295.64,2204.53
2006,Groundnut,Punjab,Zaid,414.03,2362.2,18.1,271.7,18.28,74.1,525171.37,1268.44
2021,Sugarcane,Gujarat,Rabi,316.35,2411.7,17.9,108.2,11.77,53.1,33867541.4,107057.19
2015,Groundnut,West Bengal,Zaid,278.93,1382.0,16.4,163.9,8.2,43.3,485647.95,1741.11
2016,Millet,Punjab,Kharif,67.6,1466.1,23.7,326.9,9.87,43.2,37827.92,559.58
2023,Groundnut,West Bengal,Rabi,144.44,587.8,41.8,110.2,15.66,69.1,162876.72,1127.64
2011,Groundnut,Tamil Nadu,Zaid,246.95,601.5,24.4,291.9,15.49,40.7,201649.13,816.56
2010,Potato,Rajasthan,Zaid,317.01,2000.1,35.5,247.2,12.39,55.8,6960504.63,21956.74
2005,Rice,West Bengal,Kharif,92.43,2182.6,18.6,101.6,4.75,43.8,352891.14,3817.93
2021,Wheat,Karnataka,Rabi,5.42,2026.4,27.3,291.1,16.47,73.1,19609.97,3618.08
2015,Cotton,West Bengal,Whole Year,173.04,2136.1,20.0,99.8,13.12,70.0,127042.32,734.18
2022,Maize,Madhya Pradesh,Whole Year,241.95,908.5,20.2,189.5,4.81,54.8,805359.97,3328.62
2021,Wheat,Gujarat,Zaid,93.03,1325.3,17.7,158.0,9.87,38.4,350507.89,3767.69
2011,Rice,Bihar,Kharif,246.59,1310.2,26.7,291.5,19.95,43.8,310818.79,1260.47
2021,Groundnut,Bihar,Zaid,169.9,2489.6,17.0,323.8,6.9,60.7,326254.63,1920.27
2013,Maize,Uttar Pradesh,Kharif,228.09,2388.2,39.6,108.9,2.77,93.2,1342451.23,5885.62
2021,Rice,Gujarat,Whole Year,174.38,1616.7,27.1,334.2,0.92,47.6,371756.8,2131.88
2012,Potato,Tamil Nadu,Zaid,314.61,603.5,37.6,52.5,4.1,42.4,5973114.27,18985.77
2021,Rice,Bihar,Zaid,22.41,868.9,41.4,235.5,4.15,44.3,47494.02,2119.32
2011,Potato,Maharashtra,Kharif,86.28,1100.3,33.3,230.9,17.23,76.0,1511602.13,17519.73
2005,Rice,Karnataka,Rabi,216.94,2221.1,39.3,268.3,3.55,89.5,677240.23,3121.79
2017,Sorghum,Rajasthan,Kharif,178.79,675.4,18.7,133.9,17.32,34.9,143834.22,804.49
2023,Maize,Tamil Nadu,Rabi,196.42,783.4,37.4,53.4,2.19,78.7,678335.4,3453.49
2023,Sunflower,Maharashtra,Whole Year,402.08,1068.6,22.3,209.2,18.18,62.1,428534.67,1065.79
2021,Rice,Andhra Pradesh,Zaid,443.28,2339.2,27.8,75.0,5.5,83.6,2040098.09,4602.28
2017,Barley,Gujarat,Zaid,125.09,1408.4,32.5,362.3,12.42,57.4,146613.53,1172.06
2020,Groundnut,Madhya Pradesh,Kharif,418.36,1723.0,39.4,110.8,3.61,30.3,874422.42,2090.12
2012,Maize,Tamil Nadu,Kharif,229.94,1151.9,39.6,198.8,8.11,74.4,627513.94,2729.03
2023,Sorghum,Gujarat,Whole Year,137.64,714.7,17.5,201.9,2.17,82.5,155182.63,1127.45
2022,Sugarcane,Rajasthan,Whole Year,492.74,790.2,24.8,243.5,11.8,88.6,25412782.93,51574.43
2005,Sugarcane,Maharashtra,Rabi,412.58,2065.9,36.4,323.9,7.24,67.0,32427230.08,78596.22
2018,Cotton,Gujarat,Whole Year,497.13,2265.7,34.0,215.3,17.12,37.9,325183.82,654.12
2023,Soybean,Uttar Pradesh,Whole Year,84.93,1384.8,15.7,59.0,4.05,54.0,138419.67,1629.81
2019,Barley,West Bengal,Whole Year,72.78,1085.4,27.1,319.9,5.96,81.0,118717.9,1631.19
2022,Sugarcane,Punjab,Whole Year,252.19,2077.2,37.4,78.8,3.96,62.1,31091640.86,123286.57
2006,Sorghum,Rajasthan,Rabi,319.68,1780.8,34.9,274.5,11.49,75.5,293695.91,918.72
2021,Soybean,Punjab,Whole Year,86.36,389.9,26.1,331.2,2.68,30.3,50811.04,588.36
2022,Rice,Haryana,Rabi,430.35,1071.6,34.8,148.9,4.19,34.7,1258122.48,2923.49
2010,Rice,West Bengal,Kharif,266.47,1800.8,29.9,207.2,13.73,74.3,883187.67,3314.4
2023,Millet,Rajasthan,Zaid,206.06,1562.1,39.6,55.0,1.95,48.9,260184.92,1262.67
2008,Groundnut,Tamil Nadu,Kharif,301.42,2451.7,30.9,331.4,14.99,55.2,497482.58,1650.46
2005,Soybean,Uttar Pradesh,Whole Year,317.84,2205.5,25.8,296.1,2.53,71.7,427967.87,1346.49
2012,Groundnut,Tamil Nadu,Zaid,22.35,431.4,38.3,131.0,11.92,37.3,28148.45,1259.44
2011,Sorghum,Andhra Pradesh,Whole Year,499.95,1896.7,16.3,186.6,19.96,84.1,517764.73,1035.63
2007,Barley,Haryana,Whole Year,182.6,1039.9,39.3,293.4,3.89,39.4,352198.77,1928.8
2014,Potato,Uttar Pradesh,Kharif,31.71,1800.6,33.8,175.4,5.59,77.7,849656.2,26794.58
2014,Soybean,Madhya Pradesh,Whole Year,426.31,1657.9,40.4,106.8,18.02,49.0,613263.51,1438.54
2023,Sugarcane,Bihar,Kharif,496.52,1406.7,21.8,231.5,12.71,46.9,34567973.84,69620.51
2018,Barley,Gujarat,Whole Year,408.36,2176.5,33.8,303.2,10.1,83.4,829600.22,2031.54
2006,Millet,Gujarat,Rabi,426.09,1859.1,36.9,162.3,11.47,65.9,499956.73,1173.36
2005,Sunflower,Bihar,Zaid,313.34,2257.0,34.0,92.6,6.26,43.4,536518.66,1712.26
2022,Groundnut,Karnataka,Kharif,461.24,919.5,20.7,340.3,17.18,30.2,376717.53,816.75
2011,Groundnut,Gujarat,Kharif,18.83,1065.9,22.4,138.5,15.03,93.2,25578.06,1358.37
2012,Barley,Maharashtra,Zaid,383.6,1668.3,30.3,229.5,13.03,58.0,823855.11,2147.69
2005,Rice,Haryana,Kharif,335.68,2426.2,27.1,292.0,18.67,55.8,734021.61,2186.67
2007,Groundnut,Maharashtra,Zaid,25.74,1117.5,34.8,161.0,11.77,33.3,36622.99,1422.8
2012,Millet,Bihar,Rabi,272.44,371.0,25.2,277.0,10.48,88.1,127468.73,467.88
2019,Sugarcane,West Bengal,Whole Year,258.02,1281.0,38.2,210.9,19.53,39.1,13077931.35,50685.73
2009,Maize,Karnataka,Rabi,346.08,1496.6,26.7,249.7,4.52,51.8,1174064.87,3392.47
2007,Sugarcane,Karnataka,Whole Year,39.69,2062.2,16.1,256.7,3.27,57.4,3247178.58,81813.52
2023,Sugarcane,Bihar,Zaid,402.83,1902.9,15.5,338.5,3.66,82.7,23129399.29,57417.27
2005,Groundnut,Bihar,Rabi,70.56,2422.3,32.5,279.7,19.79,53.4,112779.21,1598.34
2019,Sunflower,Gujarat,Whole Year,209.91,2021.9,29.6,142.5,13.22,64.5,386126.86,1839.49
2012,Wheat,Uttar Pradesh,Zaid,440.76,957.0,29.7,70.9,6.47,57.9,1684250.93,3821.24
2006,Potato,West Bengal,Whole Year,280.71,1711.0,36.3,50.7,5.36,50.3,8007679.95,28526.52
2007,Rice,Andhra Pradesh,Kharif,190.42,1778.9,25.1,366.5,1.6,91.5,404792.53,2125.79
2018,Potato,Haryana,Kharif,25.05,2495.6,41.9,379.7,3.07,81.8,269953.16,10776.57
2018,Groundnut,Haryana,Zaid,336.46,605.2,40.5,82.9,18.21,41.3,368166.08,1094.23
2015,Potato,Rajasthan,Whole Year,493.29,720.9,15.3,220.5,15.07,66.1,6109906.26,12386.03
2020,Rice,Tamil Nadu,Kharif,455.99,642.1,39.2,103.1,18.86,81.8,1056506.21,2316.95
2008,Sorghum,Gujarat,Rabi,358.93,1595.9,33.4,382.1,8.76,67.7,272625.91,759.55
2009,Wheat,Rajasthan,Whole Year,53.54,597.7,28.6,136.4,12.22,62.1,136401.3,2547.65
2018,Potato,Andhra Pradesh,Whole Year,120.48,1743.2,30.7,225.6,9.93,34.7,2907031.16,24128.74
2020,Groundnut,Karnataka,Kharif,94.24,2068.3,37.7,108.0,17.69,36.9,146305.12,1552.47
2022,Cotton,Bihar,Kharif,178.38,1252.1,40.7,166.5,19.83,45.9,89372.29,501.02
2011,Potato,Punjab,Zaid,118.52,1533.5,30.1,143.4,18.69,63.4,3090236.29,26073.54
2014,Sugarcane,Bihar,Whole Year,122.98,2308.0,19.9,216.4,12.16,94.2,12466595.76,101370.92
2011,Sorghum,Andhra Pradesh,Rabi,308.75,1553.0,32.3,196.9,1.71,82.1,436187.6,1412.75
2005,Wheat,Andhra Pradesh,Kharif,160.03,758.9,17.1,165.8,12.54,37.2,455117.08,2843.95
2023,Groundnut,Uttar Pradesh,Whole Year,338.9,1055.0,32.1,87.1,2.39,76.6,696540.2,2055.3
2020,Millet,Uttar Pradesh,Kharif,474.0,1465.7,36.8,219.6,3.21,82.7,444961.41,938.74
2023,Barley,Uttar Pradesh,Zaid,319.6,640.8,24.5,347.6,4.23,56.9,375247.08,1174.11
2008,Barley,Uttar Pradesh,Whole Year,376.08,1647.5,16.9,305.6,7.59,51.5,932371.13,2479.18
2022,Rice,Tamil Nadu,Whole Year,376.04,2498.3,33.7,302.2,12.04,68.0,1156440.82,3075.31
2006,Potato,Gujarat,Zaid,166.02,1735.6,24.2,178.1,7.0,63.7,4403276.23,26522.56
2005,Wheat,Madhya Pradesh,Rabi,8.46,1119.3,21.7,297.9,9.32,47.2,27803.66,3286.48
2019,Sugarcane,Haryana,Kharif,28.47,1029.8,33.6,212.9,1.42,55.8,2117791.37,74386.77
2009,Sugarcane,Gujarat,Zaid,141.75,2349.5,41.2,102.6,12.59,65.4,16679830.42,117670.76
2015,Sunflower,Gujarat,Whole Year,345.08,2217.3,35.1,196.7,13.31,67.7,421162.74,1220.48
2014,Maize,Haryana,Zaid,453.43,1339.2,28.3,96.5,2.44,64.6,1774999.48,3914.61
2006,Barley,Uttar Pradesh,Whole Year,479.44,1077.5,31.2,90.1,15.81,85.0,1173266.11,2447.16
2007,Potato,Gujarat,Zaid,13.9,1863.0,18.8,58.1,13.13,32.1,380561.58,27378.53
2016,Sorghum,Bihar,Rabi,495.05,991.9,37.0,149.0,10.05,51.6,534673.54,1080.04
2009,Wheat,Tamil Nadu,Whole Year,161.93,562.7,31.3,165.8,11.28,78.7,547906.65,3383.6
2009,Sugarcane,Uttar Pradesh,Zaid,421.64,982.3,41.1,294.8,10.31,72.4,21085151.73,50007.47
2010,Maize,Tamil Nadu,Rabi,90.97,1255.5,41.4,238.3,1.55,89.7,297410.86,3269.33
2013,Wheat,Rajasthan,Rabi,32.39,861.9,24.6,350.5,14.84,68.2,32972.53,1017.98
2006,Potato,Madhya Pradesh,Kharif,189.8,777.0,41.7,111.8,10.48,71.5,4092265.22,21560.93
2016,Soybean,Gujarat,Whole Year,429.6,313.5,40.8,143.1,3.87,75.8,450463.28,1048.56
2007,Sugarcane,Bihar,Kharif,111.19,1687.9,32.3,379.4,13.77,42.1,5045946.95,45381.3
2016,Soybean,Madhya Pradesh,Rabi,77.82,1651.8,24.0,205.4,14.05,79.0,131648.28,1691.7
2021,Wheat,Maharashtra,Kharif,454.99,713.7,35.3,326.2,4.66,49.5,843636.36,1854.19
2014,Potato,Tamil Nadu,Kharif,469.23,2376.0,22.3,222.3,16.03,57.6,13083981.59,27883.94
2018,Sugarcane,Rajasthan,Zaid,7.26,1201.1,32.0,214.9,9.4,30.9,565589.64,77904.91
2021,Sunflower,West Bengal,Kharif,363.99,356.1,15.7,101.8,4.02,84.8,409530.84,1125.12
2022,Soybean,West Bengal,Rabi,155.29,783.5,32.0,347.9,13.32,92.0,65423.88,421.3
2023,Cotton,Rajasthan,Kharif,187.98,1822.5,40.7,77.4,12.14,33.9,100745.96,535.94
2021,Maize,Karnataka,Whole Year,235.08,743.6,21.3,158.6,3.82,71.3,708348.62,3013.22
2018,Sorghum,Karnataka,Zaid,213.97,418.6,36.0,285.7,17.51,92.5,93082.44,435.03
2013,Barley,Uttar Pradesh,Rabi,257.97,1659.0,22.9,227.5,17.16,69.4,729755.45,2828.84
2012,Maize,Karnataka,Kharif,291.6,1440.4,34.1,358.5,16.81,81.9,398558.43,1366.8
2006,Soybean,West Bengal,Whole Year,233.33,1974.8,33.9,63.8,8.28,37.7,446715.64,1914.52
2017,Sugarcane,Bihar,Rabi,351.08,1999.8,20.0,277.3,16.58,45.9,18249496.71,51981.02
2011,Sunflower,Karnataka,Kharif,359.58,2411.9,31.1,217.1,16.97,52.5,589546.17,1639.54
2013,Cotton,Maharashtra,Zaid,220.74,425.4,38.2,104.0,19.93,93.8,87790.44,397.71
2015,Sunflower,West Bengal,Kharif,72.09,385.8,25.3,310.1,19.17,80.8,43123.99,598.2
2018,Cotton,Tamil Nadu,Rabi,320.68,2471.8,34.2,194.0,7.97,87.6,194062.99,605.16
2008,Barley,Andhra Pradesh,Rabi,386.71,1718.7,33.2,236.1,4.36,61.7,1022654.95,2644.5
2017,Sunflower,Karnataka,Rabi,319.42,1873.8,22.0,388.5,6.2,76.6,182193.22,570.39
2006,Cotton,Karnataka,Whole Year,294.44,512.3,39.8,220.2,10.15,77.6,127310.89,432.38
2009,Sunflower,Gujarat,Kharif,115.48,453.6,30.2,338.2,16.21,67.0,46867.83,405.85
2015,Maize,Haryana,Kharif,322.92,652.6,24.6,319.4,14.6,87.1,595490.48,1844.08
2010,Groundnut,Maharashtra,Kharif,168.09,1239.8,19.4,282.0,15.86,40.3,179178.87,1065.97
2022,Cotton,West Bengal,Zaid,459.86,542.4,27.8,363.9,7.91,33.7,115692.22,251.58
2014,Barley,West Bengal,Whole Year,327.21,1281.9,34.7,138.1,5.31,49.8,912292.8,2788.1
2008,Cotton,Madhya Pradesh,Whole Year,139.81,1535.4,31.8,337.3,0.97,35.7,75923.0,543.04
2013,Cotton,Punjab,Zaid,236.99,300.7,34.6,182.2,12.71,33.9,103774.04,437.88
2010,Millet,Haryana,Whole Year,423.44,551.3,36.4,334.4,16.0,57.2,58636.01,138.48
2006,Maize,Karnataka,Zaid,168.4,1125.4,26.9,222.8,17.84,43.0,449987.12,2672.13
2021,Soybean,Rajasthan,Rabi,263.19,417.3,29.0,350.2,9.79,81.4,49182.08,186.87
2009,Rice,Gujarat,Rabi,340.16,593.8,41.6,363.2,18.59,67.7,192766.86,566.69
2010,Groundnut,Madhya Pradesh,Whole Year,377.51,810.0,41.1,259.2,4.45,53.4,531894.74,1408.96
2016,Cotton,Bihar,Rabi,87.77,1245.1,26.2,227.7,10.53,48.6,52376.07,596.74
2014,Sorghum,Madhya Pradesh,Rabi,283.01,1872.6,33.5,324.1,4.67,66.6,316679.9,1118.97
2010,Cotton,Tamil Nadu,Rabi,456.19,591.9,22.2,143.4,4.17,58.2,269266.93,590.25
2012,Millet,Gujarat,Kharif,484.21,1923.5,19.1,55.4,19.09,33.6,386401.48,798.0
2006,Sunflower,Karnataka,Rabi,328.42,2181.1,35.7,192.5,16.45,73.2,497641.55,1515.26
2016,Soybean,Punjab,Kharif,491.85,1733.3,26.8,227.7,0.73,62.5,775499.43,1576.7
2017,Sorghum,Andhra Pradesh,Zaid,285.8,396.2,19.8,154.0,5.74,48.0,257204.59,899.95
2011,Groundnut,Bihar,Zaid,221.86,1269.4,35.5,184.2,4.5,48.9,441863.27,1991.63
2014,Sorghum,West Bengal,Zaid,276.24,1752.1,39.7,96.6,3.37,59.4,368119.78,1332.61
2017,Maize,Tamil Nadu,Zaid,58.74,2452.7,40.2,147.1,14.1,83.8,231042.84,3933.31
2021,Barley,Haryana,Zaid,201.46,2394.0,31.1,134.0,11.55,57.5,719620.79,3572.03
2018,Barley,Bihar,Rabi,229.74,1170.5,28.0,155.3,9.35,84.6,661122.34,2877.7
2006,Groundnut,Karnataka,Rabi,424.47,1655.0,18.8,154.7,4.2,57.6,1009658.59,2378.63
2015,Potato,Madhya Pradesh,Rabi,379.57,2259.8,36.4,245.6,5.91,83.9,9498615.5,25024.67
2005,Soybean,Maharashtra,Zaid,301.11,2128.3,40.5,137.7,7.44,90.5,496795.66,1649.88
2023,Potato,Rajasthan,Zaid,174.29,1354.7,39.0,379.3,15.82,31.3,1124560.71,6452.24
2008,Barley,Gujarat,Kharif,94.33,874.7,35.3,228.9,19.79,34.0,104724.88,1110.2
2023,Wheat,Punjab,Whole Year,174.53,601.6,15.1,95.1,4.09,38.7,512648.47,2937.31
2015,Millet,Bihar,Rabi,340.22,1373.6,26.0,147.9,7.16,37.9,327383.39,962.27
2012,Groundnut,Andhra Pradesh,Whole Year,132.26,1890.3,26.1,305.4,5.96,59.5,158720.79,1200.07
2015,Groundnut,Uttar Pradesh,Zaid,214.02,2433.5,39.1,54.8,1.36,79.7,501007.48,2340.94
2008,Rice,Madhya Pradesh,Zaid,194.0,2196.0,16.8,378.2,4.77,92.5,392452.33,2022.95
2021,Rice,Rajasthan,Zaid,383.03,749.3,29.3,205.8,18.08,57.2,797041.63,2080.89
2011,Maize,Karnataka,Whole Year,442.01,1883.5,18.7,232.4,16.94,74.8,1261007.54,2852.89
2012,Maize,Andhra Pradesh,Kharif,349.99,936.0,32.9,395.9,3.77,71.3,217501.81,621.45
2007,Rice,Madhya Pradesh,Zaid,171.46,1803.6,36.4,226.2,7.64,55.6,513105.91,2992.57
2006,Potato,Rajasthan,Kharif,217.16,1764.8,32.3,381.7,6.56,76.9,2412312.12,11108.46
2019,Barley,Rajasthan,Kharif,72.53,899.3,36.5,370.3,3.38,68.5,16351.9,225.45
2009,Sugarcane,West Bengal,Rabi,84.88,815.7,31.4,379.5,12.63,79.4,696174.75,8201.87
2005,Groundnut,Rajasthan,Whole Year,82.98,528.7,20.1,334.3,11.37,42.6,59662.84,719.0
2008,Wheat,Maharashtra,Zaid,66.16,411.2,25.3,153.7,8.83,53.4,201151.3,3040.38
2019,Groundnut,Andhra Pradesh,Kharif,90.61,2188.6,40.8,171.2,17.18,73.6,167573.74,1849.4
2023,Cotton,Karnataka,Whole Year,102.14,409.7,22.8,177.7,12.58,38.1,50112.43,490.62
2007,Soybean,Karnataka,Whole Year,56.81,495.2,16.7,392.7,5.56,80.1,16259.72,286.21
2015,Millet,Maharashtra,Zaid,320.49,825.5,25.4,176.3,7.79,38.7,292998.31,914.22
2021,Sugarcane,Haryana,Rabi,495.21,2252.8,24.9,88.0,3.43,51.1,56992185.95,115086.9
2017,Wheat,Bihar,Rabi,439.71,1032.5,27.7,322.4,12.03,45.4,718905.04,1634.95
2015,Cotton,Andhra Pradesh,Kharif,23.76,722.0,30.1,178.1,11.94,34.0,11584.83,487.58
2006,Maize,Rajasthan,Rabi,212.11,1874.2,41.8,267.3,17.47,47.6,422501.7,1991.9
2013,Wheat,Bihar,Rabi,429.8,1002.0,35.4,373.5,17.19,89.2,400933.96,932.84
2006,Potato,Punjab,Rabi,68.2,1033.4,16.0,251.4,16.82,31.8,834120.63,12230.51
2013,Rice,Tamil Nadu,Whole Year,423.97,1925.7,34.2,273.2,11.2,31.1,1347904.71,3179.25
2013,Groundnut,Andhra Pradesh,Zaid,296.76,853.6,37.3,275.0,13.21,75.8,291282.25,981.54
2012,Wheat,Uttar Pradesh,Whole Year,465.72,2272.9,39.2,264.3,15.62,53.8,1716539.68,3685.78
2021,Soybean,Punjab,Whole Year,438.14,1535.1,26.4,105.9,2.29,44.9,704183.0,1607.21
2005,Sorghum,Maharashtra,Zaid,338.84,1483.2,23.5,209.7,6.36,63.1,518182.78,1529.28
2015,Maize,Rajasthan,Whole Year,329.25,882.5,37.7,52.7,3.8,47.3,900454.74,2734.87
2012,Sunflower,Haryana,Kharif,107.37,2137.2,36.0,269.2,10.47,55.5,133153.19,1240.13
2014,Millet,Uttar Pradesh,Kharif,59.26,1560.0,29.5,251.4,16.83,76.5,36107.13,609.3
2011,Potato,Haryana,Whole Year,208.28,642.1,18.2,161.3,5.0,37.6,4541418.24,21804.39
2007,Millet,Haryana,Rabi,94.1,753.9,32.6,233.4,14.75,92.4,56924.72,604.94
2007,Wheat,Gujarat,Whole Year,52.11,1330.2,16.8,222.6,8.41,32.8,118097.8,2266.32
2022,Sorghum,Madhya Pradesh,Rabi,151.86,2015.2,17.7,137.8,18.11,82.4,193895.4,1276.8
2009,Groundnut,Madhya Pradesh,Whole Year,430.38,2366.4,23.9,152.7,12.72,77.1,1029549.5,2392.19
2016,Sunflower,West Bengal,Kharif,9.56,1759.7,25.0,316.9,19.54,48.3,6708.12,701.69
2016,Potato,Uttar Pradesh,Rabi,147.03,1413.5,27.5,314.5,5.29,37.7,2618647.83,17810.3
2023,Cotton,Tamil Nadu,Kharif,212.6,851.6,24.2,214.4,18.52,85.4,86416.94,406.48
2010,Sugarcane,West Bengal,Whole Year,255.77,1780.3,15.9,301.1,7.46,74.2,22155295.43,86621.95
2006,Groundnut,Uttar Pradesh,Zaid,91.61,2460.9,19.3,207.8,12.63,48.9,198186.59,2163.37
2016,Cotton,Haryana,Rabi,482.15,1347.7,18.1,348.0,3.9,31.1,159175.15,330.14
2023,Sugarcane,West Bengal,Rabi,289.86,656.7,26.6,166.5,15.32,91.0,15539280.32,53609.61
2009,Sorghum,Uttar Pradesh,Whole Year,261.53,527.3,20.7,374.6,19.58,56.3,48926.47,187.08
2016,Sugarcane,Tamil Nadu,Whole Year,5.4,892.4,22.9,239.8,15.85,41.5,308268.76,57086.81
2021,Groundnut,Bihar,Rabi,243.37,1552.8,27.7,237.5,12.51,89.3,407802.46,1675.65
2021,Potato,Punjab,Zaid,419.0,2383.0,21.4,284.8,9.24,53.3,8975670.53,21421.65
2014,Soybean,Bihar,Whole Year,110.6,958.2,21.6,169.3,7.23,60.1,125860.51,1137.98
2021,Wheat,Andhra Pradesh,Whole Year,176.25,971.9,37.5,303.5,8.67,75.4,396485.09,2249.56
2019,Cotton,Bihar,Whole Year,11.27,1358.6,29.8,162.1,6.9,83.3,8056.48,714.86
2016,Soybean,Bihar,Zaid,488.49,2320.8,38.1,189.1,16.74,36.5,707921.88,1449.2
2020,Cotton,Rajasthan,Rabi,34.26,1221.9,28.9,286.1,17.92,88.4,13687.57,399.52
2023,Potato,Bihar,Kharif,449.21,791.1,39.6,182.5,19.02,90.6,6535317.27,14548.47
2012,Wheat,Uttar Pradesh,Whole Year,157.18,658.9,21.9,120.0,8.66,46.9,697588.27,4438.15
2021,Barley,Tamil Nadu,Zaid,294.19,1305.4,31.7,355.2,11.15,62.3,348143.66,1183.4
2009,Sugarcane,Andhra Pradesh,Rabi,339.98,2061.5,28.6,372.8,11.75,85.8,21647813.09,63673.78
2020,Sorghum,West Bengal,Rabi,71.27,941.0,39.8,269.4,13.2,61.7,54748.4,768.18
2010,Barley,Uttar Pradesh,Zaid,222.44,1427.5,26.3,333.9,0.55,61.3,428602.34,1926.82
2012,Barley,Uttar Pradesh,Whole Year,163.41,1626.6,38.1,395.3,16.93,70.2,120360.65,736.56
2022,Millet,Maharashtra,Kharif,29.24,1291.0,30.2,265.2,5.73,79.9,24307.73,831.32
2016,Rice,Uttar Pradesh,Whole Year,416.76,721.7,34.1,368.1,9.71,73.3,166322.05,399.08
2019,Groundnut,Rajasthan,Rabi,23.54,2327.8,38.9,175.7,16.91,70.7,45111.61,1916.38
2013,Soybean,Madhya Pradesh,Kharif,326.98,1544.0,41.9,295.2,19.94,54.2,215764.97,659.87
2017,Soybean,Maharashtra,Whole Year,157.72,1904.1,34.7,69.5,16.0,71.0,234215.13,1485.01
2019,Soybean,Andhra Pradesh,Kharif,96.87,1699.3,23.5,326.1,0.98,36.7,122456.13,1264.13
2014,Potato,West Bengal,Zaid,333.88,2495.7,23.1,340.4,7.69,56.6,7109617.03,21293.93
2020,Soybean,Madhya Pradesh,Whole Year,287.69,1303.9,23.3,190.4,5.32,42.2,394587.97,1371.57
2011,Potato,West Bengal,Rabi,158.31,1234.9,17.6,273.6,19.3,64.9,2824923.23,17844.25
2021,Groundnut,Karnataka,Rabi,256.97,1092.3,16.4,350.4,5.65,47.0,227730.3,886.21
2011,Barley,Karnataka,Kharif,123.87,1095.6,30.7,359.3,18.9,62.9,96608.5,779.92
2018,Groundnut,Andhra Pradesh,Zaid,431.98,906.7,36.9,87.3,18.78,80.5,548225.88,1269.1
2019,Soybean,Gujarat,Whole Year,157.6,2457.4,16.0,339.6,16.87,58.2,146546.86,929.87
2011,Rice,Tamil Nadu,Zaid,123.33,2215.7,30.3,146.0,2.41,44.2,515569.28,4180.4
2013,Maize,Gujarat,Zaid,376.17,996.7,25.0,304.6,0.54,44.5,1243429.42,3305.5
2023,Wheat,Tamil Nadu,Kharif,9.78,971.5,39.1,163.8,15.98,88.9,19257.76,1969.1
2020,Soybean,Maharashtra,Kharif,134.74,527.8,18.9,69.7,16.94,80.8,110877.67,822.9
2012,Sorghum,Andhra Pradesh,Whole Year,188.32,2229.5,30.2,123.5,19.26,32.4,240451.42,1276.82
2022,Maize,Tamil Nadu,Rabi,441.24,1117.9,41.2,193.0,4.76,91.3,1202760.73,2725.87
2022,Groundnut,Karnataka,Whole Year,475.27,1559.8,24.3,309.4,14.8,37.3,804712.57,1693.17
2011,Sorghum,Karnataka,Zaid,358.52,2280.8,35.0,85.2,10.62,72.4,508186.21,1417.46
2007,Sorghum,Haryana,Kharif,246.77,1197.8,38.8,334.5,6.91,65.8,173836.08,704.45
2022,Cotton,Tamil Nadu,Zaid,320.67,2075.1,20.0,398.9,12.32,33.0,78577.55,245.04
2014,Sorghum,Bihar,Kharif,207.59,1246.6,41.8,325.9,11.19,49.2,39732.75,191.4
2011,Soybean,Andhra Pradesh,Rabi,150.11,1842.1,36.9,215.8,6.2,80.4,218779.96,1457.46
2021,Cotton,Madhya Pradesh,Zaid,475.39,1248.6,18.7,248.9,5.74,49.9,213803.93,449.74
2018,Millet,Punjab,Kharif,58.58,1164.1,23.4,52.2,9.99,61.2,59058.63,1008.17
2007,Barley,Maharashtra,Whole Year,173.85,2479.6,31.9,123.2,9.74,75.4,585136.75,3365.76
2016,Sorghum,Uttar Pradesh,Whole Year,449.65,1647.2,38.9,364.6,6.39,34.7,230380.95,512.36
2017,Rice,Bihar,Whole Year,361.85,1108.3,20.3,57.6,5.64,84.1,1119591.62,3094.08
2006,Sunflower,Uttar Pradesh,Zaid,15.52,867.2,34.7,366.7,19.11,32.7,1800.66,116.02
2007,Wheat,Tamil Nadu,Kharif,12.53,387.5,22.3,89.6,17.32,47.1,37399.31,2984.78
2009,Sorghum,Madhya Pradesh,Kharif,258.74,1854.4,36.7,96.6,16.43,79.6,335004.23,1294.75
2015,Potato,Bihar,Kharif,242.64,1118.7,33.5,111.4,4.68,89.3,7354608.52,30310.78
2012,Millet,Gujarat,Zaid,222.05,2106.8,29.1,329.8,4.19,79.4,210943.85,949.98
2016,Sugarcane,Maharashtra,Kharif,151.87,1100.5,32.5,217.4,16.28,44.8,10260347.75,67560.07
2011,Potato,Bihar,Rabi,493.33,1121.3,38.7,100.8,4.1,94.1,12894993.64,26138.68
2019,Groundnut,West Bengal,Zaid,136.72,2014.2,25.4,290.4,10.32,56.9,254597.28,1862.18
2021,Sunflower,Madhya Pradesh,Rabi,245.53,1376.8,35.8,379.2,4.82,54.5,69987.38,285.05
2008,Groundnut,Rajasthan,Rabi,203.04,2246.8,19.3,250.4,7.87,86.2,429787.33,2116.76
2017,Millet,Uttar Pradesh,Whole Year,85.95,1598.3,33.9,84.5,17.14,34.3,62284.22,724.66
2022,Sugarcane,Karnataka,Zaid,102.11,829.4,35.3,69.2,17.88,66.1,4231085.8,41436.55
2005,Groundnut,Maharashtra,Kharif,459.23,1550.2,27.0,328.6,19.94,92.8,314695.7,685.27
2020,Groundnut,Bihar,Rabi,429.28,308.8,36.4,269.1,18.91,36.5,291409.54,678.83
2017,Groundnut,Gujarat,Zaid,100.32,987.3,30.0,372.9,13.59,65.2,20254.56,201.9
2014,Millet,Andhra Pradesh,Kharif,437.96,757.5,40.3,241.5,8.92,38.6,305481.23,697.51
2016,Sunflower,Madhya Pradesh,Whole Year,105.38,1739.2,18.0,71.8,1.63,87.8,203615.02,1932.2
2006,Barley,Gujarat,Zaid,313.65,599.3,18.5,191.3,12.36,68.2,578278.54,1843.71
2007,Wheat,Maharashtra,Zaid,41.56,938.2,37.7,280.3,4.61,45.2,108177.14,2602.91
2014,Millet,West Bengal,Zaid,440.3,1028.9,37.7,184.7,17.08,50.0,268744.01,610.37
2006,Sugarcane,Uttar Pradesh,Kharif,26.7,307.2,27.7,399.9,11.2,63.6,265459.39,9942.3
2017,Sorghum,Madhya Pradesh,Rabi,277.92,402.9,41.0,191.9,14.8,77.1,180988.66,651.23
2017,Barley,Karnataka,Rabi,390.08,984.5,33.3,241.2,13.63,61.7,620859.72,1591.62
2022,Barley,Punjab,Zaid,59.3,789.2,41.5,128.9,7.27,42.3,123776.98,2087.3
2007,Sorghum,Andhra Pradesh,Zaid,202.84,557.2,29.4,103.2,15.3,76.0,163786.14,807.46
2011,Rice,Madhya Pradesh,Kharif,21.93,639.2,20.4,275.9,16.95,37.7,21730.94,990.92
2018,Cotton,Karnataka,Whole Year,341.69,2138.2,27.0,256.0,15.01,82.6,198219.03,580.11
2021,Wheat,West Bengal,Zaid,154.42,1803.3,41.5,51.5,15.65,55.7,393960.52,2551.23
2016,Wheat,Rajasthan,Zaid,280.14,1365.1,25.0,149.7,7.52,72.4,1185180.33,4230.67
2020,Rice,West Bengal,Whole Year,466.43,2299.5,40.8,275.3,18.9,52.4,808145.34,1732.62
2016,Cotton,West Bengal,Zaid,153.62,365.0,36.5,334.3,8.78,73.5,21578.35,140.47
2019,Wheat,Bihar,Rabi,25.27,1058.9,26.9,159.3,17.99,87.8,89373.63,3536.75
2014,Sugarcane,Uttar Pradesh,Zaid,338.14,2111.4,29.6,276.6,17.23,75.6,26941334.63,79675.09
2011,Maize,Maharashtra,Rabi,393.63,1682.2,31.4,142.8,2.92,73.6,1613248.74,4098.39
2009,Maize,Madhya Pradesh,Kharif,478.98,2459.7,33.0,291.6,19.34,79.2,1787427.55,3731.74
2005,Wheat,Maharashtra,Kharif,79.74,2377.9,17.1,294.3,19.93,62.5,232592.52,2916.89
2021,Soybean,Madhya Pradesh,Rabi,196.68,673.9,40.2,95.6,12.32,44.3,250708.55,1274.7
2007,Wheat,Karnataka,Rabi,422.23,2438.4,31.1,282.8,15.77,83.0,1300914.18,3081.06
2017,Sorghum,Rajasthan,Whole Year,403.63,2380.2,40.1,166.7,18.71,72.2,327503.83,811.4
2018,Sorghum,Bihar,Rabi,312.77,1121.9,32.1,110.4,0.89,50.4,431867.09,1380.78
2022,Potato,Rajasthan,Rabi,135.41,2462.3,26.6,225.1,18.63,47.9,3683580.52,27203.16
2008,Cotton,Gujarat,Zaid,142.73,378.9,30.3,208.3,12.73,62.5,60704.36,425.31
2022,Groundnut,Bihar,Whole Year,62.88,1753.7,37.4,320.9,16.65,43.5,43846.33,697.3
2009,Barley,Punjab,Rabi,461.0,885.5,23.8,79.6,11.04,87.1,1597790.49,3465.92
2020,Sugarcane,West Bengal,Rabi,87.29,584.8,40.8,326.4,10.85,81.3,1357330.26,15549.67
2005,Rice,Punjab,Rabi,286.87,1570.6,27.6,87.1,18.0,50.0,859767.55,2997.06
2018,Sunflower,Haryana,Zaid,292.59,974.0,40.8,122.6,10.4,33.2,340739.58,1164.56
2019,Wheat,Tamil Nadu,Zaid,185.43,1767.0,38.8,230.6,9.7,33.4,695597.86,3751.27
2013,Groundnut,West Bengal,Zaid,176.91,1488.0,35.7,212.1,12.36,49.3,255575.8,1444.67
2019,Groundnut,Punjab,Kharif,334.63,1163.7,27.6,396.1,10.61,39.6,207102.23,618.9
2021,Sugarcane,Uttar Pradesh,Zaid,194.76,700.0,30.8,256.3,9.2,86.8,14539380.56,74652.81
2008,Rice,Tamil Nadu,Rabi,128.3,1622.8,37.6,164.6,4.02,57.4,407336.02,3174.87
2016,Sorghum,Rajasthan,Zaid,200.17,2124.3,29.7,365.1,8.25,52.6,149453.1,746.63
2009,Millet,West Bengal,Zaid,404.02,1620.0,34.9,159.3,6.0,44.2,381511.0,944.29
2009,Sugarcane,West Bengal,Whole Year,483.27,1643.1,36.3,145.8,8.31,84.7,44966712.52,93046.77
2015,Groundnut,Rajasthan,Rabi,318.34,1426.0,28.9,223.0,12.07,81.5,459828.49,1444.46
2010,Maize,Gujarat,Zaid,391.27,1154.1,29.5,369.6,12.37,55.0,581438.13,1486.03
2011,Wheat,Uttar Pradesh,Kharif,266.88,1306.4,20.3,298.0,5.15,41.0,702477.29,2632.18
2018,Cotton,West Bengal,Whole Year,312.79,2477.0,21.6,287.1,2.15,91.9,215844.75,690.06
2015,Maize,Punjab,Zaid,494.06,1949.3,39.4,304.1,15.02,50.5,933023.65,1888.48
2017,Groundnut,West Bengal,Whole Year,219.77,1247.2,37.7,280.9,10.81,80.1,371294.38,1689.47
2006,Barley,Tamil Nadu,Whole Year,34.06,1306.1,15.3,315.9,9.12,60.1,57067.02,1675.49
2011,Sunflower,West Bengal,Kharif,478.55,1399.2,38.5,117.5,3.03,80.8,604387.26,1262.96
2008,Soybean,Punjab,Kharif,396.74,1750.5,15.7,112.0,8.59,61.3,666752.92,1680.58
2012,Rice,Andhra Pradesh,Kharif,199.76,1325.1,27.4,176.8,16.45,90.2,415178.69,2078.39
2023,Potato,Tamil Nadu,Rabi,491.22,1809.6,16.8,347.8,11.84,82.0,6005397.52,12225.47
2017,Sorghum,Madhya Pradesh,Whole Year,173.42,1024.2,41.2,300.1,2.27,46.9,149712.05,863.29
2018,Wheat,Karnataka,Zaid,186.69,1203.4,41.3,248.3,6.98,58.0,569323.63,3049.57
2014,Cotton,Karnataka,Kharif,305.26,2200.9,31.5,56.8,19.61,36.5,216532.63,709.34
2015,Millet,Tamil Nadu,Kharif,137.9,1023.6,25.6,132.5,11.12,88.7,150430.65,1090.87
2006,Sorghum,Madhya Pradesh,Whole Year,349.59,2421.8,28.8,331.2,6.08,34.5,386636.76,1105.97
2013,Wheat,Uttar Pradesh,Whole Year,77.27,679.5,35.6,134.9,18.31,31.2,221024.2,2860.41
2021,Millet,Andhra Pradesh,Whole Year,54.9,831.7,21.0,305.6,7.05,62.3,38047.26,693.03
2007,Cotton,Tamil Nadu,Zaid,267.9,1320.1,26.9,114.6,14.73,69.2,175050.57,653.42
2010,Groundnut,Punjab,Rabi,278.19,2054.3,34.9,262.2,3.37,44.5,444142.63,1596.54
2009,Soybean,Bihar,Rabi,54.22,1909.5,25.7,269.9,3.55,67.1,87518.19,1614.13
2009,Maize,Haryana,Kharif,482.12,683.8,15.9,313.2,11.45,88.2,657506.44,1363.78
2019,Maize,Bihar,Rabi,287.07,820.7,28.7,203.4,5.18,70.7,1040308.33,3623.88
2021,Groundnut,Maharashtra,Zaid,76.37,1565.6,34.9,271.4,1.46,59.6,133318.73,1745.7
2013,Sorghum,West Bengal,Rabi,156.41,949.4,41.4,220.4,18.57,39.4,100849.55,644.78
2007,Sunflower,Madhya Pradesh,Zaid,400.32,1229.1,16.0,381.6,1.59,41.0,223395.21,558.04
2021,Groundnut,Gujarat,Kharif,262.09,1370.5,29.6,232.7,14.49,61.5,371123.37,1416.01
2014,Groundnut,Andhra Pradesh,Whole Year,94.89,1607.3,27.1,123.4,6.99,60.1,204899.13,2159.33
2007,Potato,Punjab,Zaid,52.32,852.3,21.5,283.8,18.7,64.0,687658.28,13143.32
2022,Wheat,Gujarat,Whole Year,215.96,658.9,32.2,242.0,19.73,63.0,388193.67,1797.53
2022,Sunflower,Karnataka,Kharif,169.37,1176.8,19.4,331.3,7.04,52.2,125328.06,739.97
2021,Potato,Tamil Nadu,Zaid,328.3,480.5,22.7,111.9,12.03,75.2,5488321.45,16717.4
2007,Potato,Andhra Pradesh,Zaid,462.7,1458.9,36.1,141.3,15.57,43.8,12165116.08,26291.58
2007,Wheat,Bihar,Rabi,124.62,2147.1,27.4,372.6,2.91,85.4,328068.97,2632.55
2010,Cotton,Rajasthan,Zaid,427.76,561.7,41.8,375.5,14.33,42.6,19435.2,45.43
2017,Soybean,West Bengal,Kharif,460.31,548.0,25.4,204.8,18.17,57.0,469296.77,1019.52
2019,Potato,Maharashtra,Whole Year,451.1,476.5,27.5,66.7,3.98,43.7,10540268.53,23365.7
2013,Wheat,Madhya Pradesh,Zaid,476.09,2165.3,23.1,157.3,16.85,70.2,1844908.45,3875.13
2008,Cotton,Bihar,Kharif,421.21,477.6,21.4,136.5,2.75,61.0,258654.71,614.08
2018,Barley,Karnataka,Kharif,297.15,2463.6,39.9,195.1,11.58,54.3,1034643.64,3481.89
2009,Groundnut,Tamil Nadu,Zaid,205.51,1088.3,35.2,161.2,7.12,60.9,384046.29,1868.75
2006,Groundnut,West Bengal,Rabi,246.35,1023.3,24.0,340.1,9.7,57.4,255560.76,1037.39
2015,Sorghum,Karnataka,Zaid,436.43,501.6,33.9,51.1,6.36,85.6,483399.91,1107.62
2013,Potato,Rajasthan,Zaid,151.4,1588.4,41.1,275.6,5.58,38.1,3044517.71,20109.1
2007,Barley,Gujarat,Rabi,80.47,1588.9,17.0,282.5,14.99,81.6,145590.54,1809.25
2013,Sorghum,Bihar,Kharif,71.27,1386.4,22.1,281.2,4.85,72.6,96124.37,1348.74
2007,Potato,Maharashtra,Zaid,413.67,984.2,20.4,232.2,8.46,52.6,10219940.52,24705.54
2006,Millet,Maharashtra,Rabi,380.98,1110.9,38.5,263.9,5.85,89.7,256167.08,672.39
2016,Cotton,West Bengal,Whole Year,249.33,1005.1,19.8,333.7,5.15,41.5,108530.87,435.29
2014,Cotton,Punjab,Whole Year,138.16,1237.5,23.3,324.5,12.73,50.2,52887.83,382.8
2013,Sunflower,West Bengal,Rabi,339.13,1051.9,29.7,62.1,1.39,54.4,502073.88,1480.48
2019,Groundnut,Karnataka,Kharif,20.18,1786.1,31.8,60.7,15.88,72.1,44223.26,2191.44
2012,Sugarcane,Madhya Pradesh,Rabi,284.55,950.7,36.8,343.6,11.15,91.5,9328141.03,32782.08
2009,Millet,Punjab,Kharif,199.81,1071.8,26.0,251.2,16.65,68.6,141968.12,710.52
2015,Cotton,Maharashtra,Whole Year,488.95,1258.0,29.4,385.1,4.65,85.7,146910.37,300.46
2006,Wheat,Haryana,Zaid,254.27,308.7,41.1,201.1,14.33,88.8,349078.35,1372.86
2019,Groundnut,Maharashtra,Rabi,276.58,1382.6,23.0,111.9,8.7,60.3,564366.83,2040.52
2010,Sorghum,West Bengal,Whole Year,356.47,862.8,21.7,215.6,2.0,60.7,336704.02,944.55
2012,Barley,Karnataka,Zaid,242.78,423.5,34.2,202.8,15.17,46.2,434664.76,1790.36
2009,Sorghum,Punjab,Whole Year,113.06,2304.2,35.8,231.0,15.36,69.1,145388.03,1285.94
2020,Potato,Tamil Nadu,Rabi,269.1,1009.3,26.2,332.8,5.78,37.8,4895186.72,18190.96
2022,Maize,Punjab,Rabi,472.19,1237.4,20.8,279.5,18.36,71.2,1102240.05,2334.31
2010,Sugarcane,Rajasthan,Zaid,205.55,2120.2,36.0,114.8,15.4,88.0,24494270.9,119164.54
2009,Cotton,Uttar Pradesh,Rabi,340.14,666.9,33.1,307.1,6.48,79.5,76316.63,224.37
2020,Soybean,Bihar,Whole Year,489.04,2170.7,38.7,257.2,5.16,72.2,740028.76,1513.23
2017,Rice,Uttar Pradesh,Zaid,415.13,831.6,37.8,252.4,9.08,84.5,1001506.27,2412.51
2009,Sugarcane,Andhra Pradesh,Zaid,329.86,1595.9,20.5,287.4,6.21,77.4,28395410.04,86083.22
2017,Sunflower,Gujarat,Whole Year,368.26,1808.5,37.5,247.4,4.73,64.4,453559.36,1231.63
2021,Potato,Andhra Pradesh,Kharif,468.31,2291.0,19.7,210.1,8.28,63.9,15223962.63,32508.3
2022,Groundnut,Madhya Pradesh,Zaid,479.92,1636.8,38.3,274.1,1.0,37.0,658960.68,1373.06
2012,Cotton,Madhya Pradesh,Kharif,484.52,1297.1,35.8,303.3,8.33,58.2,164843.26,340.22
2017,Barley,Andhra Pradesh,Whole Year,313.2,1559.0,30.4,129.0,4.82,64.0,1013309.23,3235.34
2023,Cotton,Punjab,Whole Year,192.97,744.6,32.3,224.0,5.65,60.5,98959.73,512.82
2007,Rice,Karnataka,Zaid,67.44,1816.0,17.8,210.4,2.11,80.4,269235.31,3992.22
2012,Sunflower,Bihar,Rabi,193.39,711.1,16.1,64.0,11.98,40.5,235189.65,1216.14
2006,Barley,Andhra Pradesh,Zaid,471.53,1525.9,23.9,342.1,9.7,81.7,727180.66,1542.17
2012,Sorghum,West Bengal,Rabi,445.01,1724.7,37.2,182.1,15.14,78.2,584730.2,1313.97
2017,Barley,Punjab,Kharif,262.31,2276.9,27.6,75.4,19.75,88.6,830211.94,3165.0
2017,Sunflower,Karnataka,Rabi,268.97,1290.4,21.0,210.3,2.83,54.3,412149.05,1532.32
2005,Sugarcane,Uttar Pradesh,Zaid,155.15,2005.7,37.5,106.5,5.81,41.5,17163488.36,110625.13
2010,Sorghum,Haryana,Rabi,227.8,668.6,21.2,296.5,13.81,79.3,128446.41,563.86
2023,Cotton,Madhya Pradesh,Whole Year,357.51,643.6,37.0,250.1,5.13,68.2,177599.89,496.77
2020,Groundnut,West Bengal,Kharif,201.81,1454.6,27.2,144.5,1.09,76.3,461417.42,2286.4
2012,Millet,Tamil Nadu,Whole Year,94.8,1611.9,27.5,382.7,2.64,94.8,63905.24,674.11
2005,Potato,Gujarat,Whole Year,270.89,1691.2,22.4,152.1,8.96,42.6,8660174.82,31969.34
2020,Potato,Tamil Nadu,Whole Year,113.44,1940.5,39.3,244.2,8.9,56.7,2583572.62,22774.79
2013,Groundnut,Karnataka,Whole Year,487.17,948.8,17.4,330.5,19.46,42.5,397702.94,816.35
2017,Cotton,Bihar,Rabi,195.78,1669.7,18.9,229.9,9.59,85.9,110420.57,564.0
2015,Rice,Rajasthan,Whole Year,454.92,713.9,32.2,386.3,13.72,31.1,89246.38,196.18
2017,Potato,Karnataka,Rabi,113.55,781.8,38.0,345.3,10.1,38.8,907630.77,7993.23
2014,Millet,Haryana,Whole Year,95.42,448.1,17.6,372.4,5.76,46.1,23029.48,241.35
2008,Potato,Uttar Pradesh,Zaid,308.83,1943.4,34.8,180.4,2.56,80.1,9504487.8,30775.79
2010,Cotton,Maharashtra,Whole Year,389.91,1415.4,35.0,241.9,17.25,70.8,138244.23,354.55
2011,Soybean,Karnataka,Zaid,283.82,824.0,30.7,344.1,3.48,55.3,241544.29,851.05
2009,Sugarcane,Uttar Pradesh,Rabi,115.67,1523.7,28.1,366.2,2.39,40.3,6053908.16,52337.76
2015,Soybean,Bihar,Kharif,19.91,1079.3,23.7,380.5,4.67,50.9,5897.23,296.19
2017,Potato,Tamil Nadu,Rabi,309.53,2141.9,24.5,357.7,0.55,78.3,6949085.83,22450.44
2023,Sorghum,Karnataka,Kharif,66.39,1461.9,33.2,305.8,1.9,54.8,80143.87,1207.17
2014,Maize,Karnataka,Kharif,172.25,365.6,16.8,58.5,12.89,60.1,488270.51,2834.66
2014,Cotton,Andhra Pradesh,Whole Year,338.22,2467.2,30.8,160.2,5.25,69.6,277471.91,820.39
2015,Wheat,Tamil Nadu,Kharif,49.91,463.5,22.5,95.1,7.1,89.3,150871.03,3022.86
2011,Wheat,Gujarat,Rabi,64.5,1831.1,27.6,104.2,16.79,46.3,274379.49,4253.95
2022,Barley,Gujarat,Whole Year,31.77,1262.0,30.1,151.8,15.57,59.1,71659.92,2255.58
2008,Groundnut,West Bengal,Kharif,498.04,848.5,38.9,76.2,10.1,50.2,748069.07,1502.03
2006,Groundnut,Rajasthan,Rabi,194.15,1788.2,30.6,135.1,12.45,60.3,496462.73,2557.11
2018,Sunflower,Madhya Pradesh,Kharif,452.99,577.0,21.1,384.9,2.17,75.3,300011.31,662.29
2017,Groundnut,Maharashtra,Kharif,147.5,2188.1,17.1,159.2,15.35,61.3,289479.91,1962.58
2016,Soybean,Karnataka,Whole Year,376.85,851.3,31.9,105.9,10.57,84.2,532447.59,1412.89
2011,Sugarcane,Karnataka,Whole Year,110.31,1095.2,29.7,301.4,11.63,66.0,7586331.37,68772.83
2006,Cotton,West Bengal,Rabi,249.66,1691.8,33.1,340.0,13.48,55.1,93762.44,375.56
2017,Rice,Rajasthan,Whole Year,412.48,302.3,27.4,159.9,10.25,80.9,785995.71,1905.54
2018,Barley,Tamil Nadu,Whole Year,408.35,1340.0,37.3,147.5,10.67,58.0,1073256.15,2628.28
2021,Sorghum,Karnataka,Zaid,397.35,2267.3,39.8,134.6,10.24,63.5,548872.83,1381.33
2013,Millet,Uttar Pradesh,Zaid,412.04,1796.9,16.1,187.6,10.19,94.7,408282.97,990.88
2021,Sorghum,Punjab,Rabi,106.52,1153.4,35.1,80.5,15.13,81.1,99944.47,938.27
2012,Cotton,Madhya Pradesh,Whole Year,241.63,1752.9,15.9,284.2,8.83,85.6,103173.01,426.99
2006,Maize,Rajasthan,Rabi,242.95,2360.5,27.0,337.8,0.56,68.5,766342.74,3154.32
2017,Groundnut,Karnataka,Zaid,445.36,713.2,27.5,282.3,12.44,52.6,549385.08,1233.58
2007,Sunflower,Rajasthan,Zaid,149.15,1470.0,33.8,197.4,19.08,94.4,184652.85,1238.03
2020,Millet,Gujarat,Zaid,465.82,816.4,24.5,151.1,5.51,45.9,567845.09,1219.02
2010,Soybean,Bihar,Rabi,225.95,2179.3,37.2,193.3,16.42,86.7,310372.89,1373.64
2023,Cotton,Maharashtra,Whole Year,335.22,1886.3,24.3,198.3,9.38,89.2,210874.3,629.06
2011,Maize,Karnataka,Kharif,135.17,2062.4,24.2,283.1,13.04,83.1,472519.54,3495.74
2014,Soybean,Maharashtra,Whole Year,205.74,2374.6,21.0,374.8,17.87,37.4,108456.48,527.15
2013,Maize,Haryana,Rabi,355.19,811.1,33.5,74.7,15.53,85.5,640230.47,1802.5
2006,Groundnut,Bihar,Zaid,256.86,407.2,17.1,383.7,17.75,73.1,42817.07,166.69
2019,Potato,Punjab,Kharif,465.42,940.0,24.8,368.6,0.69,74.3,4726218.31,10154.74
2009,Soybean,West Bengal,Rabi,368.83,1178.1,22.2,91.2,4.15,81.1,548915.87,1488.26
2008,Sugarcane,Maharashtra,Zaid,282.64,1675.4,21.2,114.3,8.76,61.9,29366922.47,103902.22
2008,Wheat,Karnataka,Rabi,443.45,2055.0,16.6,159.1,17.03,47.4,1688715.87,3808.13
2022,Sorghum,Andhra Pradesh,Kharif,333.11,1069.6,20.1,245.9,16.85,67.4,260868.41,783.13
2008,Sugarcane,West Bengal,Zaid,324.01,1341.7,27.0,97.1,4.11,37.1,27366995.43,84463.43
2021,Millet,Madhya Pradesh,Whole Year,123.94,2028.0,28.6,120.1,3.27,73.9,151028.88,1218.56
2016,Barley,West Bengal,Rabi,198.03,795.7,22.3,365.9,16.78,61.4,85506.24,431.78
2021,Potato,Tamil Nadu,Kharif,341.97,777.7,32.6,88.3,11.06,62.7,6667828.33,19498.28
2014,Wheat,Maharashtra,Whole Year,446.0,1596.3,24.1,189.6,12.72,42.1,1776038.53,3982.15
2005,Sugarcane,Andhra Pradesh,Kharif,158.46,1259.3,24.9,317.1,16.28,32.7,8097759.98,51102.86
2022,Cotton,Maharashtra,Rabi,108.53,2387.6,36.1,361.0,4.63,69.7,48871.69,450.31
2022,Maize,Tamil Nadu,Kharif,297.25,1085.5,29.9,167.6,3.16,72.8,1072411.58,3607.78
2018,Millet,Bihar,Zaid,34.53,1971.0,40.7,107.6,17.25,62.4,40285.97,1166.69
2019,Cotton,Bihar,Kharif,357.56,1582.8,24.7,308.0,2.68,79.8,204134.15,570.91
2016,Wheat,Madhya Pradesh,Rabi,351.87,420.1,37.4,320.4,2.22,66.6,835096.44,2373.31
2008,Sunflower,Punjab,Zaid,178.13,485.6,34.9,393.0,5.9,85.1,16928.41,95.03
2007,Maize,Karnataka,Kharif,446.45,746.9,39.0,98.8,6.68,48.7,1277187.96,2860.76
2016,Millet,Gujarat,Kharif,251.59,614.9,40.8,298.3,5.2,45.8,117059.76,465.28
2011,Barley,Bihar,Zaid,323.24,1024.6,15.2,196.1,14.96,47.0,695017.91,2150.16
2015,Wheat,Gujarat,Whole Year,105.58,1573.8,17.4,370.1,19.48,32.0,142634.59,1350.96
2005,Millet,Maharashtra,Whole Year,209.25,1625.2,33.2,192.7,4.39,88.5,236849.26,1131.9
2010,Sugarcane,Madhya Pradesh,Zaid,431.35,1593.1,25.5,206.1,15.75,94.9,24005555.79,55652.15
2019,Millet,Tamil Nadu,Kharif,107.26,558.7,37.1,94.4,1.36,83.1,84634.77,789.06
2019,Wheat,Rajasthan,Whole Year,195.9,1620.5,15.3,162.3,2.82,56.8,842359.21,4299.94
2023,Potato,Karnataka,Zaid,159.72,1201.4,36.8,190.3,10.54,53.0,4249837.63,26608.05
2015,Groundnut,Maharashtra,Rabi,76.4,2286.7,18.7,56.1,19.99,80.4,140776.54,1842.62
2006,Potato,Rajasthan,Kharif,145.57,2306.4,22.8,203.2,19.01,63.1,4710089.7,32356.18
2018,Sugarcane,Karnataka,Rabi,117.15,1990.0,41.2,167.7,2.68,91.1,10133688.74,86501.82
2006,Cotton,Rajasthan,Kharif,461.87,1846.8,16.4,331.3,5.17,48.2,223171.98,483.19
2008,Wheat,West Bengal,Whole Year,370.8,552.9,24.4,87.5,18.94,51.0,951636.55,2566.44
2021,Groundnut,Maharashtra,Rabi,158.73,486.3,17.3,316.1,3.44,94.9,133083.99,838.43
2007,Rice,Madhya Pradesh,Rabi,381.91,2149.8,38.0,299.9,14.98,93.6,1003450.19,2627.45
2017,Barley,Madhya Pradesh,Zaid,12.05,1239.4,34.0,134.6,0.52,87.5,35737.54,2965.77
2013,Groundnut,Tamil Nadu,Whole Year,263.74,1293.0,36.6,79.1,12.82,56.3,350232.67,1327.95
2011,Rice,Karnataka,Whole Year,125.92,2165.1,29.2,344.6,10.14,84.4,192759.86,1530.81
2019,Sunflower,Gujarat,Kharif,58.05,1667.1,24.7,137.3,9.68,48.4,78569.8,1353.48
2015,Sunflower,Maharashtra,Zaid,442.0,694.7,15.1,100.9,16.67,46.6,472057.51,1068.0
2006,Sorghum,Karnataka,Zaid,100.47,764.2,22.5,175.7,2.07,65.5,118084.5,1175.32
2019,Maize,Karnataka,Kharif,411.37,314.0,28.9,190.3,7.86,85.9,1234472.04,3000.88
2018,Groundnut,Madhya Pradesh,Rabi,207.2,1863.5,32.9,164.1,9.2,36.3,414234.23,1999.2
2015,Soybean,Rajasthan,Kharif,8.13,1368.3,21.2,391.8,2.92,66.7,5896.1,725.23
2007,Barley,Bihar,Kharif,366.53,2389.9,18.8,358.3,2.17,69.6,1024806.03,2795.97
2021,Groundnut,Rajasthan,Kharif,298.58,1870.8,20.4,355.5,4.0,67.7,382668.44,1281.63
2016,Rice,Andhra Pradesh,Zaid,172.74,526.9,24.6,189.6,5.2,44.2,588889.82,3409.11
2019,Soybean,Maharashtra,Kharif,141.49,655.4,19.0,387.0,19.34,34.2,21741.65,153.66
2020,Barley,Haryana,Kharif,37.77,1403.8,19.2,289.4,9.77,88.2,63782.15,1688.7
2009,Soybean,Uttar Pradesh,Kharif,470.77,2334.7,16.2,341.2,10.45,67.3,418513.56,889.0
2010,Sugarcane,Haryana,Whole Year,247.5,844.0,38.1,225.3,14.29,79.9,9760675.37,39437.07
2023,Rice,Karnataka,Rabi,43.68,2116.3,20.9,106.2,13.84,53.7,155307.88,3555.58
2009,Sunflower,Andhra Pradesh,Rabi,434.47,987.0,37.2,360.4,10.3,32.8,69555.99,160.09
2007,Millet,Madhya Pradesh,Rabi,140.14,893.8,26.8,220.2,7.13,46.9,148934.1,1062.75
2005,Sugarcane,Karnataka,Rabi,102.6,2283.1,32.1,389.0,6.96,34.8,7723293.15,75275.76
2010,Barley,Haryana,Zaid,141.19,403.9,17.0,139.2,1.63,35.1,264928.21,1876.39
2019,Barley,Bihar,Zaid,282.72,1753.6,30.8,397.3,18.04,43.9,224588.76,794.39
2006,Wheat,Karnataka,Kharif,37.95,395.0,22.8,127.8,15.5,71.2,66541.4,1753.4
2007,Rice,Rajasthan,Zaid,241.4,2061.7,17.6,178.9,12.66,83.2,866428.08,3589.18
2021,Sorghum,Maharashtra,Rabi,447.98,2124.7,39.5,257.9,8.22,83.4,591425.38,1320.2
2016,Sorghum,Bihar,Whole Year,94.9,2265.4,31.3,292.7,11.86,91.0,105119.58,1107.69
2022,Barley,Gujarat,Kharif,166.26,709.4,21.5,302.1,9.96,72.7,261540.93,1573.08
2019,Sorghum,Haryana,Kharif,198.66,573.9,26.3,216.7,5.84,31.3,180233.47,907.25
2016,Maize,Uttar Pradesh,Rabi,293.52,1407.8,24.6,76.9,6.32,54.5,1144987.89,3900.89
2020,Sunflower,Uttar Pradesh,Rabi,459.71,897.6,33.9,223.6,17.55,37.2,446813.78,971.95
2012,Wheat,Rajasthan,Rabi,197.88,1633.9,31.4,167.1,12.88,80.5,709687.69,3586.45
2018,Barley,Maharashtra,Zaid,35.51,1430.2,15.5,280.2,0.53,37.8,100189.26,2821.44
2021,Sorghum,Punjab,Kharif,174.63,618.7,20.3,113.8,6.87,36.9,173943.63,996.07
2012,Rice,Punjab,Rabi,95.85,1926.4,27.9,187.9,7.13,31.8,330983.33,3453.14
2019,Potato,Tamil Nadu,Whole Year,326.24,2068.3,27.0,388.1,14.27,92.1,1797040.19,5508.34
2018,Groundnut,Tamil Nadu,Kharif,15.6,2418.7,29.0,81.1,14.16,81.1,43222.44,2770.67
2022,Millet,Haryana,Kharif,146.67,1170.2,34.3,260.8,9.55,51.7,71559.92,487.9
2011,Sunflower,Rajasthan,Zaid,273.04,1043.0,33.4,81.7,19.04,54.5,333909.44,1222.93
2007,Sugarcane,Rajasthan,Kharif,139.39,723.0,25.1,104.9,17.51,33.9,10044942.36,72063.58
2016,Potato,Karnataka,Rabi,275.95,697.9,38.7,261.7,17.39,40.3,3103101.66,11245.16
2007,Sugarcane,Uttar Pradesh,Rabi,58.24,1006.3,16.7,205.4,7.29,50.2,3785308.54,64995.0
2018,Maize,Uttar Pradesh,Whole Year,471.46,2460.0,30.8,242.0,8.9,55.2,1757124.3,3726.98
2019,Soybean,Bihar,Kharif,146.16,503.0,40.6,358.0,8.67,70.3,34575.93,236.56
2018,Rice,Uttar Pradesh,Kharif,461.58,870.6,29.8,336.0,9.09,52.8,572189.44,1239.63
2011,Soybean,Andhra Pradesh,Zaid,163.59,489.2,27.3,360.8,17.84,92.0,25915.67,158.42
2021,Wheat,Maharashtra,Rabi,391.14,902.0,18.6,265.7,5.36,52.3,1187835.3,3036.85
2016,Millet,West Bengal,Whole Year,123.85,503.3,36.9,221.4,16.14,91.2,75292.39,607.93
2008,Wheat,Madhya Pradesh,Rabi,335.21,1418.3,25.1,210.7,10.52,77.4,1145768.36,3418.06
2013,Barley,Madhya Pradesh,Kharif,162.53,1264.4,33.9,308.9,5.36,88.5,300386.27,1848.19
2010,Potato,Madhya Pradesh,Kharif,255.07,682.9,20.3,232.5,10.78,75.7,4863108.59,19065.78
2020,Rice,Karnataka,Whole Year,337.23,684.6,16.1,87.0,4.31,67.0,776692.07,2303.15
2006,Potato,Punjab,Kharif,294.85,1677.4,23.2,99.7,2.61,63.1,7608985.76,25806.29
2012,Barley,Rajasthan,Whole Year,288.56,1151.7,22.6,175.0,16.84,48.9,653785.43,2265.68
2015,Cotton,Punjab,Whole Year,33.77,423.6,38.6,73.7,14.14,49.4,12699.8,376.07
2017,Sorghum,Andhra Pradesh,Rabi,125.29,2324.4,38.3,133.7,4.5,44.5,187822.56,1499.1
2021,Sugarcane,Punjab,Whole Year,286.35,1190.9,29.4,279.7,18.87,55.1,16107641.33,56251.58
2012,Potato,Uttar Pradesh,Kharif,10.14,1600.3,15.5,54.4,0.98,38.3,280959.73,27708.06
2022,Groundnut,Gujarat,Zaid,126.07,2247.9,21.2,261.4,7.0,55.2,265149.42,2103.19
2022,Barley,Karnataka,Zaid,115.36,1184.7,32.3,320.3,0.92,84.2,290566.39,2518.78
2018,Soybean,Gujarat,Kharif,125.68,2105.5,17.7,109.6,3.27,86.6,287650.39,2288.75
2019,Cotton,Tamil Nadu,Zaid,268.27,2312.5,33.9,113.3,4.01,71.8,235077.65,876.27
2010,Sugarcane,Gujarat,Zaid,291.4,682.9,15.3,60.1,16.3,46.7,10376751.15,35609.99
2015,Barley,West Bengal,Whole Year,454.59,2263.5,33.4,229.4,19.86,45.6,1225231.98,2695.25
2017,Potato,Bihar,Zaid,193.63,563.6,37.8,279.1,17.41,48.1,2731555.32,14107.09
2005,Cotton,Rajasthan,Zaid,463.36,905.3,27.7,209.9,12.89,62.5,233081.27,503.02
2010,Cotton,Andhra Pradesh,Zaid,326.33,2078.1,37.4,186.3,14.6,93.5,184875.84,566.53
2013,Rice,Madhya Pradesh,Rabi,456.42,2281.5,36.1,209.0,10.7,37.1,1459558.91,3197.84
2012,Wheat,Rajasthan,Kharif,416.9,1805.1,33.1,323.5,8.74,62.5,1339057.4,3211.94
2015,Cotton,West Bengal,Whole Year,344.1,530.6,27.0,61.7,14.0,74.3,148775.48,432.36
2023,Maize,Rajasthan,Zaid,178.7,1450.6,22.3,324.3,19.48,46.0,236499.64,1323.45
2013,Wheat,Gujarat,Kharif,121.31,1559.8,38.2,283.2,1.06,93.0,357071.95,2943.47
2021,Sugarcane,Maharashtra,Zaid,111.97,920.1,32.5,134.5,6.62,52.7,9134225.08,81577.43
2016,Sugarcane,Rajasthan,Rabi,476.13,2480.9,36.5,233.7,6.94,90.6,45938966.44,96484.08
2018,Sugarcane,Tamil Nadu,Rabi,479.33,1038.4,29.9,67.3,8.58,68.8,31492973.12,65702.07
2019,Sugarcane,Karnataka,Zaid,362.69,762.6,19.6,182.9,12.72,30.3,22528963.21,62116.31
2020,Maize,Karnataka,Zaid,442.01,542.3,41.4,110.9,10.52,50.2,1450064.73,3280.62
2005,Potato,Punjab,Zaid,459.58,1132.7,19.9,57.8,0.87,31.4,12699289.68,27632.38
2014,Barley,Haryana,Rabi,256.27,1823.8,39.6,175.0,8.53,54.8,770176.58,3005.33
2012,Millet,Gujarat,Rabi,314.9,809.1,20.6,304.1,12.58,90.6,105176.22,334.0
2022,Potato,Uttar Pradesh,Kharif,209.96,1993.0,25.1,372.4,10.34,80.6,3560205.08,16956.59
2005,Cotton,West Bengal,Whole Year,209.83,597.9,26.9,281.8,17.51,70.3,84504.6,402.73
2006,Sugarcane,Andhra Pradesh,Whole Year,20.18,1269.0,39.9,190.7,8.27,65.0,1598693.79,79221.69
2005,Sunflower,Bihar,Rabi,217.48,1845.2,39.0,399.8,0.74,54.2,100244.48,460.94
2005,Wheat,Gujarat,Whole Year,337.07,597.7,37.2,149.0,6.06,43.8,1120596.81,3324.52
2013,Wheat,Madhya Pradesh,Zaid,211.57,1615.3,25.2,115.5,3.15,34.1,1040245.33,4916.79
2017,Cotton,Karnataka,Kharif,436.33,2057.7,15.1,212.3,5.38,42.4,279149.02,639.77
2005,Barley,Punjab,Rabi,166.95,1610.2,33.4,226.7,7.56,52.8,494979.72,2964.84
2017,Groundnut,Bihar,Rabi,67.21,1425.2,26.1,174.2,13.69,63.8,126561.35,1883.07
2011,Groundnut,Madhya Pradesh,Whole Year,405.97,2144.3,35.4,293.4,6.82,43.3,505397.81,1244.91
2006,Millet,Bihar,Zaid,337.3,2467.9,36.5,114.4,17.74,93.3,345476.11,1024.24
2010,Barley,Rajasthan,Kharif,121.67,698.9,26.9,228.6,6.34,35.0,253767.07,2085.7
2011,Cotton,Uttar Pradesh,Whole Year,268.69,1821.0,35.2,225.0,3.17,36.2,176810.47,658.05
2018,Groundnut,Uttar Pradesh,Rabi,201.52,477.4,37.7,338.3,3.79,74.4,142640.84,707.82
2022,Groundnut,Haryana,Rabi,469.49,394.3,40.1,374.4,18.72,79.1,41085.11,87.51
2019,Groundnut,Maharashtra,Whole Year,304.06,917.8,30.7,282.1,9.37,93.2,420966.37,1384.48
2006,Soybean,Bihar,Zaid,80.04,2436.0,36.0,156.9,8.36,64.5,169386.49,2116.27
2014,Sunflower,Haryana,Kharif,251.57,1514.8,28.4,291.4,1.84,40.8,323247.25,1284.92
2016,Potato,Rajasthan,Kharif,431.42,890.2,16.1,138.0,14.8,91.0,10259839.06,23781.56
2021,Maize,Bihar,Kharif,336.08,591.7,19.2,388.3,14.05,93.7,232439.43,691.62
2012,Cotton,Gujarat,Kharif,421.38,2324.4,18.5,337.8,7.83,90.0,251617.47,597.13
2015,Sorghum,Tamil Nadu,Zaid,125.95,1097.2,19.6,200.9,13.99,86.7,155292.14,1232.97
2007,Rice,West Bengal,Rabi,444.29,974.7,15.3,324.5,7.67,35.0,652376.81,1468.36
2010,Potato,Uttar Pradesh,Rabi,378.05,2187.5,38.2,193.0,1.93,85.6,11243607.9,29741.06
2013,Rice,Andhra Pradesh,Kharif,364.73,1629.7,30.1,76.1,14.89,92.0,838334.86,2298.51
2010,Barley,Gujarat,Kharif,173.92,671.0,25.3,297.4,19.32,65.9,263240.27,1513.57
2013,Cotton,Andhra Pradesh,Kharif,443.94,1227.3,26.1,191.6,13.14,80.2,280621.57,632.12
2011,Cotton,Punjab,Whole Year,319.35,2342.1,27.5,375.6,5.89,73.0,147216.05,460.99
2013,Rice,Andhra Pradesh,Whole Year,426.07,2282.6,17.0,157.3,5.76,48.7,1785464.01,4190.54
2022,Millet,Uttar Pradesh,Rabi,181.12,454.2,22.4,345.2,18.62,68.2,57517.15,317.56
2016,Rice,Madhya Pradesh,Rabi,73.68,890.9,38.0,288.2,6.41,87.8,139579.38,1894.4
2012,Cotton,Uttar Pradesh,Kharif,166.84,640.0,35.1,348.7,15.48,62.3,27311.29,163.7
2012,Groundnut,Uttar Pradesh,Whole Year,228.18,1474.4,30.2,152.2,13.04,68.4,410770.72,1800.2
2022,Millet,Gujarat,Zaid,267.17,1950.0,28.0,211.5,12.06,64.5,272433.24,1019.7
2019,Sugarcane,Madhya Pradesh,Whole Year,255.89,950.2,22.0,338.1,4.03,48.4,10848685.05,42395.89
2011,Sorghum,Madhya Pradesh,Rabi,273.48,1967.6,27.7,275.3,1.17,71.8,306864.99,1122.07
2015,Soybean,Gujarat,Whole Year,421.01,1771.2,31.1,176.0,10.03,63.1,565537.15,1343.29
2020,Sunflower,Madhya Pradesh,Rabi,85.88,1902.1,34.2,229.2,19.77,45.1,94994.24,1106.13
2008,Maize,West Bengal,Kharif,158.71,2386.1,19.5,398.6,4.32,88.2,273150.11,1721.06
2010,Sugarcane,Karnataka,Zaid,444.42,1234.1,37.0,309.6,10.97,91.8,17105067.41,38488.52
2007,Wheat,Maharashtra,Kharif,280.67,1053.6,24.3,265.1,13.58,33.6,624820.7,2226.18
2013,Rice,Rajasthan,Kharif,292.11,1804.5,28.6,339.8,9.93,70.5,576539.77,1973.71
2014,Sorghum,Rajasthan,Zaid,239.55,2076.6,31.4,204.7,10.39,57.0,361995.48,1511.15
2018,Rice,Punjab,Zaid,274.94,721.2,28.2,382.5,13.39,64.2,69991.2,254.57
2015,Sunflower,Haryana,Zaid,99.84,2163.0,30.4,243.2,16.39,54.3,128404.4,1286.1
2022,Rice,West Bengal,Rabi,273.89,427.3,18.0,164.4,7.0,60.8,573833.6,2095.12
2016,Sugarcane,Karnataka,Kharif,498.59,314.1,26.7,80.1,18.04,51.0,28115114.68,56389.25
2016,Groundnut,Tamil Nadu,Rabi,283.46,648.5,22.6,181.5,9.96,37.6,387636.68,1367.52
2017,Potato,Punjab,Zaid,23.16,2453.1,17.3,249.0,13.41,49.6,574805.52,24818.89
2017,Groundnut,Bihar,Rabi,398.42,1451.8,20.2,296.1,2.58,73.6,489936.37,1229.7
2023,Soybean,Gujarat,Zaid,198.84,402.4,31.3,356.3,10.1,33.3,85998.26,432.5
2023,Millet,Bihar,Whole Year,77.68,2493.8,20.3,380.4,0.81,54.9,62643.51,806.43
2018,Rice,Karnataka,Zaid,431.4,1938.8,19.9,85.9,8.12,32.7,1606362.53,3723.6
2008,Barley,Madhya Pradesh,Kharif,99.79,2143.6,29.9,260.3,1.56,53.2,340499.68,3412.16
2017,Groundnut,Bihar,Kharif,460.46,768.5,39.4,283.3,17.99,35.7,192919.68,418.97
2012,Sunflower,Uttar Pradesh,Kharif,221.46,532.0,36.3,110.2,13.62,52.1,172847.04,780.49
2023,Cotton,Gujarat,Rabi,371.65,1433.2,39.4,241.0,15.94,84.5,207652.0,558.73
2016,Potato,Bihar,Kharif,273.95,1998.8,30.7,167.2,9.62,69.9,8146249.73,29736.26
2022,Sorghum,Bihar,Zaid,129.06,1703.1,26.1,77.1,17.11,74.3,124387.51,963.8
2010,Barley,Haryana,Whole Year,335.87,1688.3,34.7,73.1,17.52,62.7,831126.25,2474.55
2022,Sugarcane,Haryana,Kharif,479.0,1965.6,22.1,315.7,7.46,90.0,40444162.81,84434.58
2023,Sugarcane,Rajasthan,Rabi,385.05,799.4,17.1,265.4,7.85,65.2,30800517.04,79990.95
2009,Soybean,Maharashtra,Whole Year,302.4,1755.3,24.3,300.3,10.41,36.8,451380.59,1492.66
2013,Soybean,Maharashtra,Kharif,495.32,1162.6,23.1,289.8,1.32,90.7,579402.88,1169.75
2007,Millet,Tamil Nadu,Kharif,133.4,453.5,33.2,97.0,19.92,38.6,78620.66,589.36
2014,Potato,Gujarat,Whole Year,32.11,744.7,29.9,103.0,7.5,94.9,547068.89,17037.34
2023,Cotton,Gujarat,Kharif,17.03,2046.8,18.7,138.4,9.68,58.3,12416.39,729.09
2007,Sorghum,Haryana,Rabi,355.63,2271.0,39.5,189.7,15.22,34.8,455930.73,1282.04
2019,Cotton,Uttar Pradesh,Zaid,415.29,922.2,31.0,378.7,6.3,86.2,114212.07,275.02
2005,Wheat,Uttar Pradesh,Zaid,317.92,718.8,27.4,285.9,4.43,36.0,502861.51,1581.72
2011,Soybean,Andhra Pradesh,Whole Year,452.61,358.8,40.3,139.3,2.99,41.3,456668.31,1008.97
2016,Millet,Uttar Pradesh,Zaid,349.29,2384.9,17.6,69.6,10.8,57.1,414235.51,1185.94
2021,Maize,Madhya Pradesh,Kharif,186.11,1804.5,36.3,289.5,0.61,74.0,671421.23,3607.66
2009,Rice,Karnataka,Kharif,91.45,2405.5,24.8,268.9,14.34,37.9,271470.06,2968.51
2008,Rice,Maharashtra,Rabi,462.4,2200.5,33.8,286.5,9.5,70.5,1720005.66,3719.74
2016,Maize,Uttar Pradesh,Zaid,52.69,1049.0,40.1,141.4,10.87,80.7,127922.74,2427.84
2022,Groundnut,West Bengal,Whole Year,271.95,547.9,29.0,230.9,5.63,38.0,353495.47,1299.85
2021,Cotton,Gujarat,Kharif,157.69,1397.9,15.6,176.6,3.98,72.1,88579.02,561.73
2023,Maize,Uttar Pradesh,Whole Year,136.44,359.0,15.8,336.2,14.15,92.3,93212.74,683.18
2013,Millet,Andhra Pradesh,Kharif,323.27,629.8,23.9,74.3,4.6,92.9,323401.92,1000.41
2008,Sorghum,Tamil Nadu,Kharif,116.39,813.6,36.1,146.4,15.71,40.5,107615.36,924.61
2006,Maize,Tamil Nadu,Rabi,458.27,1764.4,22.8,261.0,4.47,79.4,1448965.84,3161.82
2008,Millet,Haryana,Zaid,203.62,1421.7,24.0,121.8,12.45,85.0,235554.79,1156.84
2006,Soybean,Uttar Pradesh,Rabi,339.01,965.3,36.2,285.4,13.06,87.8,357926.52,1055.8
2019,Barley,Bihar,Zaid,364.15,1542.5,18.1,97.9,10.36,51.0,946564.45,2599.38
2006,Sugarcane,Gujarat,Whole Year,341.79,575.4,37.9,58.0,19.94,47.6,28476911.0,83316.98
2008,Sugarcane,Gujarat,Zaid,451.8,1962.6,22.2,352.2,7.83,33.1,22213344.68,49166.32
2010,Potato,Maharashtra,Whole Year,116.33,1866.5,16.4,166.7,17.72,56.0,2747602.0,23619.03
2011,Wheat,Tamil Nadu,Kharif,43.94,776.3,18.2,104.9,3.8,38.1,157478.8,3583.95
2014,Cotton,Haryana,Whole Year,28.68,1634.1,40.7,110.4,7.08,81.1,16088.11,560.95
2023,Sorghum,Uttar Pradesh,Whole Year,439.04,1407.3,27.2,360.1,3.33,39.3,345520.35,786.99
2023,Barley,Tamil Nadu,Kharif,486.67,433.8,21.9,279.1,12.27,83.2,658314.98,1352.69
2016,Barley,Tamil Nadu,Whole Year,151.96,911.9,29.1,384.7,12.95,37.0,109000.11,717.29
2007,Soybean,Gujarat,Whole Year,347.06,2498.9,33.4,330.0,9.34,61.2,437183.8,1259.68
2017,Maize,Uttar Pradesh,Kharif,5.45,519.0,23.6,318.6,14.54,55.0,9049.83,1660.52
2022,Cotton,Bihar,Kharif,95.13,1414.1,34.6,224.9,17.42,69.1,48243.73,507.13
2012,Rice,Punjab,Kharif,344.95,2168.5,21.8,337.3,15.64,63.7,598528.59,1735.12
2019,Barley,Bihar,Zaid,33.88,961.4,18.0,194.4,5.21,68.9,80498.16,2375.98
2005,Millet,Uttar Pradesh,Kharif,234.79,873.6,29.8,339.5,6.75,30.1,90717.04,386.38
2007,Rice,Karnataka,Kharif,331.63,2259.7,19.1,315.2,7.92,38.3,1117159.58,3368.69
2012,Wheat,Tamil Nadu,Whole Year,383.21,970.6,40.4,287.5,4.47,63.6,1080092.84,2818.54
2008,Maize,Maharashtra,Rabi,227.45,1733.3,15.0,165.4,7.54,44.9,876280.27,3852.63
2020,Maize,Madhya Pradesh,Rabi,315.51,1928.7,35.4,270.7,5.14,35.0,1113704.42,3529.85
2014,Sorghum,Madhya Pradesh,Zaid,270.25,2035.0,22.5,227.4,19.92,44.2,299330.63,1107.61
2016,Barley,Punjab,Zaid,27.1,2488.5,37.8,211.5,15.77,80.7,77616.69,2864.08
2018,Soybean,Andhra Pradesh,Rabi,371.66,2067.0,16.6,396.6,17.27,65.2,133270.34,358.58
2018,Groundnut,Haryana,Rabi,87.01,1745.4,40.7,226.5,18.48,42.4,109307.23,1256.26
2006,Groundnut,Bihar,Kharif,16.87,2270.0,17.7,61.2,13.47,31.0,38364.76,2274.14
2009,Sunflower,Uttar Pradesh,Whole Year,226.13,2292.6,36.3,269.3,3.93,53.2,285558.64,1262.81
2009,Sugarcane,Maharashtra,Kharif,432.95,2441.0,29.0,304.8,15.29,53.2,29142046.07,67310.42
2010,Millet,Andhra Pradesh,Zaid,76.26,2008.2,26.6,359.8,0.8,77.8,58657.99,769.18
2017,Rice,Andhra Pradesh,Rabi,7.42,728.8,22.6,271.4,2.71,89.8,13359.84,1800.52
2013,Sunflower,Tamil Nadu,Zaid,55.88,1861.6,37.7,56.8,1.08,54.2,100890.74,1805.49
2019,Wheat,Karnataka,Kharif,182.47,465.3,20.4,91.9,3.14,74.7,672691.66,3686.59
2018,Sugarcane,Tamil Nadu,Zaid,290.51,999.5,34.5,106.4,15.16,71.3,21668017.98,74586.13
2011,Maize,Haryana,Zaid,97.31,554.8,27.0,123.9,17.77,57.4,225307.91,2315.36
2006,Rice,Punjab,Whole Year,401.18,2389.9,42.0,329.9,5.94,34.3,1179193.26,2939.31
2011,Cotton,Bihar,Zaid,376.9,1045.3,31.5,158.4,2.82,60.8,248645.51,659.71
2010,Barley,Gujarat,Kharif,348.24,1869.1,17.8,159.3,5.82,53.0,1214557.1,3487.7
2021,Wheat,West Bengal,Whole Year,244.25,1556.9,26.3,314.5,13.12,65.8,724291.44,2965.37
2006,Cotton,Punjab,Zaid,183.24,536.5,16.8,194.4,7.33,38.2,79860.03,435.82
2007,Soybean,Bihar,Kharif,188.42,1535.0,22.7,72.6,19.24,77.1,228899.67,1214.84
2009,Sunflower,Haryana,Rabi,252.03,1754.3,24.3,254.8,3.05,81.2,323799.5,1284.77
2009,Barley,Madhya Pradesh,Whole Year,39.58,2239.3,38.0,95.5,19.81,55.3,109230.59,2759.74
2005,Rice,Bihar,Zaid,341.47,454.2,37.6,250.1,0.74,41.4,394090.32,1154.1
2012,Barley,Gujarat,Zaid,176.4,950.4,15.3,322.9,9.31,70.5,172460.69,977.67
2016,Sugarcane,Andhra Pradesh,Whole Year,113.15,1823.2,29.4,375.3,5.41,92.1,5010910.15,44285.55
2008,Sorghum,Punjab,Kharif,139.89,375.5,21.0,73.5,11.54,75.5,117758.78,841.8
2017,Sugarcane,Gujarat,Zaid,90.97,747.8,23.6,156.4,2.38,38.0,8408231.7,92428.62
2019,Soybean,Uttar Pradesh,Kharif,450.88,781.1,15.6,278.4,17.58,55.8,192292.05,426.48
2015,Millet,Tamil Nadu,Whole Year,85.35,1772.5,35.2,160.4,3.16,89.5,80291.25,940.73
2014,Cotton,Bihar,Zaid,441.58,929.1,40.7,207.9,11.95,71.2,135804.21,307.54
2007,Potato,West Bengal,Rabi,286.55,1619.1,20.9,57.0,1.15,39.6,9066648.49,31640.72
2018,Sugarcane,Maharashtra,Rabi,433.86,2423.8,24.2,292.7,6.56,77.1,37335243.07,86053.66
2020,Sorghum,Bihar,Rabi,237.56,2045.1,20.6,359.1,3.42,53.0,198890.52,837.22
2014,Millet,Uttar Pradesh,Whole Year,463.89,1032.4,40.1,391.9,19.57,61.8,102732.27,221.46
2014,Sugarcane,Punjab,Zaid,106.53,1339.3,15.3,340.7,0.73,57.0,6535944.53,61353.09
2016,Maize,Bihar,Whole Year,277.79,741.5,30.8,61.1,7.37,77.2,771991.22,2779.05
2013,Sorghum,Rajasthan,Zaid,63.79,334.6,38.5,278.1,6.4,44.2,26287.82,412.1
2005,Cotton,Gujarat,Rabi,224.16,937.4,20.0,223.5,13.32,55.2,133882.23,597.26
2009,Wheat,Andhra Pradesh,Rabi,285.38,1112.7,30.9,378.3,1.6,78.4,517160.7,1812.18
2012,Groundnut,Andhra Pradesh,Kharif,303.23,1541.6,16.4,365.7,16.31,75.8,172395.06,568.53
2015,Millet,Rajasthan,Whole Year,183.4,2376.9,37.0,395.8,9.6,43.1,96186.45,524.46
2016,Maize,Punjab,Whole Year,39.09,2385.3,22.4,351.7,9.33,52.8,99265.92,2539.42
2005,Potato,Andhra Pradesh,Kharif,328.01,454.2,41.7,241.4,4.92,30.9,5557887.11,16944.26
2015,Wheat,Bihar,Rabi,244.73,1652.2,39.9,300.2,10.06,64.5,433445.59,1771.12
2009,Rice,Karnataka,Rabi,69.3,393.2,34.8,387.6,7.6,48.3,13956.63,201.39
2019,Sorghum,Madhya Pradesh,Whole Year,468.0,1725.8,28.4,252.3,5.28,30.8,509038.33,1087.69
2009,Sunflower,Andhra Pradesh,Zaid,477.88,558.9,35.7,344.0,3.79,57.6,251094.68,525.43
2016,Maize,Madhya Pradesh,Rabi,428.45,2382.1,18.5,379.8,14.7,90.2,635047.4,1482.2
2009,Barley,West Bengal,Kharif,422.09,2201.5,23.4,249.7,3.27,90.0,1267633.5,3003.23
2021,Rice,Karnataka,Kharif,50.24,349.1,15.7,105.7,3.78,54.2,119729.69,2383.15
2021,Rice,Haryana,Kharif,496.72,2020.7,32.4,104.4,11.75,59.2,1782902.98,3589.35
2016,Potato,Bihar,Whole Year,200.79,1699.0,36.7,90.4,4.91,45.8,5366174.8,26725.31
2019,Millet,Bihar,Whole Year,82.4,1389.8,40.5,216.7,9.46,34.4,58294.23,707.45
2019,Potato,Haryana,Whole Year,406.24,1625.8,33.5,218.0,11.28,75.1,9748180.74,23996.11
2010,Sorghum,Gujarat,Whole Year,113.64,1792.2,34.8,266.1,5.85,82.0,165871.14,1459.62
2016,Potato,Karnataka,Kharif,263.56,2245.8,39.2,219.0,7.2,87.2,6813115.66,25850.34
2022,Maize,Uttar Pradesh,Kharif,64.88,1988.2,40.3,390.6,4.6,90.8,145758.42,2246.58
2018,Soybean,Gujarat,Whole Year,237.85,1565.8,28.3,152.0,9.48,89.5,310586.93,1305.81
2006,Sunflower,Uttar Pradesh,Whole Year,279.51,2114.2,18.0,355.8,19.85,31.8,153265.99,548.34
2013,Maize,West Bengal,Kharif,223.52,2471.2,27.6,85.1,7.57,93.6,1161590.55,5196.81
2009,Potato,Tamil Nadu,Whole Year,35.67,960.4,30.0,260.7,13.24,54.7,604874.25,16957.51
2005,Sugarcane,Punjab,Whole Year,242.98,560.5,32.1,276.9,12.9,87.6,8819955.03,36299.1
2007,Rice,Bihar,Whole Year,235.0,1909.2,41.7,320.3,15.84,58.6,487022.24,2072.44
2010,Cotton,Bihar,Whole Year,131.55,2452.9,39.8,226.1,14.38,57.4,71425.54,542.95
2009,Rice,Karnataka,Rabi,460.88,556.8,25.7,119.0,0.73,30.7,1442103.64,3129.02
2009,Rice,Rajasthan,Whole Year,209.48,1249.8,18.1,179.1,6.53,33.4,708690.11,3383.09
2005,Groundnut,Maharashtra,Kharif,432.19,437.0,20.8,145.3,17.47,73.6,566519.48,1310.81
2021,Sunflower,Punjab,Kharif,55.72,2008.4,19.7,196.7,11.02,90.9,104933.77,1883.23
2023,Sunflower,West Bengal,Kharif,160.12,2387.2,24.6,235.5,2.53,44.6,263003.86,1642.54
2018,Barley,Karnataka,Kharif,88.99,1397.8,38.7,268.8,5.88,36.1,212213.73,2384.69
2016,Potato,Haryana,Whole Year,204.8,1200.9,26.8,345.8,6.03,43.9,3479372.89,16989.13
2014,Soybean,Bihar,Rabi,56.71,2297.0,30.3,368.5,17.53,43.8,42987.61,758.03
2022,Wheat,Punjab,Zaid,221.08,593.5,19.8,211.9,11.29,49.1,487443.15,2204.83
2015,Sunflower,Bihar,Zaid,177.58,2261.5,28.3,81.0,12.36,36.2,325976.88,1835.66
2006,Potato,Bihar,Zaid,112.43,1162.7,38.6,329.0,7.66,45.3,1257844.15,11187.8
2022,Wheat,Bihar,Zaid,321.45,1530.7,35.9,217.0,1.68,89.9,1327207.3,4128.81
2011,Sunflower,Uttar Pradesh,Kharif,475.5,1462.2,17.2,241.3,1.97,87.9,672512.42,1414.33
2019,Barley,Rajasthan,Whole Year,104.35,1655.2,38.3,258.5,8.7,50.6,242700.14,2325.83
2015,Rice,Punjab,Whole Year,356.18,2372.7,22.4,283.8,3.96,94.8,1398858.67,3927.39
2022,Wheat,Maharashtra,Zaid,371.45,2392.5,33.0,361.5,2.53,49.4,1174263.24,3161.3
2016,Potato,West Bengal,Zaid,249.56,2128.5,19.0,383.3,5.61,76.9,4282133.16,17158.73
2010,Sorghum,West Bengal,Rabi,448.94,721.4,33.2,379.1,14.97,71.9,97274.89,216.68
2017,Soybean,Gujarat,Rabi,483.23,1033.7,16.0,333.3,1.92,34.2,434240.75,898.62
2020,Wheat,Bihar,Rabi,181.76,1373.2,31.2,361.2,9.24,52.2,286682.91,1577.26
2022,Barley,Madhya Pradesh,Kharif,325.87,2292.0,32.4,67.4,16.61,91.8,980632.41,3009.27
2014,Sugarcane,Madhya Pradesh,Whole Year,331.44,1445.9,21.6,347.2,5.72,33.3,20113754.48,60685.96
2012,Wheat,West Bengal,Kharif,202.41,2450.4,40.3,75.3,6.39,41.4,983012.09,4856.54
2022,Potato,Gujarat,Kharif,159.08,2464.5,16.2,311.2,17.74,93.1,3309087.11,20801.4
2005,Soybean,West Bengal,Whole Year,466.94,1616.9,39.1,109.3,13.18,32.6,978356.04,2095.25
2012,Sunflower,Maharashtra,Rabi,395.2,2230.5,25.3,176.0,16.06,59.0,570367.54,1443.24
2010,Millet,West Bengal,Whole Year,58.12,2498.3,34.3,114.5,6.14,89.7,64809.35,1115.1
2009,Sunflower,Rajasthan,Zaid,60.82,2169.4,32.6,205.2,19.94,91.3,73858.86,1214.38
2019,Millet,Tamil Nadu,Rabi,461.35,1745.2,19.5,194.1,3.25,93.7,502542.44,1089.29
2019,Sorghum,Bihar,Whole Year,41.62,2159.3,23.6,66.8,19.26,61.3,58414.78,1403.53
2006,Maize,Haryana,Kharif,344.52,481.8,29.3,340.7,18.09,35.6,214663.35,623.08
2005,Maize,Rajasthan,Whole Year,114.15,1696.6,37.9,349.0,11.26,80.2,237976.48,2084.77
2015,Wheat,Madhya Pradesh,Rabi,18.56,776.3,40.8,325.6,11.91,76.1,17407.31,937.89
2014,Cotton,West Bengal,Zaid,30.76,555.3,15.6,346.7,15.61,67.7,5205.06,169.22
2022,Potato,Karnataka,Kharif,187.39,2264.3,24.5,312.8,6.48,87.7,3649586.91,19475.89
2022,Sugarcane,Bihar,Zaid,39.72,1707.2,33.0,378.1,10.79,89.3,1507462.17,37952.22
2021,Barley,Uttar Pradesh,Zaid,298.72,835.8,29.2,251.7,18.1,74.4,390989.92,1308.88
2012,Sugarcane,Tamil Nadu,Kharif,323.98,1150.9,40.5,253.9,1.83,37.3,21833058.46,67390.14
2019,Millet,Haryana,Whole Year,187.36,2441.2,15.5,351.0,18.16,36.2,65420.31,349.17
2012,Potato,Uttar Pradesh,Whole Year,371.7,2196.8,26.8,172.3,14.71,56.6,11321916.13,30459.82
2021,Potato,Bihar,Zaid,245.53,334.3,33.1,67.5,15.51,49.0,3640148.1,14825.68
2016,Wheat,Rajasthan,Whole Year,215.68,2455.6,20.9,312.4,1.76,38.6,836399.23,3877.96
2012,Sunflower,Maharashtra,Rabi,204.09,1110.8,34.6,139.1,4.16,69.7,292136.12,1431.41
2018,Soybean,Maharashtra,Zaid,216.12,1829.9,17.2,216.0,18.54,74.4,247926.76,1147.17
2008,Barley,Uttar Pradesh,Zaid,483.98,1867.9,27.2,134.2,2.92,75.4,1591114.76,3287.56
2005,Sugarcane,Karnataka,Zaid,341.02,2305.7,33.3,339.5,12.81,41.4,14654248.32,42971.81
2005,Soybean,Uttar Pradesh,Rabi,158.29,2247.1,22.2,385.4,15.76,49.9,107857.84,681.39
2023,Barley,Rajasthan,Zaid,367.2,919.8,17.0,69.3,5.01,42.9,1145200.99,3118.74
2020,Sugarcane,Uttar Pradesh,Whole Year,165.8,1715.8,40.8,131.7,14.13,69.1,13985749.46,84353.13
2018,Sorghum,Haryana,Whole Year,63.73,1166.2,39.7,116.3,1.78,66.9,66219.55,1039.06
2020,Millet,Bihar,Whole Year,238.2,1456.2,40.0,285.6,10.23,62.7,171758.26,721.07
2009,Rice,Karnataka,Whole Year,375.76,1520.3,41.4,200.0,7.02,49.2,1262354.36,3359.47
2013,Barley,Andhra Pradesh,Zaid,189.45,1172.0,20.0,209.7,13.09,45.4,361696.95,1909.19
2006,Millet,Punjab,Rabi,434.72,1320.6,19.3,105.0,17.84,87.9,365094.86,839.84
2022,Potato,Bihar,Kharif,194.09,758.4,15.9,195.2,2.95,33.2,4111711.76,21184.56
2010,Groundnut,Madhya Pradesh,Whole Year,175.57,1636.8,39.1,156.1,9.28,72.7,329509.25,1876.8
2013,Cotton,Andhra Pradesh,Kharif,499.12,1969.7,35.3,263.9,8.75,31.3,289830.41,580.68
2005,Potato,Gujarat,Kharif,241.75,1245.4,32.1,126.0,6.81,42.6,6548657.39,27088.55
2013,Wheat,Uttar Pradesh,Zaid,402.81,2450.9,40.0,265.2,9.86,48.8,1445476.9,3588.48
2020,Groundnut,Maharashtra,Whole Year,402.69,425.9,30.5,182.2,17.67,87.6,565872.63,1405.23
2017,Soybean,Andhra Pradesh,Whole Year,463.26,1596.2,18.5,171.2,19.49,39.0,436372.51,941.96
2013,Potato,West Bengal,Whole Year,43.36,1583.9,19.8,156.9,0.56,91.0,1133581.07,26143.47
2017,Potato,Rajasthan,Kharif,136.34,379.9,18.6,285.8,14.91,83.0,1989353.97,14591.12
2013,Barley,Andhra Pradesh,Whole Year,384.11,794.1,23.3,246.8,12.49,74.1,662797.53,1725.54
2015,Wheat,Tamil Nadu,Whole Year,281.74,2292.2,25.2,348.1,19.89,56.8,723319.2,2567.33
2008,Wheat,Karnataka,Rabi,280.25,1497.9,36.5,134.6,2.25,88.8,1141547.19,4073.32
2006,Groundnut,Bihar,Zaid,83.94,1260.0,20.2,64.0,16.32,64.3,155172.26,1848.61
2010,Potato,Rajasthan,Whole Year,141.3,1214.1,34.6,113.7,18.71,54.1,2978971.94,21082.6
2018,Groundnut,Maharashtra,Whole Year,261.15,2254.0,28.3,170.2,18.29,68.1,675246.74,2585.67
2008,Rice,Gujarat,Zaid,139.31,1107.5,42.0,112.9,11.43,45.1,358156.91,2570.93
2010,Sugarcane,Madhya Pradesh,Zaid,105.93,2190.2,36.0,79.2,6.89,47.7,10694668.93,100959.77
2023,Barley,Andhra Pradesh,Kharif,44.79,980.2,41.2,205.9,12.98,89.8,103664.66,2314.46
2010,Millet,Karnataka,Kharif,78.71,1469.3,24.2,286.9,6.47,81.6,72794.31,924.84
2006,Maize,Punjab,Kharif,384.67,616.4,18.3,313.0,8.54,63.4,508415.31,1321.69
2022,Potato,Karnataka,Zaid,359.67,2115.1,28.7,189.6,9.19,57.1,11254421.83,31290.97
2017,Sunflower,Karnataka,Rabi,23.87,1919.1,18.4,217.3,6.39,82.5,36096.26,1512.2
2013,Barley,Rajasthan,Whole Year,102.44,1466.2,28.3,314.4,7.17,67.1,206628.08,2017.06
2023,Barley,Punjab,Zaid,280.67,357.0,22.3,173.4,0.64,57.0,727930.01,2593.54
2017,Barley,Karnataka,Rabi,161.99,1358.8,28.3,324.7,6.29,63.5,344125.34,2124.36
2015,Wheat,Tamil Nadu,Zaid,411.8,795.4,40.6,388.6,9.71,45.1,227345.99,552.08
2005,Soybean,Madhya Pradesh,Rabi,392.71,1209.4,22.8,358.2,3.87,43.1,309705.67,788.64
2011,Wheat,Andhra Pradesh,Zaid,445.9,2184.1,41.8,208.8,16.21,94.3,1950305.42,4373.86
2019,Soybean,Andhra Pradesh,Zaid,281.9,1993.1,21.2,252.8,10.98,93.0,406216.7,1441.0
2005,Groundnut,Bihar,Rabi,176.69,832.3,20.6,300.7,15.98,57.4,207743.12,1175.75
2016,Maize,Tamil Nadu,Rabi,303.43,2466.9,29.7,172.3,3.0,63.5,1356354.85,4470.07
2011,Wheat,Andhra Pradesh,Rabi,45.48,2287.1,37.7,329.7,16.5,83.8,92044.08,2023.84
2019,Potato,Karnataka,Rabi,5.78,1463.1,35.2,202.9,19.19,77.2,126323.17,21855.22
2023,Soybean,Gujarat,Rabi,9.53,1466.3,34.5,346.4,7.37,36.5,7459.77,782.77
2005,Wheat,Karnataka,Rabi,204.36,2282.8,22.6,139.2,6.04,54.3,817666.79,4001.11
2021,Cotton,Rajasthan,Rabi,114.81,1699.5,15.6,54.0,13.11,46.3,68985.4,600.87
2021,Wheat,West Bengal,Rabi,79.51,1480.7,19.4,271.4,12.9,94.5,241507.2,3037.44
2007,Maize,Bihar,Zaid,308.05,1948.1,24.4,208.2,2.69,78.7,1210231.38,3928.68
2016,Maize,Gujarat,Rabi,497.55,817.2,41.2,70.9,18.57,33.1,947919.38,1905.17
2010,Soybean,Maharashtra,Rabi,89.7,2232.4,39.8,220.7,9.84,88.5,140818.81,1569.89
2015,Soybean,Maharashtra,Zaid,273.66,1469.1,20.4,109.0,15.41,90.3,333172.21,1217.47
2007,Groundnut,Gujarat,Zaid,60.74,1627.7,34.6,270.4,7.51,51.7,100021.25,1646.71
2012,Maize,Karnataka,Kharif,467.18,497.9,30.6,205.8,5.6,71.7,1471289.99,3149.3
2018,Maize,Uttar Pradesh,Kharif,146.59,980.9,16.3,109.9,2.67,74.3,594330.71,4054.37
2018,Potato,West Bengal,Rabi,439.29,1238.8,25.0,194.2,5.85,77.4,10263976.22,23364.92
2014,Rice,Tamil Nadu,Rabi,142.26,1210.6,28.1,131.4,19.87,75.1,459448.91,3229.64
2006,Barley,Karnataka,Kharif,403.22,2012.2,33.0,278.6,13.33,66.4,999014.14,2477.59
2018,Sorghum,Gujarat,Kharif,105.48,921.1,23.0,153.3,16.15,92.0,95371.42,904.17
2013,Wheat,Uttar Pradesh,Whole Year,147.1,700.6,40.2,337.7,19.19,63.3,64482.09,438.36
2007,Sugarcane,Karnataka,Whole Year,97.05,1581.8,27.2,55.0,2.04,37.2,9420713.79,97070.72
2012,Groundnut,Uttar Pradesh,Rabi,132.87,1653.0,21.7,191.2,3.71,35.2,218751.83,1646.36
2020,Barley,Gujarat,Whole Year,417.6,567.5,23.5,266.0,18.6,31.2,754103.35,1805.8
2006,Sorghum,Karnataka,Kharif,319.88,305.4,35.3,57.9,11.51,57.8,279323.98,873.21
2010,Rice,Punjab,Rabi,203.53,2318.8,32.3,125.5,12.88,47.8,791744.59,3890.06
2016,Sugarcane,Andhra Pradesh,Zaid,485.79,475.2,35.0,164.6,8.84,88.2,31929354.06,65726.66
2009,Soybean,Gujarat,Zaid,232.97,2275.3,22.9,57.6,16.38,86.4,332473.08,1427.11
2006,Maize,Maharashtra,Kharif,484.91,1178.3,23.8,241.3,10.59,84.5,1468957.23,3029.34
2020,Cotton,Maharashtra,Whole Year,99.1,1736.7,25.7,270.8,16.61,86.4,56164.35,566.74
2009,Groundnut,West Bengal,Zaid,452.41,708.4,20.1,129.6,19.85,49.3,678716.98,1500.23
2019,Millet,Haryana,Whole Year,7.9,2112.6,33.7,240.2,13.11,57.7,8543.8,1081.49
2016,Sunflower,Maharashtra,Zaid,273.11,696.4,23.9,399.7,10.81,50.3,57403.9,210.19
2008,Maize,Haryana,Whole Year,212.1,1150.3,23.8,360.4,7.62,35.6,146926.1,692.72
2019,Cotton,Punjab,Zaid,263.02,823.7,22.3,70.5,4.3,90.1,174547.19,663.63
2015,Sorghum,Gujarat,Zaid,277.17,2142.5,27.2,94.8,13.3,70.0,406110.36,1465.2
2020,Soybean,Uttar Pradesh,Rabi,195.13,2188.3,35.8,223.0,1.72,38.6,412581.37,2114.39
2010,Sugarcane,Bihar,Rabi,499.1,1118.5,37.6,135.8,19.15,43.4,41854215.03,83859.38
2018,Sorghum,West Bengal,Kharif,488.28,976.2,36.7,78.3,13.13,59.3,573049.38,1173.61
2022,Sunflower,Andhra Pradesh,Zaid,480.91,2001.8,31.8,139.1,19.21,33.4,543053.7,1129.22
2016,Maize,Bihar,Whole Year,489.56,2232.7,22.6,71.4,5.81,47.7,1994654.02,4074.38
2015,Maize,Tamil Nadu,Zaid,396.71,1672.8,34.8,235.5,18.96,75.7,1132337.16,2854.32
2017,Sugarcane,Haryana,Whole Year,494.31,2340.3,16.1,221.6,12.44,89.8,39501961.87,79913.34
2015,Millet,Andhra Pradesh,Whole Year,446.29,1142.7,36.6,52.2,16.3,90.4,396516.49,888.47
2020,Cotton,West Bengal,Zaid,208.55,634.2,36.1,218.9,3.99,63.8,114382.12,548.46
2019,Sorghum,West Bengal,Whole Year,392.6,695.2,33.1,231.9,10.25,50.3,425079.99,1082.73
2019,Soybean,Maharashtra,Kharif,456.12,1773.6,17.6,262.0,11.59,89.8,672039.15,1473.38
2008,Maize,Andhra Pradesh,Rabi,356.59,1196.6,41.9,389.5,8.16,81.1,230233.92,645.65
2015,Sorghum,Karnataka,Whole Year,211.97,643.9,35.4,393.9,5.44,68.2,43862.47,206.93
2023,Potato,Rajasthan,Zaid,33.83,942.9,34.8,234.4,18.14,84.2,415673.52,12287.13
2019,Millet,West Bengal,Rabi,405.04,1467.3,16.7,345.8,2.16,59.8,275396.53,679.92
2008,Sorghum,Haryana,Kharif,476.42,567.2,25.8,79.8,3.5,37.3,410567.27,861.78
2017,Sugarcane,Bihar,Whole Year,181.87,307.6,17.3,235.9,6.75,91.0,9569217.78,52615.7
2023,Sunflower,Tamil Nadu,Whole Year,76.8,2318.1,24.7,287.6,18.44,64.7,99394.62,1294.2
2006,Soybean,Tamil Nadu,Rabi,163.93,970.7,30.4,247.7,11.5,75.2,193084.73,1177.85
2018,Rice,Madhya Pradesh,Whole Year,291.73,787.3,38.7,130.8,7.78,55.5,849122.76,2910.65
2008,Sugarcane,Bihar,Zaid,159.15,1836.7,22.6,71.9,8.35,38.8,14407058.24,90525.03
2020,Sorghum,Punjab,Rabi,305.7,2177.5,31.8,185.3,16.84,47.7,331105.19,1083.1
2018,Rice,Punjab,Rabi,483.46,1691.0,19.4,276.7,1.02,32.8,1581025.29,3270.23
2019,Maize,Bihar,Whole Year,335.7,859.9,24.6,397.1,0.72,35.7,294863.25,878.35
2007,Rice,Maharashtra,Kharif,181.97,2195.6,40.6,132.8,1.4,43.3,631536.87,3470.55
2012,Millet,Karnataka,Kharif,467.94,1422.9,35.2,371.2,9.65,66.5,197847.86,422.81
2020,Wheat,Maharashtra,Kharif,283.25,1138.6,29.7,73.9,11.83,94.5,974780.97,3441.42
2014,Millet,Tamil Nadu,Kharif,65.06,1630.4,21.8,375.8,12.68,84.8,46902.82,720.92
2008,Sugarcane,Uttar Pradesh,Rabi,249.99,1841.3,25.3,341.3,14.76,35.6,14484446.93,57940.11
2022,Wheat,Tamil Nadu,Rabi,327.16,1606.4,19.2,57.3,4.2,84.8,1420857.8,4343.01
2006,Sugarcane,West Bengal,Whole Year,419.29,2324.5,24.5,154.4,5.61,64.9,45986730.1,109677.62
2021,Potato,Andhra Pradesh,Kharif,468.3,1681.6,19.1,67.8,5.25,72.9,14556271.87,31083.22
2017,Sunflower,Andhra Pradesh,Kharif,159.39,2232.9,36.5,398.4,3.41,38.4,121278.85,760.89
2008,Sunflower,West Bengal,Whole Year,78.6,1591.3,17.2,199.7,5.27,55.7,105201.0,1338.44
2015,Groundnut,West Bengal,Whole Year,37.84,1025.3,20.1,281.8,12.47,87.5,42423.42,1121.13
2011,Soybean,Tamil Nadu,Whole Year,369.44,1471.1,33.7,132.0,7.65,57.6,550175.0,1489.21
2016,Sunflower,Andhra Pradesh,Zaid,397.78,489.9,39.4,376.8,15.47,38.3,6724.01,16.9
2014,Barley,Andhra Pradesh,Whole Year,205.28,806.4,41.0,146.0,10.96,50.2,577909.31,2815.22
2011,Maize,Gujarat,Whole Year,198.57,1985.7,37.6,141.1,4.63,44.4,865392.6,4358.12
2017,Maize,Madhya Pradesh,Zaid,477.16,1755.2,20.7,160.1,9.61,74.6,1773792.49,3717.4
2011,Potato,Andhra Pradesh,Kharif,458.42,666.3,22.7,211.9,12.07,89.2,8267553.41,18034.89
2021,Groundnut,West Bengal,Rabi,117.4,1263.6,38.5,56.5,17.39,77.7,135282.5,1152.32
2014,Potato,Punjab,Kharif,390.62,612.4,39.0,259.2,16.76,84.8,2220623.57,5684.87
2014,Sorghum,Karnataka,Rabi,311.73,2182.8,32.3,61.1,8.82,82.4,499421.3,1602.1
2008,Cotton,Uttar Pradesh,Rabi,77.96,540.2,23.5,238.7,13.13,30.9,35115.42,450.43
2008,Sugarcane,Bihar,Whole Year,179.03,1739.3,21.0,210.3,6.31,38.1,17478903.0,97631.14
2011,Barley,West Bengal,Whole Year,89.56,1635.4,38.0,134.9,12.84,57.5,278719.51,3112.1
2005,Barley,Madhya Pradesh,Zaid,148.28,1340.1,20.5,165.4,18.3,37.3,352681.6,2378.48
2016,Millet,Andhra Pradesh,Kharif,308.04,912.1,32.9,297.0,12.68,77.8,191073.85,620.29
2017,Millet,Haryana,Kharif,188.26,1188.7,41.1,53.4,6.42,34.6,170857.61,907.56
2014,Cotton,Tamil Nadu,Rabi,197.64,2074.1,34.0,160.8,13.06,57.1,94791.36,479.62
2019,Potato,Tamil Nadu,Whole Year,270.28,1975.4,22.0,288.1,18.1,55.5,6063570.34,22434.4
2017,Sorghum,Karnataka,Whole Year,44.52,1925.4,22.6,103.3,3.17,65.3,64314.18,1444.61
2013,Groundnut,West Bengal,Kharif,369.66,1949.6,17.5,246.1,9.91,70.9,685911.8,1855.52
2013,Rice,Karnataka,Zaid,201.45,616.6,33.5,109.1,6.76,91.6,482708.03,2396.17
2019,Millet,Punjab,Whole Year,240.72,518.0,29.0,104.2,5.21,47.6,221646.15,920.76
2014,Sorghum,Rajasthan,Zaid,487.18,2195.3,20.6,320.3,8.23,73.3,640706.43,1315.13
2014,Soybean,Maharashtra,Kharif,172.84,2141.8,21.1,143.3,8.18,32.3,334114.75,1933.09
2012,Maize,Haryana,Kharif,324.46,1798.9,15.2,181.5,4.6,30.1,1367670.48,4215.22
2020,Maize,Maharashtra,Zaid,196.86,1633.0,41.4,305.5,8.37,31.6,446413.9,2267.67
2021,Sorghum,Rajasthan,Whole Year,447.25,1107.1,37.4,112.8,12.86,59.2,450155.72,1006.5
2009,Cotton,Haryana,Kharif,423.53,793.0,25.6,236.1,1.0,66.1,229005.13,540.71
2008,Groundnut,Maharashtra,Rabi,121.57,1768.8,40.5,371.2,19.79,30.4,83695.7,688.46
2022,Sunflower,Haryana,Kharif,346.18,2308.7,33.3,243.8,6.27,55.8,526231.31,1520.11
2023,Barley,Karnataka,Whole Year,33.52,1261.4,35.3,67.1,12.66,32.7,89608.26,2673.28
2008,Cotton,Uttar Pradesh,Rabi,481.63,967.1,33.4,256.4,6.03,72.5,220184.54,457.17
2011,Sorghum,Gujarat,Kharif,175.15,895.6,35.4,81.6,8.17,71.0,218969.03,1250.18
2014,Groundnut,Haryana,Whole Year,416.09,352.2,19.6,148.7,11.21,81.0,629139.38,1512.03
2022,Groundnut,Rajasthan,Whole Year,159.9,1444.7,30.2,347.4,12.43,65.5,152934.19,956.44
2023,Sugarcane,Karnataka,Kharif,316.75,2474.1,37.9,53.9,15.52,70.5,32899107.07,103864.58
2008,Wheat,Gujarat,Whole Year,491.81,2093.5,15.5,77.0,15.94,48.2,2160015.2,4391.97
2014,Maize,Karnataka,Zaid,438.5,2274.4,18.3,177.2,10.61,35.6,2113702.16,4820.3
2005,Sorghum,Punjab,Rabi,81.02,1666.6,21.6,399.8,1.98,77.9,42320.81,522.35
2022,Sunflower,Andhra Pradesh,Zaid,274.2,1359.2,23.0,152.2,11.38,69.8,411771.35,1501.72
2009,Barley,Tamil Nadu,Kharif,174.92,2479.0,19.9,105.0,9.81,91.0,653919.73,3738.39
2019,Wheat,Punjab,Zaid,217.74,1283.8,31.9,242.3,4.7,94.3,822148.17,3775.83
2021,Soybean,Rajasthan,Kharif,168.26,2317.0,22.9,231.7,0.7,85.1,306262.13,1820.17
2007,Millet,West Bengal,Kharif,168.64,1976.1,19.3,207.4,6.66,94.1,189246.24,1122.19
2016,Sugarcane,Bihar,Whole Year,271.73,1028.2,39.5,381.3,5.56,72.1,5525008.42,20332.71
2006,Millet,West Bengal,Whole Year,96.79,1406.7,33.8,148.1,9.92,36.0,97961.37,1012.1
2005,Wheat,Tamil Nadu,Kharif,269.16,1145.5,21.6,152.7,15.35,35.8,763331.65,2835.98
2021,Wheat,Karnataka,Rabi,140.2,599.7,24.7,99.1,9.06,82.5,546846.98,3900.48
2020,Millet,Uttar Pradesh,Rabi,145.2,1084.9,35.0,294.1,19.06,45.4,68340.53,470.66
2009,Potato,Bihar,Rabi,369.64,2255.7,36.4,162.5,4.82,34.0,13203713.52,35720.47
2019,Barley,Rajasthan,Zaid,15.77,1955.8,19.8,331.0,4.81,60.7,31429.89,1993.02
2007,Barley,Tamil Nadu,Kharif,191.09,910.7,40.3,390.1,12.29,50.5,68538.32,358.67
2011,Rice,Madhya Pradesh,Whole Year,204.36,1109.4,36.2,65.3,17.98,68.2,492825.83,2411.56
2015,Sunflower,Gujarat,Zaid,243.07,1656.2,38.1,397.6,13.6,69.0,109097.5,448.83
2014,Soybean,Gujarat,Zaid,334.84,1215.5,18.9,138.9,13.64,74.3,493993.81,1475.31
2013,Barley,West Bengal,Whole Year,185.47,1406.7,18.9,197.0,16.22,67.5,343950.26,1854.48
2018,Sunflower,Andhra Pradesh,Kharif,107.36,1836.0,23.2,322.2,13.54,54.8,123583.87,1151.12
2017,Soybean,Bihar,Zaid,442.55,1328.0,16.7,282.9,15.31,31.5,482435.73,1090.13
2006,Soybean,Madhya Pradesh,Kharif,490.54,720.1,17.5,322.5,17.39,88.8,102251.28,208.45
2007,Wheat,Karnataka,Kharif,10.99,1445.3,18.9,213.2,0.65,51.2,51023.34,4642.71
2011,Soybean,West Bengal,Kharif,273.69,1083.5,34.2,370.6,17.77,63.0,18395.74,67.21
2022,Sugarcane,Uttar Pradesh,Whole Year,171.51,939.6,15.8,326.5,4.7,66.2,8697737.81,50712.72
2007,Millet,Bihar,Kharif,139.22,1021.8,17.2,158.2,18.29,50.5,98515.3,707.62
2014,Potato,Tamil Nadu,Zaid,168.52,1265.8,40.5,382.0,5.69,50.1,1309896.36,7772.94
2011,Rice,Haryana,Whole Year,319.8,2250.5,17.3,386.4,9.38,47.0,510763.01,1597.13
2013,Sorghum,Uttar Pradesh,Whole Year,96.17,1914.9,29.5,195.3,18.71,45.8,119538.74,1242.99
2021,Cotton,Bihar,Zaid,456.52,1769.3,32.3,278.2,2.64,32.0,240702.29,527.25
2015,Rice,Haryana,Whole Year,233.59,1336.8,40.9,335.2,15.03,92.3,367534.12,1573.42
2011,Sugarcane,Karnataka,Zaid,163.46,304.0,39.3,336.1,8.15,68.7,4669307.04,28565.44
2018,Rice,Tamil Nadu,Rabi,383.0,1049.2,26.9,54.9,0.97,37.0,1275189.12,3329.48
2023,Soybean,Madhya Pradesh,Zaid,9.16,2089.0,40.4,270.2,18.81,68.5,11415.57,1246.24
2008,Wheat,Gujarat,Whole Year,216.49,1154.0,26.7,390.8,2.8,45.1,293165.01,1354.17
2010,Cotton,Madhya Pradesh,Zaid,178.3,1540.4,33.1,131.0,15.6,50.2,102820.96,576.67
2014,Barley,Madhya Pradesh,Rabi,169.77,750.4,22.0,328.5,7.99,82.1,144964.77,853.89
2011,Wheat,Madhya Pradesh,Kharif,169.2,2314.9,32.2,237.0,16.31,87.6,570981.97,3374.6
2017,Soybean,Gujarat,Kharif,16.6,2331.0,29.5,127.5,15.13,75.5,26151.49,1575.39
2018,Soybean,Punjab,Kharif,76.91,621.4,31.4,67.9,12.85,90.6,63821.35,829.82
2008,Cotton,Gujarat,Whole Year,71.8,1893.1,33.4,316.0,18.81,88.8,25768.15,358.89
2012,Cotton,Rajasthan,Rabi,494.32,465.5,19.7,160.8,2.43,65.8,267923.27,542.0
2009,Maize,Punjab,Zaid,12.06,1616.8,23.1,181.5,16.07,89.0,41290.25,3423.74
2005,Groundnut,Punjab,Zaid,84.37,693.0,34.9,219.8,13.58,65.4,111418.1,1320.59
2008,Groundnut,Bihar,Zaid,487.11,620.6,19.4,227.5,6.64,36.8,658255.83,1351.35
2007,Sunflower,Gujarat,Zaid,314.5,309.1,24.3,122.2,11.15,83.9,357185.47,1135.72
2013,Potato,West Bengal,Whole Year,225.88,2369.9,33.0,284.7,13.07,38.5,5704413.2,25254.18
2012,Wheat,Andhra Pradesh,Whole Year,40.3,2124.4,40.3,292.4,14.86,50.5,130769.67,3244.9
2005,Barley,Andhra Pradesh,Rabi,335.16,470.4,17.0,99.8,4.15,54.7,858883.52,2562.61
2010,Rice,Bihar,Zaid,69.76,1618.6,28.9,236.5,2.49,82.5,241323.96,3459.35
2013,Soybean,Rajasthan,Kharif,335.92,812.4,17.2,263.2,2.49,35.4,323235.94,962.24
2011,Soybean,Maharashtra,Whole Year,489.61,880.8,25.2,115.2,6.23,58.9,797094.19,1628.02
2008,Maize,West Bengal,Rabi,266.45,2223.2,19.7,363.1,3.51,58.4,598900.78,2247.7
2017,Wheat,Maharashtra,Rabi,107.83,551.5,32.5,219.0,10.95,67.8,284085.27,2634.57
2021,Potato,Haryana,Whole Year,313.02,1623.3,35.5,90.3,9.02,53.0,8765356.2,28002.54
2006,Wheat,Madhya Pradesh,Kharif,256.95,1182.8,21.7,167.0,17.91,67.5,835162.75,3250.29
2009,Millet,West Bengal,Kharif,267.04,719.8,34.2,216.9,14.49,94.1,86034.71,322.18
2016,Sunflower,Bihar,Zaid,239.58,1294.2,27.1,53.6,4.51,34.7,389058.15,1623.92
2012,Cotton,Tamil Nadu,Whole Year,337.2,2369.1,22.7,61.2,1.39,86.9,332346.74,985.61
2010,Barley,Maharashtra,Kharif,286.4,2019.5,29.1,69.4,14.33,50.1,712764.27,2488.7
2012,Potato,Rajasthan,Whole Year,493.51,590.6,25.3,238.3,16.99,60.3,7597273.02,15394.36
2022,Cotton,Rajasthan,Rabi,413.11,2168.7,21.2,167.6,14.17,78.2,279943.72,677.65
2007,Barley,West Bengal,Rabi,133.08,2362.4,35.4,362.6,13.05,89.2,222799.07,1674.17
2016,Sugarcane,Punjab,Rabi,363.15,909.3,36.5,245.7,5.36,30.6,28748866.01,79165.27
2007,Sorghum,Tamil Nadu,Whole Year,107.94,1033.5,36.6,316.0,10.14,73.0,71322.02,660.76
2010,Sunflower,Karnataka,Zaid,391.39,577.9,25.3,290.5,14.64,34.5,201423.62,514.64
2006,Groundnut,Tamil Nadu,Zaid,74.63,1058.9,19.6,232.1,4.27,64.2,112394.74,1506.03
2016,Sunflower,Bihar,Kharif,237.3,1780.9,37.7,310.7,9.79,78.7,196118.73,826.46
2006,Groundnut,Rajasthan,Whole Year,395.51,898.7,23.9,240.6,2.78,41.0,489400.88,1237.39
2010,Barley,Haryana,Zaid,140.78,315.0,35.2,184.9,10.85,79.6,223325.75,1586.35
2021,Groundnut,Madhya Pradesh,Whole Year,418.72,1044.8,37.1,202.5,11.68,50.1,662730.13,1582.75
2007,Cotton,Maharashtra,Zaid,322.43,1297.0,35.7,343.5,10.94,69.7,100007.99,310.17
2006,Sunflower,Maharashtra,Rabi,199.36,1546.0,25.5,247.1,9.65,72.8,257698.74,1292.63
2012,Soybean,Haryana,Rabi,212.28,1804.4,40.3,182.1,11.96,72.2,289993.28,1366.09
2016,Cotton,Uttar Pradesh,Kharif,463.07,435.9,32.8,112.9,19.94,31.2,171635.97,370.65
2008,Barley,Madhya Pradesh,Rabi,109.68,1333.5,30.5,223.4,12.64,39.9,270479.62,2466.08
2009,Potato,West Bengal,Zaid,346.99,886.0,33.8,138.3,15.18,85.7,7542267.95,21736.27
2017,Wheat,Bihar,Kharif,353.94,2385.5,16.2,384.5,4.25,91.1,932518.71,2634.68
2019,Cotton,Rajasthan,Kharif,461.3,1091.8,25.5,221.8,10.84,66.6,206316.76,447.25
2020,Groundnut,Andhra Pradesh,Rabi,356.87,520.3,38.8,53.1,0.65,68.8,545328.97,1528.09
2014,Maize,Gujarat,Whole Year,292.65,391.3,19.3,82.5,1.11,79.1,983857.83,3361.89
2020,Millet,Haryana,Rabi,451.36,883.9,26.2,149.5,6.79,56.4,394748.31,874.58
2016,Soybean,Haryana,Rabi,414.74,693.5,25.9,82.3,9.6,51.3,503324.82,1213.59
2021,Groundnut,Tamil Nadu,Kharif,358.67,1729.6,24.6,362.9,11.72,79.9,427317.88,1191.4
2020,Maize,West Bengal,Rabi,17.26,2163.3,30.2,349.0,17.82,31.8,40559.77,2349.93
2016,Barley,West Bengal,Zaid,187.39,987.6,41.9,389.8,15.55,87.5,27853.26,148.64
2012,Sugarcane,Andhra Pradesh,Kharif,316.31,1571.1,21.9,297.3,6.35,58.7,18179245.92,57472.88
2007,Maize,Gujarat,Rabi,261.6,1906.7,34.0,275.9,15.0,62.8,579600.11,2215.6
2020,Sorghum,West Bengal,Whole Year,160.34,1176.7,35.5,373.2,11.21,71.2,76606.52,477.78
2017,Sugarcane,Punjab,Zaid,73.07,445.9,30.8,381.2,15.69,47.8,283100.67,3874.38
2023,Sunflower,Rajasthan,Whole Year,276.95,804.2,17.6,357.1,8.52,68.8,108273.09,390.95
2012,Rice,Bihar,Zaid,143.67,2242.7,30.5,351.5,2.29,75.0,306913.76,2136.24
2009,Soybean,Punjab,Whole Year,117.27,2113.9,40.7,285.1,12.56,37.7,138683.46,1182.6
2012,Groundnut,Uttar Pradesh,Rabi,200.08,490.4,24.2,50.6,11.36,63.8,285777.7,1428.32
2016,Sunflower,Bihar,Zaid,392.96,792.7,32.3,200.3,19.1,51.4,366849.73,933.55
2005,Sunflower,Rajasthan,Kharif,244.44,1992.2,40.9,272.5,3.66,66.2,327844.81,1341.21
2010,Rice,Madhya Pradesh,Kharif,109.03,1369.0,36.5,241.5,13.29,31.4,173841.27,1594.44
2022,Cotton,Karnataka,Whole Year,59.33,1971.9,33.6,337.4,9.74,78.3,26701.03,450.04
2012,Barley,Rajasthan,Whole Year,249.99,764.4,41.2,336.6,7.89,40.9,240215.46,960.9
2011,Soybean,Rajasthan,Whole Year,397.39,2395.9,19.6,259.5,15.99,74.8,655868.01,1650.44
2005,Wheat,Andhra Pradesh,Zaid,326.76,2023.9,35.9,57.7,16.31,80.0,1108264.86,3391.68
2020,Sunflower,Madhya Pradesh,Kharif,116.84,734.4,26.0,179.3,14.43,78.9,133831.78,1145.43
2016,Sugarcane,Punjab,Rabi,218.92,1528.6,24.7,130.1,2.13,83.1,23255296.91,106227.37
2010,Sunflower,Gujarat,Zaid,427.76,548.8,29.1,168.6,7.23,50.0,425216.25,994.05
2006,Wheat,Tamil Nadu,Whole Year,89.65,1095.2,15.9,266.1,1.41,92.9,320919.99,3579.7
2018,Sunflower,Andhra Pradesh,Kharif,266.51,1751.2,23.4,73.3,7.2,31.5,445135.86,1670.24
2008,Rice,Rajasthan,Whole Year,178.76,1026.3,19.5,57.8,13.13,61.3,456321.5,2552.7
2005,Maize,Tamil Nadu,Rabi,62.97,1744.9,18.7,202.9,10.61,47.6,196126.61,3114.6
2022,Maize,Bihar,Rabi,25.9,838.5,24.1,327.8,14.21,78.1,51678.74,1995.32
2017,Potato,Madhya Pradesh,Kharif,278.38,1886.7,36.7,60.7,11.25,82.3,8003054.62,28748.67
2006,Barley,Bihar,Zaid,11.35,1091.1,20.4,347.2,11.34,83.5,13611.58,1199.26
2013,Rice,Maharashtra,Rabi,52.62,2039.1,29.3,184.4,10.46,49.3,182322.51,3464.89
2006,Millet,Tamil Nadu,Rabi,174.43,600.7,35.2,91.4,7.6,47.8,119629.74,685.83
2013,Sunflower,Haryana,Rabi,22.72,1096.4,21.5,248.6,9.21,74.0,29854.65,1314.03
2005,Soybean,Andhra Pradesh,Rabi,200.82,1320.7,40.0,383.3,2.69,90.3,77691.1,386.87
2015,Sugarcane,Andhra Pradesh,Whole Year,66.05,1232.5,38.4,239.9,16.77,46.5,4347759.85,65825.28
2007,Maize,Haryana,Whole Year,175.59,1252.8,21.8,290.3,17.84,89.2,505369.39,2878.12
2008,Maize,Maharashtra,Zaid,395.79,1278.6,41.7,335.7,15.44,68.4,373474.54,943.62
2022,Wheat,West Bengal,Kharif,313.56,2475.4,33.1,329.8,11.88,78.0,866693.88,2764.04
2010,Wheat,West Bengal,Kharif,223.26,724.9,22.7,75.6,11.6,58.6,628385.85,2814.59
2007,Potato,West Bengal,Kharif,46.82,1991.1,33.4,309.3,9.67,82.4,1093779.59,23361.38
2015,Groundnut,West Bengal,Rabi,309.96,1513.9,33.0,382.3,5.01,93.1,277320.03,894.7
2019,Cotton,Punjab,Whole Year,82.69,1210.0,31.4,295.2,7.98,41.1,26314.66,318.23
2009,Millet,Haryana,Whole Year,39.22,1693.8,34.2,342.8,19.8,55.1,11567.56,294.94
2014,Wheat,Bihar,Zaid,332.33,2177.8,22.2,219.9,3.34,86.1,1609430.74,4842.87
2016,Wheat,Maharashtra,Kharif,456.12,1326.6,41.4,161.7,11.08,41.5,1319258.82,2892.35
2019,Potato,Bihar,Whole Year,230.84,2202.6,38.2,286.7,17.4,56.8,3081198.17,13347.77
2021,Soybean,Rajasthan,Zaid,21.46,506.4,35.1,222.3,9.33,40.8,23154.04,1078.94
2014,Groundnut,Uttar Pradesh,Kharif,440.27,1736.8,15.7,363.4,12.31,72.1,424923.98,965.14
2010,Wheat,Andhra Pradesh,Rabi,34.42,1033.0,30.9,391.0,16.64,45.5,5937.23,172.49
2022,Potato,Tamil Nadu,Whole Year,433.89,1150.8,34.1,336.9,11.18,54.8,4485461.15,10337.78
2017,Sugarcane,West Bengal,Whole Year,196.52,1556.2,38.1,397.4,14.76,61.9,2842121.98,14462.25
2007,Soybean,Tamil Nadu,Kharif,183.33,1355.8,40.5,171.9,7.27,49.3,247617.42,1350.67
2014,Cotton,Uttar Pradesh,Rabi,271.86,1139.9,39.7,363.5,14.79,74.2,69271.54,254.81
2018,Rice,Andhra Pradesh,Rabi,478.59,978.3,26.0,165.5,1.3,37.2,1705543.74,3563.68
2010,Soybean,Karnataka,Whole Year,449.47,1660.3,39.2,91.3,3.48,87.2,794600.23,1767.86
2007,Rice,Bihar,Kharif,235.69,1412.3,15.0,267.5,12.93,61.3,513133.18,2177.15
2020,Maize,Gujarat,Zaid,348.22,1011.3,24.5,209.2,9.25,67.2,955365.84,2743.57
2011,Groundnut,Maharashtra,Whole Year,290.63,750.9,18.1,372.6,16.65,70.4,172747.29,594.39
2018,Cotton,Punjab,Rabi,347.04,2003.8,38.8,222.3,7.17,33.9,220005.54,633.95
2013,Groundnut,Tamil Nadu,Zaid,414.83,2059.4,40.1,374.7,15.46,79.2,223765.9,539.42
2019,Cotton,West Bengal,Kharif,18.21,770.3,21.9,77.5,3.21,91.5,15326.61,841.66
2007,Groundnut,Haryana,Rabi,163.55,875.6,24.9,340.7,18.64,63.8,108880.93,665.73
2006,Soybean,Tamil Nadu,Zaid,479.71,826.1,41.6,315.7,8.66,55.4,214560.88,447.27
2006,Potato,Andhra Pradesh,Whole Year,474.72,2246.1,30.3,302.0,5.0,81.0,12769239.48,26898.47
2007,Groundnut,Karnataka,Rabi,6.6,2003.1,28.4,174.3,15.89,76.8,14242.77,2158.0
2022,Sorghum,Maharashtra,Kharif,101.52,464.1,28.5,324.3,18.98,72.3,26530.15,261.33
2018,Cotton,Haryana,Rabi,496.89,2131.9,33.8,219.2,18.4,92.7,250291.14,503.72
2022,Sunflower,Gujarat,Whole Year,246.92,381.1,40.8,300.3,5.14,67.8,139427.44,564.67
2014,Rice,Andhra Pradesh,Kharif,286.86,857.0,24.9,243.3,13.6,46.1,703579.68,2452.69
2006,Cotton,Karnataka,Whole Year,84.04,2321.8,19.7,105.1,11.16,31.6,68892.56,819.76
2005,Maize,Haryana,Zaid,447.27,2201.5,20.0,72.6,14.64,59.5,1651572.3,3692.56
2008,Sugarcane,Gujarat,Rabi,116.4,2019.2,15.5,178.2,10.0,72.4,12721420.72,109290.56
2018,Sorghum,Tamil Nadu,Whole Year,95.63,1306.6,30.0,376.5,9.66,41.2,24463.52,255.81
2005,Barley,Andhra Pradesh,Zaid,114.83,1007.1,40.1,235.4,17.71,31.7,157553.16,1372.06
2018,Sunflower,Bihar,Kharif,459.89,2239.4,34.3,330.8,17.49,89.1,393725.27,856.13
2020,Cotton,Madhya Pradesh,Kharif,351.72,1745.6,41.8,251.6,15.86,49.6,151624.8,431.1
2018,Wheat,Rajasthan,Zaid,384.53,950.1,39.6,385.3,14.25,60.3,72483.43,188.5
2007,Soybean,Madhya Pradesh,Zaid,189.14,1319.0,28.3,179.3,13.73,35.9,298585.58,1578.65
2007,Sunflower,Gujarat,Kharif,454.68,2239.3,28.1,70.0,1.6,54.8,839625.09,1846.63
2013,Soybean,Karnataka,Whole Year,394.91,2287.6,32.0,323.2,15.12,57.5,460666.83,1166.51
2010,Groundnut,Rajasthan,Zaid,375.55,1750.5,18.0,296.9,12.94,88.7,539634.47,1436.92
2017,Groundnut,Rajasthan,Whole Year,485.5,1911.6,31.4,234.6,6.4,86.3,986794.92,2032.53
2006,Sunflower,Punjab,Kharif,183.73,386.5,27.5,164.2,16.49,42.3,160630.54,874.27
2012,Soybean,Karnataka,Whole Year,305.88,1630.1,32.4,115.9,16.73,66.1,333094.46,1088.97
2006,Millet,Rajasthan,Whole Year,455.05,1815.8,30.3,218.8,18.68,77.5,441340.09,969.87
2008,Sunflower,Tamil Nadu,Zaid,395.65,344.8,23.4,283.2,8.66,49.0,289937.4,732.81
2019,Sorghum,Andhra Pradesh,Whole Year,282.13,2156.5,31.4,252.6,11.25,55.6,325850.83,1154.97
2008,Sorghum,Andhra Pradesh,Whole Year,39.03,2342.2,24.9,203.1,18.17,94.0,49261.92,1262.16
2017,Rice,Madhya Pradesh,Whole Year,326.71,823.5,20.3,238.9,6.68,79.4,832479.94,2548.07
2016,Cotton,Tamil Nadu,Kharif,263.75,2160.8,33.2,87.8,16.03,58.4,167360.27,634.54
2017,Barley,Punjab,Kharif,92.91,1764.1,23.3,293.5,19.84,64.7,165209.75,1778.17
2018,Soybean,Maharashtra,Rabi,441.24,1577.5,39.0,307.0,13.21,70.7,447219.47,1013.55
2022,Cotton,Punjab,Kharif,172.28,2154.9,20.4,54.0,19.68,62.4,113384.0,658.14
2010,Sorghum,Andhra Pradesh,Kharif,194.35,928.3,31.2,144.7,10.56,56.8,185350.15,953.69
2015,Maize,Maharashtra,Rabi,336.53,2039.9,30.4,82.2,3.48,53.4,1571462.82,4669.61
2006,Soybean,Punjab,Rabi,244.91,991.9,20.3,399.4,3.92,41.0,97151.49,396.68
2023,Cotton,Rajasthan,Zaid,45.55,2032.4,26.9,257.7,14.76,93.3,28996.81,636.59
2023,Sorghum,Bihar,Zaid,194.33,1292.3,33.2,213.0,0.52,35.9,235150.89,1210.06
2009,Sugarcane,Maharashtra,Kharif,48.14,557.3,23.6,212.1,13.41,69.1,2971350.76,61723.12
2023,Sorghum,Bihar,Whole Year,96.18,1139.3,18.1,387.7,3.45,92.4,54422.53,565.84
2006,Groundnut,Andhra Pradesh,Zaid,4.58,813.7,31.6,280.9,19.7,54.4,2932.61,640.31
2014,Wheat,Tamil Nadu,Zaid,91.48,521.2,21.1,109.0,3.68,46.4,343116.17,3750.72
2006,Millet,West Bengal,Kharif,165.89,542.6,33.4,206.9,11.27,92.1,145199.41,875.28
2015,Millet,Bihar,Whole Year,269.57,2016.2,37.7,321.0,13.55,82.1,191839.06,711.65
2022,Groundnut,Madhya Pradesh,Rabi,459.72,2239.1,18.3,198.2,16.48,72.6,902783.96,1963.77
2019,Groundnut,Rajasthan,Rabi,270.62,2339.7,26.8,158.3,9.46,69.8,687931.77,2542.06
2013,Soybean,Rajasthan,Kharif,353.1,2178.7,27.0,396.9,18.71,53.4,255313.09,723.06
2023,Sugarcane,West Bengal,Kharif,179.48,2126.5,32.1,377.5,9.86,71.7,9055041.78,50451.54
2013,Sugarcane,Gujarat,Whole Year,376.06,451.4,24.0,379.5,5.42,77.1,5124015.53,13625.53
2007,Soybean,Madhya Pradesh,Kharif,310.61,2038.3,26.3,96.1,12.06,32.1,506700.56,1631.31
2013,Cotton,Bihar,Kharif,230.44,2023.2,15.3,132.0,13.33,37.6,147314.06,639.27
2018,Soybean,Bihar,Kharif,97.69,588.8,18.3,204.7,10.39,50.5,82222.8,841.67
2023,Barley,Uttar Pradesh,Whole Year,152.47,1756.4,30.4,341.2,14.8,51.0,302985.12,1987.18
2011,Barley,Bihar,Kharif,310.85,1295.5,20.8,307.9,8.7,88.5,478922.99,1540.69
2020,Millet,Haryana,Zaid,213.6,2280.0,18.9,347.4,0.58,74.5,186568.83,873.45
2020,Sorghum,Karnataka,Whole Year,444.8,1829.9,23.8,372.3,5.66,54.3,288188.78,647.91
2005,Soybean,Punjab,Zaid,118.19,2392.2,19.4,323.3,18.95,82.6,137894.75,1166.72
2008,Potato,Uttar Pradesh,Whole Year,37.46,530.8,16.6,141.6,15.38,51.0,748323.63,19976.61
2008,Soybean,Punjab,Zaid,295.08,389.3,22.7,149.9,4.2,94.4,314616.03,1066.21
2011,Cotton,Uttar Pradesh,Whole Year,443.14,2441.9,19.4,173.4,1.8,80.8,395699.26,892.94
2012,Rice,Maharashtra,Rabi,183.0,476.4,36.6,156.1,7.34,82.5,352072.47,1923.89
2021,Millet,Tamil Nadu,Kharif,324.21,1149.6,16.7,137.2,16.81,47.0,246964.35,761.74
2009,Millet,Bihar,Kharif,116.47,1729.9,35.2,313.4,2.57,39.4,131170.17,1126.21
2011,Millet,Bihar,Whole Year,279.68,2236.1,25.3,61.9,11.1,55.3,352055.36,1258.78
2008,Sunflower,Karnataka,Zaid,393.61,860.1,33.2,304.9,5.86,51.7,378481.36,961.56
2010,Sorghum,Karnataka,Rabi,433.65,363.9,16.4,338.2,14.66,80.0,134318.07,309.74
2011,Groundnut,Punjab,Zaid,53.45,1446.8,39.9,73.1,0.51,41.3,107764.02,2016.17
2022,Maize,West Bengal,Kharif,178.83,1336.4,35.7,71.6,5.9,64.3,588693.05,3291.91
2009,Rice,Maharashtra,Kharif,320.18,975.2,18.8,149.9,13.75,70.8,1002793.22,3131.97
2007,Sunflower,Gujarat,Zaid,18.33,2222.6,20.9,122.9,11.16,55.0,36001.08,1964.05
2011,Potato,Karnataka,Whole Year,345.62,1948.5,32.4,253.4,15.69,43.0,7393000.08,21390.54
2018,Potato,Haryana,Whole Year,264.49,2187.9,39.9,286.4,3.57,88.2,7248660.05,27406.18
2011,Sorghum,Bihar,Zaid,144.99,656.0,27.0,271.9,10.85,39.0,129825.76,895.41
2009,Barley,Punjab,Kharif,407.51,1823.3,28.1,175.1,4.32,49.7,1295357.33,3178.71
2009,Cotton,Rajasthan,Zaid,145.74,2445.2,21.4,224.4,12.96,79.2,101456.4,696.15
2006,Groundnut,Haryana,Kharif,495.72,1646.2,25.3,274.0,3.06,69.3,863628.42,1742.17
2010,Barley,Andhra Pradesh,Zaid,408.37,677.0,22.7,91.8,3.4,77.5,1363630.59,3339.2
2019,Groundnut,Punjab,Whole Year,354.28,2490.7,24.5,130.3,6.9,82.6,965273.76,2724.61
2014,Sugarcane,Punjab,Rabi,31.61,1462.3,15.6,361.7,8.34,88.2,1322615.62,41841.68
2011,Millet,Rajasthan,Kharif,452.25,2148.1,16.1,169.8,10.22,49.8,481051.09,1063.68
2009,Sunflower,Maharashtra,Rabi,395.24,628.6,33.4,330.4,11.82,60.8,223871.32,566.42
2005,Groundnut,Rajasthan,Whole Year,115.28,1765.4,33.4,137.8,9.64,74.7,197715.92,1715.09
2017,Wheat,Madhya Pradesh,Zaid,196.73,2307.8,23.9,64.6,1.39,81.7,960539.06,4882.52
2022,Millet,Karnataka,Whole Year,135.05,1470.4,38.9,225.1,7.2,67.6,115768.67,857.23
2017,Millet,Tamil Nadu,Rabi,492.22,935.1,22.2,362.4,1.7,63.4,223182.41,453.42
2022,Cotton,Punjab,Whole Year,427.24,580.3,25.7,336.7,2.8,75.0,132298.57,309.66
2009,Sunflower,Andhra Pradesh,Whole Year,465.18,951.1,34.7,138.5,2.31,54.8,680143.55,1462.11
2017,Rice,West Bengal,Zaid,394.6,1080.7,35.1,368.5,3.58,88.1,810581.58,2054.19
2008,Barley,Punjab,Rabi,228.72,1861.9,38.3,217.9,16.35,43.8,587064.63,2566.74
2021,Groundnut,Rajasthan,Rabi,103.51,693.0,15.8,67.1,12.74,87.5,143954.12,1390.73
2007,Groundnut,Uttar Pradesh,Rabi,104.83,533.4,20.0,59.8,10.38,71.8,178814.29,1705.75
2021,Sugarcane,Punjab,Kharif,76.69,1151.3,32.3,219.8,14.78,69.0,5049215.46,65839.29
2015,Millet,Punjab,Whole Year,273.78,1309.0,24.1,241.2,19.24,60.5,135735.72,495.78
2008,Soybean,Madhya Pradesh,Rabi,460.06,1682.4,16.2,78.0,8.64,40.1,838419.18,1822.41
2006,Maize,Andhra Pradesh,Whole Year,495.91,1856.6,30.8,372.8,7.66,86.2,727256.17,1466.51
2020,Soybean,Madhya Pradesh,Zaid,144.36,2256.4,25.6,301.4,19.57,33.4,172161.43,1192.58
2022,Groundnut,Andhra Pradesh,Zaid,348.96,935.7,24.8,330.4,15.54,47.5,218501.03,626.15
2012,Soybean,Punjab,Kharif,298.95,1462.9,22.1,254.4,15.65,37.1,282535.43,945.09
2007,Cotton,Uttar Pradesh,Kharif,244.98,1105.3,15.2,282.2,12.2,36.9,84606.78,345.36
2013,Wheat,Tamil Nadu,Zaid,333.22,303.1,19.9,185.8,10.39,55.4,478009.71,1434.52
2010,Groundnut,Gujarat,Rabi,186.31,1574.8,27.8,287.8,11.24,40.4,241135.08,1294.27
2014,Groundnut,Uttar Pradesh,Zaid,472.3,2094.8,22.4,392.4,13.22,67.8,457547.69,968.76
2014,Wheat,Uttar Pradesh,Whole Year,353.02,380.2,38.6,276.7,7.85,70.8,703013.33,1991.43
2017,Barley,Uttar Pradesh,Kharif,377.35,307.7,18.9,169.6,15.75,87.3,404321.48,1071.48
2021,Wheat,Bihar,Kharif,121.97,1901.2,38.6,149.8,18.23,49.5,472196.43,3871.41
2013,Potato,Tamil Nadu,Zaid,85.12,1804.5,25.9,387.2,11.64,50.1,1584174.86,18611.08
2021,Soybean,Maharashtra,Rabi,197.78,1192.9,22.4,114.8,7.94,46.0,363144.81,1836.1
2013,Cotton,Maharashtra,Rabi,383.57,1755.5,23.2,332.2,14.06,80.8,136015.74,354.6
2013,Sugarcane,Uttar Pradesh,Whole Year,469.46,2397.4,23.9,212.8,4.05,57.8,49328590.79,105075.17
2005,Barley,Gujarat,Kharif,214.24,845.3,28.7,205.3,19.39,65.9,322095.53,1503.43
2006,Sorghum,Madhya Pradesh,Zaid,387.3,841.0,24.6,311.6,13.33,54.4,351580.85,907.77
2020,Sugarcane,Rajasthan,Zaid,235.73,709.7,32.5,101.8,1.82,40.2,18542644.29,78660.52
2005,Rice,Haryana,Kharif,148.32,1892.8,26.5,213.2,10.83,36.7,445604.97,3004.35
2014,Rice,Maharashtra,Zaid,369.89,1077.0,33.1,62.5,15.13,86.4,1064441.06,2877.72
2022,Rice,West Bengal,Kharif,399.3,2475.1,31.3,284.6,5.92,47.3,1488144.51,3726.88
2012,Sunflower,Andhra Pradesh,Rabi,102.22,1872.2,21.6,70.4,1.49,91.2,195108.61,1908.71
2015,Rice,Tamil Nadu,Rabi,153.28,1108.2,36.9,80.6,10.04,91.6,364308.06,2376.75
2006,Cotton,Tamil Nadu,Zaid,247.89,628.2,36.6,345.7,16.76,61.1,38126.33,153.8
2012,Sugarcane,Haryana,Rabi,94.07,1602.5,41.7,205.0,5.4,92.3,9316339.03,99036.24
2012,Millet,Maharashtra,Rabi,464.49,948.8,19.7,120.3,14.48,31.9,385809.16,830.61
2021,Maize,Gujarat,Whole Year,296.08,2292.1,37.9,257.4,8.45,36.0,1066232.44,3601.16
2019,Barley,Gujarat,Kharif,61.48,1271.1,38.5,231.7,1.66,45.8,158271.06,2574.35
2021,Sunflower,Andhra Pradesh,Kharif,92.83,943.8,32.3,193.8,6.43,43.6,107534.27,1158.4
2017,Sorghum,Uttar Pradesh,Zaid,477.22,1594.8,28.7,366.9,6.62,46.4,364920.81,764.68
2023,Soybean,Rajasthan,Kharif,369.35,601.3,40.8,312.3,18.14,59.4,196017.88,530.71
2009,Potato,Maharashtra,Whole Year,367.47,1535.4,41.3,103.1,19.64,34.1,8820268.35,24002.69
2016,Groundnut,Gujarat,Zaid,37.18,423.4,32.3,249.8,4.59,66.1,46263.03,1244.3
2005,Rice,Haryana,Zaid,447.75,1635.2,24.7,81.1,8.9,50.1,1585135.05,3540.22
2009,Sorghum,Andhra Pradesh,Kharif,222.42,1466.4,37.1,135.6,19.55,34.7,208978.43,939.57
2012,Groundnut,Punjab,Rabi,330.2,1445.7,17.4,368.5,8.44,79.0,398562.62,1207.03
2017,Maize,Andhra Pradesh,Rabi,479.88,1805.2,22.8,211.7,7.31,72.5,1724966.72,3594.58
2012,Sorghum,Bihar,Rabi,50.91,397.8,41.6,362.2,2.64,81.6,15187.46,298.32
2015,Potato,Gujarat,Rabi,241.66,1311.4,37.0,108.1,15.19,91.1,5224158.76,21617.81
2005,Sugarcane,Punjab,Whole Year,25.76,1276.9,40.4,121.9,9.22,68.1,2111881.13,81982.96
2017,Sorghum,West Bengal,Zaid,250.27,1311.5,31.1,173.5,12.95,81.1,223927.6,894.74
2023,Sunflower,Karnataka,Rabi,126.88,2455.8,26.0,178.2,10.44,42.9,228708.23,1802.56
2007,Rice,Andhra Pradesh,Whole Year,455.62,606.4,41.5,310.8,3.9,56.7,753180.27,1653.09
2021,Maize,Haryana,Zaid,199.85,1818.9,23.4,259.8,3.94,64.5,738209.15,3693.82
2009,Soybean,Haryana,Kharif,317.3,1184.4,35.5,243.6,18.83,65.2,312794.82,985.8
2012,Millet,Bihar,Kharif,430.28,1425.8,30.1,260.8,17.85,76.7,293616.38,682.38
2018,Wheat,Rajasthan,Whole Year,491.86,1977.3,21.2,306.3,12.41,81.7,1129868.64,2297.13
2008,Sunflower,Uttar Pradesh,Zaid,252.41,646.2,15.5,362.5,0.52,73.3,184234.46,729.9
2015,Rice,Andhra Pradesh,Rabi,228.42,1979.9,25.4,195.2,8.95,33.1,686697.26,3006.29
2019,Groundnut,Gujarat,Zaid,38.79,454.7,29.8,331.0,10.84,52.8,17887.34,461.13
2023,Maize,Karnataka,Rabi,7.36,1363.3,19.9,223.3,9.26,67.2,26804.92,3641.97
2011,Sugarcane,Bihar,Whole Year,304.79,1932.6,26.2,302.7,18.55,63.0,14572358.52,47811.14
2023,Sunflower,Maharashtra,Rabi,33.67,723.6,31.6,356.2,1.3,32.9,20184.41,599.48
2023,Cotton,Gujarat,Whole Year,190.81,1996.0,34.3,61.3,13.27,93.7,152404.22,798.72
2015,Maize,Haryana,Zaid,2.8,667.0,16.4,241.3,6.62,92.1,7000.44,2500.16
2009,Groundnut,West Bengal,Zaid,308.0,2058.3,32.9,396.3,11.41,80.3,150477.74,488.56
2009,Sunflower,Gujarat,Rabi,213.28,1331.7,16.5,223.7,13.29,33.6,260074.02,1219.4
2012,Wheat,Tamil Nadu,Zaid,64.38,1806.2,15.8,352.5,9.1,58.0,154077.54,2393.25
2014,Wheat,Madhya Pradesh,Rabi,148.89,2318.3,19.1,115.1,3.39,56.6,752476.83,5053.91
2010,Barley,Haryana,Zaid,285.26,1198.5,32.6,261.5,10.62,66.3,379350.85,1329.84
2019,Millet,Andhra Pradesh,Kharif,328.7,812.5,16.4,354.6,18.69,33.6,113529.19,345.39
2020,Groundnut,West Bengal,Rabi,231.71,2207.8,15.6,201.0,10.95,57.5,560541.76,2419.15
2021,Wheat,Tamil Nadu,Whole Year,402.18,655.6,18.2,220.4,2.9,79.3,1233120.55,3066.09
2012,Barley,Punjab,Kharif,57.11,1689.2,40.6,78.7,16.57,94.9,127578.27,2233.9
2012,Barley,Karnataka,Whole Year,43.19,2331.2,39.5,64.8,4.82,68.7,154459.77,3576.29
2013,Sunflower,Haryana,Zaid,23.08,1783.7,17.3,214.0,7.72,91.1,34414.58,1491.1
2006,Barley,Andhra Pradesh,Kharif,268.38,730.5,23.2,345.2,8.86,94.9,364642.85,1358.68
2019,Maize,Tamil Nadu,Zaid,353.41,635.0,40.6,376.0,7.12,58.3,229414.61,649.15
2022,Potato,Tamil Nadu,Rabi,66.13,855.1,17.6,280.5,8.39,73.5,1151572.2,17413.76
2007,Barley,Uttar Pradesh,Whole Year,319.83,1161.1,17.6,339.2,16.01,43.9,418201.58,1307.57
2021,Rice,Tamil Nadu,Zaid,239.0,650.1,17.3,307.2,4.86,60.9,643014.17,2690.44
2008,Groundnut,Karnataka,Whole Year,493.68,2055.2,41.4,295.5,9.67,35.1,772464.82,1564.71
2008,Rice,West Bengal,Whole Year,359.02,1085.5,35.1,319.2,0.89,31.9,765646.34,2132.6
2018,Cotton,Bihar,Zaid,329.08,2359.4,20.8,226.9,10.4,88.0,192340.16,584.48
2013,Wheat,West Bengal,Rabi,285.65,2153.5,16.2,210.3,2.68,85.8,1086661.37,3804.17
2013,Millet,Tamil Nadu,Whole Year,498.69,2299.4,41.1,105.7,6.0,50.3,609316.97,1221.84
2022,Barley,Andhra Pradesh,Zaid,490.25,947.9,26.5,345.3,6.84,59.7,667503.76,1361.56
2014,Sugarcane,Haryana,Rabi,269.52,1562.2,31.2,65.6,2.11,62.1,24699083.56,91641.0
2008,Sugarcane,Andhra Pradesh,Zaid,228.14,1007.2,22.5,143.6,7.53,63.8,16912326.16,74131.35
2016,Wheat,Bihar,Rabi,231.6,865.3,35.5,232.0,10.21,38.7,671740.0,2900.43
2012,Cotton,Madhya Pradesh,Whole Year,214.74,1635.6,20.3,390.1,8.91,80.4,46941.58,218.6
2006,Sugarcane,Rajasthan,Kharif,266.17,2099.6,36.2,325.1,5.97,52.6,16331069.02,61355.78
2017,Potato,Haryana,Zaid,137.52,505.9,21.2,179.0,6.25,32.1,2389918.22,17378.7
2020,Rice,Punjab,Whole Year,463.47,906.7,17.6,299.9,12.85,74.0,601399.66,1297.6
2006,Potato,Madhya Pradesh,Zaid,245.62,751.3,27.9,376.0,14.51,83.9,924112.97,3762.37
2015,Sorghum,Karnataka,Zaid,421.16,2056.4,37.0,238.6,11.74,89.7,491323.27,1166.6
2014,Maize,Madhya Pradesh,Rabi,238.18,2353.4,25.4,211.7,19.54,73.8,881295.74,3700.12
2019,Soybean,Andhra Pradesh,Zaid,359.43,475.9,15.8,243.5,18.93,42.4,217066.11,603.92
2021,Sugarcane,Uttar Pradesh,Rabi,169.1,1134.3,29.9,159.0,2.42,68.3,12315909.57,72832.11
2012,Millet,West Bengal,Whole Year,312.78,2311.9,33.4,367.6,5.6,89.3,178540.48,570.82
2022,Barley,Tamil Nadu,Zaid,249.69,1058.2,35.0,329.0,17.43,52.8,201869.84,808.48
2013,Millet,Haryana,Whole Year,184.19,1867.9,25.9,296.9,1.08,92.0,205838.43,1117.53
2012,Groundnut,Bihar,Kharif,440.9,521.5,17.6,256.2,12.05,36.3,451233.04,1023.44
2018,Maize,Tamil Nadu,Whole Year,57.24,1277.7,30.8,389.3,19.11,77.3,43290.89,756.3
2022,Rice,Punjab,Zaid,243.97,1407.3,23.9,154.2,13.73,37.8,864465.47,3543.33
2016,Cotton,Rajasthan,Kharif,97.99,1966.9,40.6,149.1,2.29,81.9,70513.46,719.6
2023,Maize,Tamil Nadu,Rabi,430.67,935.4,28.6,134.7,15.08,36.3,1241373.12,2882.42
2018,Soybean,Andhra Pradesh,Kharif,127.48,881.2,27.8,309.6,7.84,51.2,114126.25,895.25
2021,Sorghum,Haryana,Zaid,317.08,966.5,23.3,329.0,18.47,80.5,154932.29,488.62
2007,Sunflower,Uttar Pradesh,Zaid,83.62,1522.5,24.1,259.0,6.08,59.9,93549.59,1118.75
2011,Sugarcane,Punjab,Whole Year,203.05,2227.2,28.8,278.2,9.73,87.4,18378288.07,90511.15
2021,Cotton,Gujarat,Rabi,449.78,2128.1,23.3,172.1,15.06,56.1,311073.78,691.61
2016,Cotton,Karnataka,Zaid,83.87,427.5,39.1,63.9,5.52,94.7,35212.31,419.84
2013,Sugarcane,Rajasthan,Zaid,331.93,2233.7,26.9,138.8,4.04,31.2,37853311.67,114040.04
2019,Sugarcane,Andhra Pradesh,Rabi,103.05,509.2,22.9,254.5,0.55,75.2,5073671.67,49235.05
2022,Sugarcane,Karnataka,Rabi,208.46,1213.8,19.2,334.5,10.02,89.5,6213158.66,29805.04
2017,Sugarcane,Bihar,Whole Year,270.77,1983.9,33.2,322.0,18.61,64.8,16695206.81,61658.26
2012,Sugarcane,Uttar Pradesh,Kharif,289.08,479.3,15.7,112.8,5.99,94.3,20172405.9,69781.4
2018,Cotton,Karnataka,Rabi,301.65,388.9,27.1,68.0,1.35,76.0,204819.81,679.0
2012,Wheat,West Bengal,Zaid,320.43,1026.0,29.9,347.7,12.6,57.9,483197.18,1507.96
2018,Wheat,Bihar,Rabi,136.61,1905.8,24.2,76.5,1.6,63.5,679989.91,4977.6
2011,Millet,Haryana,Zaid,201.28,1447.9,35.2,187.7,10.38,87.0,184307.38,915.68
2016,Wheat,Karnataka,Whole Year,19.62,1217.4,33.2,83.0,7.94,92.2,62983.4,3210.16
2015,Soybean,Andhra Pradesh,Kharif,384.61,2088.8,41.2,247.4,9.77,66.1,560125.75,1456.35
2015,Wheat,Gujarat,Whole Year,418.71,1986.8,28.7,177.2,3.67,50.0,1790670.69,4276.64
2017,Cotton,West Bengal,Rabi,100.42,2029.3,29.5,120.9,2.26,45.6,83444.18,830.95
2022,Sugarcane,West Bengal,Zaid,101.52,1311.4,21.6,258.3,15.11,61.0,5553245.3,54701.0
2006,Potato,Karnataka,Rabi,21.98,342.8,25.4,177.2,5.29,49.3,503411.03,22903.14
2019,Barley,Rajasthan,Rabi,485.22,678.7,15.7,108.4,16.11,57.4,1017209.32,2096.39
2022,Barley,Maharashtra,Rabi,403.79,1930.9,33.6,295.0,15.29,84.2,968853.31,2399.4
2019,Soybean,Bihar,Rabi,180.99,1957.0,23.4,342.9,4.37,60.7,239413.35,1322.8
2023,Groundnut,Rajasthan,Kharif,241.47,2439.1,29.6,145.8,18.21,71.7,504235.95,2088.19
2016,Cotton,Madhya Pradesh,Zaid,146.69,718.4,21.9,115.2,3.64,35.9,105611.66,719.96
2017,Rice,Tamil Nadu,Rabi,299.02,570.4,31.8,76.3,16.04,79.5,698364.66,2335.51
2015,Potato,Andhra Pradesh,Zaid,358.94,605.3,27.1,234.8,8.7,61.4,4007059.4,11163.59
2009,Maize,Maharashtra,Kharif,224.24,706.5,28.0,341.0,4.07,53.5,331791.8,1479.63
2005,Millet,Haryana,Zaid,436.92,1462.6,40.5,137.8,18.79,69.7,339540.32,777.12
2007,Rice,West Bengal,Zaid,259.0,2445.5,34.1,211.2,19.28,36.6,925627.75,3573.85
2023,Cotton,Andhra Pradesh,Kharif,72.98,1596.7,22.1,106.3,10.47,56.9,46528.8,637.56
2011,Wheat,Bihar,Rabi,311.52,1449.9,28.6,191.5,9.65,82.7,1045539.88,3356.25
2016,Sugarcane,Uttar Pradesh,Zaid,231.65,1781.4,27.6,55.4,18.07,47.0,14911090.07,64369.05
2019,Sunflower,Tamil Nadu,Whole Year,467.9,462.6,36.5,368.8,12.12,89.4,181498.83,387.9
2009,Rice,Gujarat,Zaid,196.56,2093.8,37.5,286.8,5.69,69.2,666502.41,3390.83
2019,Maize,Tamil Nadu,Rabi,202.03,1723.1,22.7,166.5,8.79,65.2,680492.62,3368.28
2012,Groundnut,Andhra Pradesh,Whole Year,325.74,676.6,37.2,358.4,16.8,56.0,17391.01,53.39
2014,Barley,Haryana,Rabi,263.97,1687.6,19.8,114.0,17.26,78.2,791629.55,2998.94
2020,Groundnut,West Bengal,Zaid,187.85,1611.7,35.6,77.6,18.82,66.7,363579.57,1935.48
2012,Maize,Punjab,Kharif,494.9,442.7,21.7,379.9,6.12,81.8,257263.05,519.83
2005,Sugarcane,Punjab,Rabi,151.79,887.3,23.0,158.2,13.76,51.6,10649321.38,70158.25
2016,Wheat,Andhra Pradesh,Rabi,139.49,1160.1,38.0,377.6,1.83,75.6,248717.81,1783.05
2009,Maize,Karnataka,Kharif,432.35,838.8,26.3,273.2,14.66,91.3,716903.73,1658.16
2007,Millet,Rajasthan,Zaid,2.68,835.0,41.7,393.0,11.48,48.2,86.79,32.38
2005,Maize,Bihar,Rabi,101.43,1560.5,19.1,313.7,5.37,93.8,253864.98,2502.86
2008,Sunflower,Tamil Nadu,Zaid,295.63,1335.9,27.5,86.9,13.27,56.7,344454.39,1165.15
2012,Cotton,Haryana,Zaid,82.06,1768.0,34.8,348.3,3.14,32.5,52925.41,644.96
2007,Wheat,Bihar,Zaid,492.92,2404.1,15.1,101.8,7.01,53.3,2615616.08,5306.37
2014,Sugarcane,Tamil Nadu,Kharif,232.63,1753.2,19.1,292.3,8.32,39.7,16042378.53,68960.92
2006,Potato,Uttar Pradesh,Zaid,299.08,1580.6,15.5,225.1,15.65,49.8,6155980.31,20583.06
2015,Barley,Punjab,Zaid,81.03,2164.6,41.8,297.7,6.52,36.2,146117.88,1803.26
2014,Barley,Madhya Pradesh,Whole Year,145.4,1690.6,35.5,317.7,1.46,41.6,338854.14,2330.5
2018,Potato,West Bengal,Whole Year,307.7,664.2,25.1,331.3,4.02,38.2,4886678.05,15881.31
2011,Maize,Bihar,Whole Year,275.23,992.4,19.2,342.2,12.36,32.8,312713.71,1136.19
2006,Cotton,Uttar Pradesh,Rabi,392.4,1913.4,17.4,346.5,0.8,49.3,177957.81,453.51
2013,Rice,Madhya Pradesh,Rabi,135.35,1924.4,29.4,194.4,15.95,91.2,368353.13,2721.49
2020,Groundnut,West Bengal,Whole Year,327.12,2471.4,41.3,361.2,18.07,91.7,413393.34,1263.74
2017,Groundnut,Tamil Nadu,Kharif,146.2,1679.3,33.2,301.9,10.16,85.0,243657.16,1666.6
2013,Groundnut,Bihar,Kharif,293.79,2279.0,24.9,343.6,14.3,30.8,423943.45,1443.02
2008,Sunflower,Haryana,Whole Year,302.91,420.1,28.5,396.2,9.52,31.8,47786.93,157.76
2014,Rice,Punjab,Rabi,61.8,1545.7,42.0,90.7,6.52,30.7,166122.31,2688.06
2016,Cotton,Tamil Nadu,Rabi,274.77,2323.7,29.0,179.7,3.71,53.8,207694.0,755.88
2021,Groundnut,Punjab,Kharif,6.96,931.9,41.0,332.3,10.6,93.7,4429.7,636.45
2018,Millet,Andhra Pradesh,Zaid,251.1,640.7,15.4,80.2,18.63,88.3,144460.29,575.31
2018,Rice,Madhya Pradesh,Kharif,349.06,1071.1,34.5,239.3,17.85,46.3,750371.97,2149.69
2006,Rice,Gujarat,Zaid,37.34,2042.9,31.9,350.4,18.43,56.7,37570.49,1006.17
2015,Sugarcane,Madhya Pradesh,Rabi,469.42,486.3,33.5,56.6,19.35,83.6,18456269.63,39317.18
2020,Sugarcane,Gujarat,Rabi,229.92,1620.7,30.4,378.8,3.72,79.3,9431336.07,41020.08
2023,Wheat,West Bengal,Whole Year,469.27,598.4,16.2,392.4,3.36,38.6,46992.31,100.14
2010,Millet,Tamil Nadu,Rabi,54.59,1258.2,19.0,162.8,8.84,37.0,59014.63,1081.05
2023,Millet,Maharashtra,Zaid,475.0,2425.1,39.9,318.4,13.94,65.3,415586.65,874.92
2009,Wheat,Punjab,Kharif,55.49,729.3,21.3,94.5,9.07,36.6,140831.81,2537.97
2008,Millet,Punjab,Whole Year,231.29,374.8,41.8,320.5,17.9,83.6,45095.83,194.98
2019,Soybean,Maharashtra,Zaid,469.06,1239.8,33.3,218.5,14.49,46.5,505564.27,1077.82
2008,Sorghum,Karnataka,Kharif,117.12,1570.9,27.0,351.1,12.86,42.2,77530.84,661.98
2014,Groundnut,Bihar,Kharif,18.36,954.5,39.8,124.4,1.89,42.1,35107.09,1912.15
2007,Sugarcane,Tamil Nadu,Kharif,396.76,1491.9,36.5,285.4,3.92,32.9,19478630.06,49094.24
2009,Wheat,Maharashtra,Rabi,298.35,2397.5,26.6,325.1,8.85,71.7,1145608.67,3839.81
2010,Wheat,Gujarat,Kharif,257.45,985.9,16.9,120.9,19.54,40.7,770655.6,2993.42
2012,Millet,Bihar,Rabi,18.14,980.7,38.4,336.4,7.02,45.2,10506.05,579.16
2011,Rice,Punjab,Kharif,326.96,1362.1,35.7,385.3,12.78,78.8,44140.36,135.0
2014,Potato,Madhya Pradesh,Kharif,86.64,1433.7,36.3,265.6,19.78,33.7,1286121.82,14844.43
2010,Barley,Gujarat,Rabi,465.67,303.0,35.1,324.7,5.65,43.2,566059.89,1215.58
2018,Sunflower,Tamil Nadu,Rabi,343.18,1654.9,22.4,236.4,3.75,39.7,518966.09,1512.23
2008,Maize,Haryana,Zaid,353.81,2494.2,38.2,259.3,11.15,30.3,1354823.34,3829.24
2017,Maize,Madhya Pradesh,Kharif,117.06,942.4,15.1,54.7,11.26,65.1,362628.91,3097.8
2021,Wheat,Haryana,Rabi,440.5,1687.8,21.4,233.5,18.48,42.4,965006.0,2190.71
2011,Groundnut,West Bengal,Zaid,269.33,310.2,16.3,251.4,1.02,71.1,415823.56,1543.92
2008,Soybean,Bihar,Zaid,428.69,1629.5,18.0,284.5,8.44,62.6,482297.56,1125.05
2018,Groundnut,Gujarat,Rabi,136.2,1283.6,29.4,109.3,6.59,73.4,273480.9,2007.94
2007,Wheat,Gujarat,Kharif,377.98,1466.6,16.0,134.5,11.64,93.8,1631012.56,4315.08
2009,Groundnut,Gujarat,Zaid,287.71,1496.6,19.9,314.6,0.68,44.3,441265.04,1533.71
2020,Sugarcane,Karnataka,Kharif,25.16,689.3,21.3,108.7,14.37,73.3,1636379.34,65038.92
2008,Groundnut,Gujarat,Kharif,203.27,1993.9,32.7,195.6,9.96,84.2,352486.46,1734.08
2006,Millet,Haryana,Zaid,92.77,1522.0,27.7,137.7,14.16,92.2,76622.9,825.94
2022,Millet,Karnataka,Rabi,180.23,894.4,27.4,240.8,9.23,70.5,112500.76,624.21
2023,Soybean,West Bengal,Kharif,192.29,2362.2,35.7,395.4,9.75,38.5,145045.17,754.3
2023,Sugarcane,Andhra Pradesh,Whole Year,237.99,328.1,27.3,348.2,17.96,33.5,8808438.59,37011.8
2021,Barley,Uttar Pradesh,Rabi,300.54,1897.1,24.4,144.3,4.61,48.1,995163.4,3311.25
2018,Rice,West Bengal,Zaid,285.92,1138.7,41.0,179.0,4.74,90.3,800589.87,2800.05
2023,Potato,Rajasthan,Whole Year,20.46,1449.6,15.2,371.5,11.41,64.9,235465.64,11508.58
2017,Sugarcane,Karnataka,Kharif,375.59,941.3,23.2,364.4,13.37,67.7,7693485.87,20483.73
2016,Cotton,Haryana,Rabi,474.64,1006.8,31.5,106.2,7.42,69.7,330881.98,697.12
2010,Sorghum,Haryana,Whole Year,174.99,333.4,36.1,340.2,10.63,51.6,39573.95,226.15
2008,Potato,Tamil Nadu,Rabi,90.69,1905.7,37.0,154.2,4.94,41.8,2915592.72,32149.0
2023,Wheat,Punjab,Kharif,270.46,1863.8,16.2,240.3,3.15,92.0,1137062.92,4204.18
2020,Potato,Gujarat,Rabi,352.75,1739.6,34.1,51.8,5.15,79.1,10000902.02,28351.25
2017,Cotton,Bihar,Whole Year,339.77,2231.5,34.4,399.5,18.37,63.2,54322.2,159.88
2008,Soybean,Haryana,Rabi,306.44,2282.8,20.8,316.4,16.14,54.5,402095.87,1312.15
2021,Cotton,Gujarat,Zaid,73.97,1524.2,18.0,134.6,3.23,61.4,51556.16,696.99
2005,Millet,Maharashtra,Zaid,418.58,1806.6,35.2,289.3,1.41,32.2,360775.86,861.9
2022,Groundnut,Punjab,Whole Year,213.39,324.2,21.7,152.7,2.32,46.1,425286.81,1993.0
2021,Rice,Maharashtra,Rabi,111.51,2162.0,15.0,81.3,6.22,46.3,335609.48,3009.68
2019,Maize,Bihar,Whole Year,44.05,2096.1,21.0,198.9,16.32,58.9,183973.24,4176.46
2015,Wheat,Madhya Pradesh,Rabi,208.94,344.5,15.8,264.8,6.77,45.4,632322.93,3026.34
2017,Potato,Gujarat,Kharif,309.37,1494.2,21.7,81.4,4.12,42.1,8017514.77,25915.62
2005,Maize,Karnataka,Zaid,333.02,2294.6,24.0,231.4,8.22,79.8,1252148.64,3759.98
2021,Groundnut,Rajasthan,Kharif,481.41,699.1,22.3,230.2,2.92,88.1,640864.26,1331.22
2010,Millet,Punjab,Rabi,77.42,1075.8,39.8,270.0,9.67,34.4,57175.95,738.52
2008,Millet,Bihar,Kharif,492.9,1028.3,21.3,135.6,13.67,43.6,390133.28,791.51
2020,Groundnut,Karnataka,Whole Year,327.68,1083.1,27.6,57.2,7.69,80.3,593907.72,1812.46
2019,Wheat,Haryana,Whole Year,227.66,392.1,40.9,163.7,3.89,83.0,707343.66,3107.02
2019,Maize,Rajasthan,Rabi,444.21,913.8,38.7,189.5,9.34,62.5,906955.77,2041.73
2010,Sugarcane,Andhra Pradesh,Zaid,347.55,948.7,23.3,272.5,15.37,75.2,12946833.48,37251.71
2019,Millet,Haryana,Whole Year,175.01,2204.9,23.8,375.6,1.99,35.0,140042.48,800.2
2018,Maize,Uttar Pradesh,Zaid,442.16,1074.7,31.0,121.2,1.88,85.2,1563109.76,3535.17
2015,Barley,West Bengal,Rabi,333.64,1283.9,39.8,290.6,6.7,84.1,507254.61,1520.37
2011,Potato,Punjab,Zaid,349.72,1137.6,15.3,84.1,8.59,75.1,8183470.37,23400.06
2013,Maize,Bihar,Rabi,448.3,565.5,25.6,116.7,4.72,89.6,1441106.17,3214.6
2020,Barley,Uttar Pradesh,Kharif,224.76,2478.8,37.9,228.2,1.02,33.1,688961.53,3065.32
2009,Barley,Gujarat,Rabi,328.8,2116.8,26.1,297.9,4.78,45.0,911882.42,2773.37
2014,Millet,Punjab,Kharif,372.6,1490.0,34.4,350.5,8.99,53.6,148004.53,397.22
2022,Wheat,Madhya Pradesh,Rabi,227.52,1348.0,33.7,310.4,2.05,40.3,710931.67,3124.7
2007,Soybean,Madhya Pradesh,Whole Year,42.64,1728.4,20.5,55.4,14.46,83.0,63186.32,1481.86
2017,Millet,West Bengal,Whole Year,385.95,1018.1,27.1,289.4,11.27,79.2,332311.95,861.02
2015,Potato,Punjab,Zaid,24.86,410.6,30.3,338.6,8.97,80.3,112324.84,4518.3
2021,Potato,Karnataka,Rabi,359.24,1189.5,34.3,233.9,10.61,48.9,6349288.19,17674.22
2017,Wheat,Maharashtra,Rabi,455.53,2464.8,37.2,388.0,13.29,79.6,1041636.93,2286.65
2010,Wheat,Tamil Nadu,Rabi,174.14,701.2,35.5,51.5,19.9,38.0,327132.86,1878.56
2021,Cotton,Karnataka,Zaid,51.93,1461.0,15.8,336.5,15.61,36.9,15052.48,289.86
2017,Groundnut,West Bengal,Whole Year,117.2,318.7,33.1,167.2,11.04,68.0,97042.68,828.01
2023,Groundnut,Bihar,Rabi,281.58,568.5,28.4,277.7,15.53,33.2,189885.99,674.36
2023,Potato,Madhya Pradesh,Zaid,471.39,1591.8,30.5,292.7,9.77,91.0,7690318.44,16314.13
2014,Groundnut,Punjab,Rabi,256.63,954.3,25.1,157.2,6.56,51.4,460296.05,1793.62
2007,Sorghum,Karnataka,Kharif,57.26,2292.5,34.3,398.4,5.61,61.0,48144.06,840.8
2018,Sunflower,Maharashtra,Rabi,314.26,1193.6,33.2,86.1,8.29,82.9,403606.65,1284.31
2023,Millet,Uttar Pradesh,Kharif,366.69,757.7,30.6,105.0,0.54,56.0,355452.62,969.35
2009,Wheat,Karnataka,Zaid,197.25,1500.3,38.3,362.3,3.95,58.0,313350.78,1588.6
2009,Cotton,Gujarat,Zaid,361.04,2048.9,17.8,91.7,2.97,52.6,254733.38,705.55
2021,Barley,Uttar Pradesh,Whole Year,163.09,342.7,23.1,183.5,19.23,52.9,316545.4,1940.92
2014,Soybean,West Bengal,Rabi,394.76,1412.1,28.4,306.6,1.76,60.4,499292.4,1264.8
2009,Soybean,Uttar Pradesh,Zaid,171.2,2001.5,40.9,327.0,10.27,91.5,158639.96,926.64
2008,Barley,Punjab,Whole Year,128.8,527.9,16.9,384.1,18.43,90.8,68589.74,532.53
2010,Maize,Rajasthan,Rabi,439.71,2286.2,24.1,326.4,12.35,65.4,740037.1,1683.01
2008,Maize,Rajasthan,Zaid,274.69,881.9,40.0,345.6,10.16,59.6,431849.59,1572.13
2011,Groundnut,Andhra Pradesh,Kharif,143.29,675.3,39.2,382.3,14.99,82.5,36984.24,258.11
2011,Millet,Gujarat,Zaid,467.61,1596.4,38.4,243.8,7.39,74.3,415328.73,888.19
2022,Sorghum,Punjab,Kharif,345.73,685.1,23.3,170.2,4.28,87.3,448882.93,1298.36
2007,Cotton,West Bengal,Whole Year,111.13,1795.3,37.9,316.6,17.02,77.5,24013.84,216.09
2005,Soybean,Haryana,Whole Year,307.71,1378.2,28.6,107.2,1.6,91.9,602008.32,1956.41
2008,Sunflower,Rajasthan,Rabi,435.31,541.9,31.7,73.9,16.25,87.6,403719.98,927.43
2010,Potato,West Bengal,Rabi,348.38,2307.5,21.4,324.9,2.52,85.6,7521554.94,21590.09
2013,Groundnut,Uttar Pradesh,Rabi,123.13,1781.1,34.1,382.7,12.7,55.5,96669.92,785.1
2018,Rice,Karnataka,Whole Year,324.78,1501.2,23.8,204.9,9.8,55.1,1064226.23,3276.76
2016,Groundnut,Rajasthan,Kharif,309.96,1123.5,24.3,106.4,19.97,78.2,644467.51,2079.2
2008,Potato,Punjab,Rabi,410.6,596.7,32.2,224.0,8.06,35.4,7089060.44,17265.13
2016,Rice,Rajasthan,Rabi,89.89,1856.5,21.5,187.7,19.17,50.9,289574.26,3221.43
2014,Sugarcane,Maharashtra,Whole Year,350.12,2090.0,21.1,180.4,8.37,90.6,36124783.23,103178.29
2011,Wheat,Maharashtra,Kharif,14.66,576.8,25.0,269.8,13.79,59.3,33522.78,2286.68
2007,Sunflower,Maharashtra,Zaid,348.39,1388.0,36.0,111.2,13.05,47.5,423955.3,1216.9
2018,Barley,Gujarat,Rabi,480.26,1366.7,21.1,183.2,2.19,61.0,1314522.67,2737.11
2014,Wheat,Bihar,Zaid,88.02,1069.8,36.3,354.0,15.0,48.8,111016.39,1261.26
2020,Groundnut,Rajasthan,Zaid,156.34,2036.6,33.8,305.4,4.57,79.9,225190.24,1440.39
2020,Wheat,Andhra Pradesh,Rabi,291.85,519.0,33.3,69.5,8.07,85.3,614208.85,2104.54
2014,Cotton,Madhya Pradesh,Whole Year,366.47,751.0,27.8,229.9,15.75,80.9,152019.04,414.82
2017,Sugarcane,West Bengal,Rabi,172.84,303.5,35.1,82.0,18.91,39.7,7076279.62,40941.22
2010,Sorghum,Bihar,Kharif,332.47,1120.6,15.4,385.1,11.42,51.8,84922.73,255.43
2016,Sugarcane,Maharashtra,Kharif,449.74,940.6,23.3,135.6,10.63,43.9,28010703.95,62281.99
2013,Potato,Uttar Pradesh,Rabi,363.55,2207.4,33.3,376.4,10.35,32.8,6189510.36,17025.2
2017,Soybean,Punjab,Zaid,355.8,1940.8,41.7,341.9,16.42,78.0,84395.34,237.2
2008,Cotton,Gujarat,Kharif,191.6,485.8,15.1,243.0,19.87,57.8,58331.95,304.45
2015,Sunflower,Tamil Nadu,Kharif,455.8,1930.1,28.8,167.7,12.86,48.0,710439.75,1558.67
2022,Wheat,Maharashtra,Rabi,139.38,1785.9,39.9,350.3,7.88,50.0,306329.77,2197.8
2015,Sunflower,West Bengal,Rabi,103.43,919.8,38.3,103.5,4.76,38.8,148125.3,1432.13
2008,Potato,Uttar Pradesh,Whole Year,182.75,334.0,15.6,113.0,4.38,83.7,3071190.52,16805.42
2022,Sorghum,Punjab,Rabi,325.43,553.4,29.3,128.7,17.19,39.4,379208.06,1165.25
2005,Wheat,Karnataka,Rabi,430.98,849.9,15.1,259.2,19.85,52.0,608754.77,1412.49
2011,Millet,Haryana,Kharif,66.91,2096.6,36.3,160.0,14.11,30.5,74774.58,1117.54
2010,Millet,Uttar Pradesh,Kharif,407.09,1323.7,23.3,396.2,19.14,58.4,160647.64,394.62
2019,Maize,Andhra Pradesh,Kharif,406.6,2320.5,35.7,118.3,7.32,53.1,1716522.7,4221.65
2022,Sugarcane,Uttar Pradesh,Zaid,293.87,2036.1,40.5,332.0,12.74,76.7,13469117.76,45833.59
2015,Sorghum,Uttar Pradesh,Kharif,380.56,931.6,41.4,83.5,10.48,76.5,427084.08,1122.25
2019,Millet,Bihar,Kharif,91.76,2159.8,39.1,173.7,9.9,32.5,93127.74,1014.91
2020,Maize,Andhra Pradesh,Rabi,85.62,556.8,20.5,135.3,12.83,37.5,197418.55,2305.75
2011,Cotton,Karnataka,Whole Year,431.54,379.5,20.3,391.9,6.55,88.8,62056.21,143.8
2014,Sunflower,Gujarat,Kharif,249.58,1638.8,31.9,59.0,12.99,81.5,373101.68,1494.92
2016,Sorghum,Rajasthan,Whole Year,123.72,1051.8,29.7,302.6,13.62,55.3,84267.13,681.11
2018,Maize,Punjab,Kharif,344.68,1024.7,15.3,136.7,16.8,40.8,936933.4,2718.27
2009,Barley,Uttar Pradesh,Kharif,446.05,1811.9,25.6,333.9,14.74,47.0,805385.78,1805.6
2022,Sunflower,Uttar Pradesh,Whole Year,316.53,2170.2,39.5,158.9,6.74,72.8,490174.13,1548.59
2009,Sorghum,Madhya Pradesh,Rabi,174.33,1008.8,39.3,115.5,9.29,91.5,179532.49,1029.84
2007,Groundnut,Andhra Pradesh,Kharif,242.14,1015.0,20.5,292.6,2.85,70.0,264496.78,1092.33
2009,Sunflower,West Bengal,Whole Year,376.38,1474.5,25.3,140.2,5.52,31.7,539546.09,1433.51
2021,Maize,Uttar Pradesh,Kharif,34.68,1737.0,30.1,219.9,10.66,72.3,117681.6,3393.36
2023,Wheat,Uttar Pradesh,Zaid,109.37,746.4,38.0,96.0,2.46,91.4,479294.24,4382.32
2023,Groundnut,Andhra Pradesh,Zaid,231.83,2307.9,29.4,303.6,11.63,53.3,323276.94,1394.46
2016,Barley,West Bengal,Zaid,302.52,1739.7,41.1,192.4,8.11,90.7,758109.43,2505.98
2013,Potato,Andhra Pradesh,Zaid,170.24,1675.4,36.6,99.2,1.18,73.6,4320462.65,25378.66
2005,Millet,Bihar,Rabi,149.9,2289.2,40.7,309.6,8.97,42.3,83860.4,559.44
2022,Rice,Gujarat,Zaid,21.65,2296.0,34.8,86.2,5.98,39.4,96186.08,4442.78
2008,Maize,Uttar Pradesh,Whole Year,17.27,598.2,38.7,251.2,1.81,41.5,46284.95,2680.08
2014,Cotton,Maharashtra,Kharif,140.07,619.2,37.4,262.6,6.22,75.4,68372.78,488.13
2011,Maize,Punjab,Whole Year,265.72,1976.3,21.9,375.6,6.23,68.3,368657.55,1387.39
2005,Rice,West Bengal,Zaid,278.63,2405.1,21.2,102.8,7.42,59.6,1204975.33,4324.64
2021,Barley,Maharashtra,Rabi,247.52,1766.3,38.3,278.7,7.65,47.1,732564.66,2959.62
2006,Barley,Andhra Pradesh,Zaid,205.53,1204.9,17.3,183.3,8.88,89.0,579377.27,2818.94
2015,Groundnut,Madhya Pradesh,Zaid,126.89,1803.6,26.0,190.3,2.29,43.9,302355.25,2382.81
2013,Potato,Uttar Pradesh,Rabi,200.95,803.4,37.2,225.6,0.6,48.4,3753457.91,18678.57
2011,Sorghum,Madhya Pradesh,Rabi,70.24,2495.5,37.0,131.8,14.85,33.6,115211.57,1640.26
2021,Cotton,Bihar,Rabi,58.51,1248.4,18.7,211.4,7.08,47.9,30693.29,524.58
2021,Groundnut,Madhya Pradesh,Rabi,150.67,2349.7,28.2,290.4,12.47,90.0,279488.64,1854.97
2006,Potato,Andhra Pradesh,Rabi,497.68,1247.8,28.0,210.0,6.49,42.2,10329352.98,20755.01
2010,Cotton,Bihar,Rabi,163.92,2341.9,23.7,64.9,19.69,43.3,112204.82,684.51
2018,Cotton,Madhya Pradesh,Kharif,468.29,1038.5,39.8,140.2,6.65,69.0,295229.54,630.44
2010,Rice,Rajasthan,Zaid,196.74,1973.2,32.6,173.0,12.3,66.9,714268.01,3630.52
2006,Groundnut,Rajasthan,Zaid,220.07,2392.2,41.5,174.2,4.79,41.4,496616.01,2256.63
2005,Cotton,Gujarat,Rabi,398.73,1721.2,16.8,78.4,10.6,40.0,327066.53,820.27
2014,Soybean,Uttar Pradesh,Whole Year,47.73,1790.6,25.6,207.3,11.8,37.6,71513.76,1498.3
2009,Potato,Uttar Pradesh,Rabi,91.97,526.3,37.5,292.2,4.07,86.0,1570724.89,17078.67
2006,Rice,Maharashtra,Kharif,486.95,1343.3,26.4,67.0,2.91,72.5,1625832.03,3338.81
2020,Sunflower,Bihar,Whole Year,253.45,2250.9,22.1,312.8,19.49,92.0,199875.81,788.62
2006,Barley,Tamil Nadu,Kharif,23.11,830.0,41.9,384.3,17.92,40.8,842.71,36.47
2014,Rice,Uttar Pradesh,Whole Year,24.64,2034.4,38.6,53.3,13.37,59.9,63630.52,2582.41
2006,Sunflower,Gujarat,Whole Year,453.71,1786.6,29.8,117.8,17.29,78.3,642398.52,1415.88
2020,Wheat,West Bengal,Rabi,436.81,790.6,30.2,240.2,2.36,43.9,1385722.97,3172.37
2020,Wheat,Madhya Pradesh,Kharif,229.74,922.1,15.2,126.3,14.72,74.5,737359.57,3209.54
2023,Cotton,West Bengal,Whole Year,82.45,1240.6,41.5,317.6,6.07,60.8,29277.35,355.09
2011,Groundnut,Andhra Pradesh,Kharif,415.31,575.3,36.8,159.2,11.02,58.0,532261.85,1281.6
2016,Barley,Maharashtra,Rabi,162.98,2309.4,16.0,152.8,15.41,71.9,494151.16,3031.97
2019,Rice,Madhya Pradesh,Rabi,210.11,1926.6,19.8,50.3,1.15,60.4,918067.64,4369.46
2012,Groundnut,Bihar,Rabi,341.56,1102.9,37.2,144.5,14.05,83.3,595267.21,1742.79
2010,Rice,Madhya Pradesh,Rabi,177.35,959.3,17.3,126.2,8.98,90.5,583510.87,3290.17
2014,Rice,Karnataka,Zaid,314.71,1817.1,40.4,170.1,9.07,68.3,725341.09,2304.79
2007,Soybean,Bihar,Whole Year,442.76,1233.3,42.0,101.7,18.19,49.5,582654.39,1315.96
2023,Wheat,Haryana,Zaid,398.89,804.5,38.9,258.1,17.26,80.5,851748.51,2135.3
2021,Rice,Andhra Pradesh,Rabi,191.42,1246.3,35.0,133.6,1.62,41.1,783490.4,4093.04
2011,Soybean,Uttar Pradesh,Whole Year,144.68,2216.9,28.2,341.1,12.56,36.2,142667.58,986.09
2008,Wheat,Andhra Pradesh,Whole Year,143.47,450.9,17.2,149.6,9.0,63.7,390524.84,2722.0
2018,Soybean,Bihar,Kharif,174.95,1110.4,34.7,123.8,2.8,72.0,275910.11,1577.08
2019,Groundnut,Karnataka,Rabi,247.26,2417.1,25.7,69.9,17.1,84.3,409651.68,1656.76
2012,Sorghum,Haryana,Zaid,208.88,332.6,30.4,309.0,1.89,92.1,54413.5,260.5
2019,Wheat,Bihar,Kharif,67.37,2259.4,22.9,227.9,1.13,86.8,326938.68,4852.88
2018,Sunflower,Karnataka,Whole Year,82.56,1124.6,21.5,89.8,4.35,94.3,103575.15,1254.54
2013,Millet,Karnataka,Zaid,172.12,716.9,23.8,127.5,6.42,60.9,133063.44,773.09
2012,Sorghum,Rajasthan,Rabi,281.47,333.0,37.0,399.6,1.69,50.6,64673.12,229.77
2021,Potato,Madhya Pradesh,Zaid,296.74,455.2,26.5,332.1,13.01,59.9,1095022.5,3690.17
2006,Groundnut,West Bengal,Zaid,243.62,678.1,23.4,172.5,9.02,71.9,423592.01,1738.74
2007,Rice,Bihar,Zaid,369.65,355.9,26.7,239.9,8.54,63.0,640696.77,1733.25
2012,Barley,Bihar,Kharif,368.89,1038.9,15.9,195.6,3.33,71.2,833048.23,2258.26
2016,Groundnut,Tamil Nadu,Whole Year,214.39,398.8,39.0,62.7,9.04,87.6,301953.61,1408.43
2005,Soybean,Bihar,Zaid,63.1,1822.9,29.9,322.5,8.11,40.8,57171.39,906.04
2014,Soybean,Uttar Pradesh,Whole Year,265.56,2101.6,17.8,300.9,7.98,37.8,431863.98,1626.24
2007,Soybean,Gujarat,Kharif,191.35,2252.4,22.8,193.1,4.76,62.4,357299.81,1867.26
2010,Soybean,Maharashtra,Rabi,69.82,1508.1,41.6,346.1,2.34,93.8,61272.33,877.58
2011,Groundnut,Andhra Pradesh,Rabi,490.93,2382.3,31.0,237.2,5.58,33.8,1141212.61,2324.59
2022,Barley,Uttar Pradesh,Zaid,185.51,312.4,22.9,72.8,13.51,94.1,430882.3,2322.69
2015,Potato,Madhya Pradesh,Kharif,313.27,594.8,26.5,140.8,1.92,92.9,7078765.92,22596.37
2023,Maize,Rajasthan,Rabi,245.57,945.0,22.0,211.6,7.96,49.0,806942.48,3286.0
2009,Soybean,West Bengal,Kharif,72.27,2035.9,15.9,86.2,10.53,87.9,131822.44,1824.03
2023,Maize,Andhra Pradesh,Kharif,28.72,2247.9,37.7,249.9,19.28,30.5,101095.13,3520.03
2015,Barley,Maharashtra,Zaid,313.26,1659.9,22.9,92.2,16.95,59.5,804284.1,2567.47
2016,Barley,Tamil Nadu,Zaid,124.26,1143.1,37.6,120.2,18.37,56.1,289306.16,2328.23
2014,Sorghum,Madhya Pradesh,Kharif,122.58,1764.9,27.9,362.9,16.49,88.7,81532.48,665.14
2012,Wheat,Uttar Pradesh,Kharif,478.53,698.0,19.9,399.9,11.99,60.7,263051.07,549.71
2013,Millet,Gujarat,Zaid,231.42,1307.3,36.7,242.6,17.29,57.2,91515.38,395.45
2008,Cotton,West Bengal,Kharif,15.68,1416.6,25.2,266.9,11.52,71.6,9428.28,601.29
2009,Millet,Punjab,Zaid,170.58,530.7,34.1,329.1,7.48,54.4,88655.81,519.73
2012,Groundnut,Uttar Pradesh,Whole Year,292.66,374.5,37.6,293.6,7.76,64.9,287686.31,983.01
2013,Cotton,Madhya Pradesh,Kharif,164.96,1950.2,41.0,113.9,11.53,92.1,99073.55,600.59
2019,Barley,Karnataka,Zaid,14.4,1476.4,17.3,194.1,16.28,43.2,41150.31,2857.66
2019,Sunflower,Karnataka,Kharif,222.71,1030.9,15.2,237.3,3.11,59.8,257686.81,1157.05
2020,Millet,Gujarat,Zaid,53.85,1261.9,29.8,175.9,1.27,31.0,61196.63,1136.43
2018,Sugarcane,Haryana,Kharif,309.96,2406.9,22.1,111.6,15.9,84.7,28248612.49,91136.32
2012,Wheat,Gujarat,Rabi,310.17,1146.8,27.7,307.6,13.13,36.0,629406.01,2029.23
2022,Millet,West Bengal,Rabi,19.84,527.7,17.0,119.6,16.52,36.2,13557.98,683.37
2014,Wheat,Karnataka,Kharif,146.04,1319.9,28.5,141.2,19.55,87.4,403450.39,2762.6
2010,Maize,Tamil Nadu,Rabi,207.43,1725.7,18.4,150.3,5.4,56.6,766354.4,3694.52
2016,Groundnut,Tamil Nadu,Kharif,275.58,326.6,37.6,106.6,4.29,74.7,440706.19,1599.2
2006,Wheat,Karnataka,Kharif,148.74,1031.1,35.5,347.3,7.15,85.8,315316.05,2119.91
2011,Maize,West Bengal,Whole Year,144.59,1165.7,17.0,263.7,17.62,54.3,214914.66,1486.37
2020,Soybean,Rajasthan,Whole Year,491.52,1320.2,37.6,342.2,0.77,47.0,656161.63,1334.96
2007,Maize,Maharashtra,Rabi,21.89,963.7,23.8,222.8,0.71,41.0,66339.6,3030.59
2017,Groundnut,Maharashtra,Whole Year,494.53,1767.2,24.5,231.8,4.73,69.5,891299.4,1802.32
2007,Sorghum,West Bengal,Whole Year,24.83,2378.4,19.9,265.7,7.83,46.4,38758.12,1560.94
2022,Sunflower,Punjab,Kharif,144.88,2310.8,37.6,179.8,6.4,71.2,251637.23,1736.87
2015,Soybean,Maharashtra,Zaid,247.35,1761.7,25.9,223.8,16.59,50.6,379993.79,1536.26
2012,Barley,Andhra Pradesh,Kharif,72.51,1415.1,16.3,241.4,13.95,52.6,132710.11,1830.23
2010,Rice,Maharashtra,Whole Year,68.29,2116.8,41.1,383.7,16.84,46.2,85389.74,1250.4
2005,Maize,Andhra Pradesh,Kharif,128.9,2139.1,21.9,359.0,7.98,57.2,456116.96,3538.53
2005,Maize,Karnataka,Rabi,486.78,2125.1,40.3,95.2,12.12,40.5,1654507.73,3398.88
2012,Wheat,Rajasthan,Zaid,190.68,647.3,23.1,64.4,10.55,50.8,664302.02,3483.86
2009,Barley,Gujarat,Whole Year,283.43,356.0,37.4,288.1,9.76,80.6,260409.37,918.78
2020,Millet,Rajasthan,Whole Year,352.44,2463.0,32.9,67.2,6.12,44.0,414486.93,1176.05
2015,Sugarcane,Maharashtra,Kharif,371.37,2411.2,38.3,71.1,14.33,91.6,35306701.62,95071.5
2009,Potato,Maharashtra,Kharif,344.33,1541.6,41.4,105.7,10.72,62.0,8120384.14,23583.14
2008,Cotton,Bihar,Kharif,169.13,2484.7,38.5,173.1,2.03,36.9,134545.47,795.52
2010,Maize,West Bengal,Kharif,56.75,1995.2,25.9,202.2,0.51,91.3,248536.03,4379.49
2018,Sunflower,Gujarat,Whole Year,141.58,1438.2,37.0,231.8,0.9,59.7,241393.63,1705.0
2023,Millet,Maharashtra,Kharif,105.94,1156.5,34.2,397.3,1.98,66.2,58279.1,550.11
2013,Sugarcane,Haryana,Whole Year,69.0,1604.3,16.7,184.8,7.73,42.0,6269226.28,90858.35
2016,Cotton,Haryana,Kharif,13.22,1434.8,40.1,135.0,6.46,51.7,8277.96,626.17
2015,Rice,Punjab,Zaid,467.93,2486.4,27.6,251.3,3.55,75.7,2032872.42,4344.39
2018,Sunflower,Karnataka,Zaid,460.6,1379.0,18.6,125.3,10.55,38.1,680255.71,1476.89
2020,Potato,Andhra Pradesh,Kharif,26.16,2139.0,26.5,379.2,19.42,67.1,313259.33,11974.75
2005,Wheat,Rajasthan,Kharif,87.37,2090.0,31.3,140.7,3.63,75.1,501104.95,5735.43
2017,Potato,Karnataka,Rabi,70.61,457.1,30.5,396.5,5.39,30.1,92926.9,1316.06
2017,Millet,Andhra Pradesh,Zaid,141.33,491.4,30.5,196.5,9.51,84.4,102563.42,725.7
2006,Wheat,Andhra Pradesh,Whole Year,102.83,1751.6,21.9,334.4,13.0,33.7,235833.32,2293.43
2008,Cotton,Uttar Pradesh,Zaid,472.98,870.0,32.1,276.9,12.2,46.0,189986.93,401.68
2010,Sorghum,Bihar,Whole Year,43.0,1746.6,39.5,376.7,10.66,92.6,14689.52,341.62
2009,Maize,Maharashtra,Kharif,106.62,618.2,25.5,268.9,14.88,35.3,229384.82,2151.42
2007,Soybean,Punjab,Zaid,41.28,1173.6,32.0,253.4,17.0,83.7,37937.87,919.04
2005,Sugarcane,Maharashtra,Zaid,490.21,525.4,21.6,278.5,19.98,72.4,22677061.15,46259.89
2008,Sunflower,Punjab,Rabi,459.29,920.6,16.3,325.3,9.58,68.9,274391.25,597.42
2006,Barley,Karnataka,Rabi,358.6,494.3,30.8,364.6,19.9,67.8,5079.6,14.17
2009,Groundnut,Madhya Pradesh,Zaid,213.56,2435.3,16.3,143.4,14.74,40.8,491262.44,2300.35
2007,Maize,Madhya Pradesh,Zaid,95.9,1169.1,34.5,120.3,13.32,73.5,295940.17,3085.92
2013,Soybean,West Bengal,Zaid,111.52,2282.6,33.1,62.0,12.97,91.9,186159.54,1669.29
2010,Potato,West Bengal,Whole Year,222.08,2436.6,25.0,179.5,18.26,35.0,6098912.92,27462.68
2022,Groundnut,Karnataka,Kharif,384.34,2301.0,26.1,346.2,18.98,51.6,415758.95,1081.75
2010,Millet,Gujarat,Rabi,133.1,1300.9,39.8,74.5,3.98,60.7,166681.9,1252.31
2023,Sunflower,Haryana,Kharif,156.09,2013.6,15.4,238.5,10.12,45.1,222562.92,1425.86
2016,Groundnut,Bihar,Rabi,300.37,638.1,30.2,293.2,18.86,78.2,272217.79,906.27
2015,Rice,Andhra Pradesh,Rabi,119.63,508.6,39.9,342.9,7.95,74.8,129444.04,1082.04
2006,Maize,Punjab,Rabi,292.53,2229.2,39.7,254.2,5.04,37.7,1085673.57,3711.32
2019,Wheat,Tamil Nadu,Zaid,194.18,368.5,30.8,115.2,2.5,67.0,604318.86,3112.16
2016,Sorghum,Madhya Pradesh,Rabi,18.15,2439.1,25.3,387.6,12.15,54.0,11886.54,654.91
2016,Barley,Maharashtra,Kharif,201.95,1778.7,17.7,83.1,14.16,44.8,538048.28,2664.26
2013,Wheat,Karnataka,Rabi,459.84,1223.1,19.7,319.1,4.31,85.1,1306060.28,2840.25
2006,Soybean,Andhra Pradesh,Kharif,147.26,611.0,33.4,80.3,13.64,33.6,151577.99,1029.32
2007,Maize,Madhya Pradesh,Rabi,162.09,1891.1,15.4,100.2,18.04,60.4,637582.23,3933.51
2016,Sorghum,Punjab,Rabi,33.9,1538.8,38.9,364.4,5.25,60.9,29585.78,872.74
2020,Groundnut,Rajasthan,Zaid,307.91,1864.5,30.9,313.6,2.88,67.1,381975.12,1240.54
2005,Maize,Gujarat,Kharif,424.77,1219.4,16.2,177.9,16.79,42.8,1453014.29,3420.71
2007,Groundnut,Maharashtra,Rabi,177.11,445.8,21.5,273.6,18.37,86.6,96587.34,545.35
2006,Millet,West Bengal,Rabi,120.88,992.9,31.0,210.0,4.69,92.7,104807.71,867.04
2013,Rice,Karnataka,Kharif,478.35,993.0,16.0,73.3,14.57,65.7,1233957.7,2579.61
2023,Cotton,Madhya Pradesh,Rabi,372.79,319.1,36.1,302.4,12.02,46.6,22744.38,61.01
2019,Maize,West Bengal,Whole Year,284.01,321.1,39.8,317.1,5.16,87.0,294935.13,1038.47
2022,Soybean,Punjab,Zaid,153.46,1027.7,41.0,358.8,16.56,94.2,50238.33,327.37
2015,Groundnut,West Bengal,Kharif,111.18,1900.8,34.8,239.2,9.67,78.2,167093.55,1502.91
2020,Wheat,Madhya Pradesh,Zaid,358.16,1672.9,38.1,285.6,14.16,51.7,702349.26,1960.99
2021,Millet,Madhya Pradesh,Whole Year,261.37,825.8,31.5,203.3,6.38,45.3,277406.53,1061.36
2009,Soybean,Maharashtra,Whole Year,260.78,1626.1,27.4,161.6,16.41,40.2,381046.55,1461.18
2016,Barley,Haryana,Whole Year,37.78,1724.2,34.3,194.1,5.65,45.3,122546.67,3243.69
2015,Cotton,Madhya Pradesh,Kharif,256.59,1449.7,21.1,369.1,7.61,44.8,116614.78,454.48
2019,Millet,Andhra Pradesh,Whole Year,411.55,1447.0,18.0,107.5,8.13,92.9,468487.71,1138.35
2007,Rice,Haryana,Kharif,473.45,1113.4,35.6,137.0,4.53,71.8,1359604.3,2871.7
2005,Cotton,Karnataka,Kharif,54.23,571.5,40.9,262.2,17.55,40.9,11095.69,204.6
2020,Sunflower,Haryana,Rabi,315.95,1148.1,30.6,90.7,2.71,61.7,491343.94,1555.13
2006,Groundnut,Uttar Pradesh,Kharif,284.61,1059.7,28.0,362.2,11.48,42.0,245567.94,862.82
2006,Sunflower,Madhya Pradesh,Whole Year,445.27,1602.3,29.4,66.5,16.38,69.4,606217.72,1361.46
2007,Soybean,Andhra Pradesh,Kharif,375.87,2183.8,27.9,314.4,11.83,52.2,516622.23,1374.47
2012,Barley,Punjab,Kharif,482.67,1125.8,26.9,180.8,6.87,42.7,1272697.3,2636.79
2019,Potato,Andhra Pradesh,Zaid,480.06,1861.4,40.6,67.9,15.74,45.8,11324239.53,23589.22
2011,Sugarcane,Uttar Pradesh,Whole Year,113.62,2086.0,28.0,345.0,10.23,73.9,6583918.1,57946.82
2010,Potato,Tamil Nadu,Kharif,362.95,765.9,17.2,274.2,3.68,56.5,5407000.36,14897.37
2013,Rice,Haryana,Rabi,265.73,2283.6,35.7,53.1,6.68,63.4,923029.57,3473.56
2005,Sunflower,Andhra Pradesh,Kharif,108.09,455.0,25.6,143.6,12.04,83.4,108851.72,1007.05
2012,Sorghum,West Bengal,Kharif,98.24,2283.8,34.2,173.2,13.35,72.6,145700.1,1483.1
2007,Groundnut,Punjab,Zaid,41.46,660.0,30.6,162.9,11.19,60.1,61187.32,1475.82
2008,Sugarcane,Madhya Pradesh,Whole Year,397.98,1041.8,34.3,224.4,5.8,92.0,27464089.03,69008.72
2019,Maize,Madhya Pradesh,Whole Year,162.93,1631.5,16.7,234.4,12.08,43.9,476903.19,2927.04
2010,Potato,Rajasthan,Rabi,428.63,2292.5,15.9,188.9,6.98,48.8,10337943.5,24118.57
2019,Barley,Karnataka,Rabi,304.55,862.5,25.2,166.1,4.89,89.2,760823.13,2498.19
2007,Potato,Karnataka,Rabi,337.14,1979.9,33.7,226.5,18.94,85.5,7970961.96,23642.88
2018,Wheat,Bihar,Kharif,146.55,1863.0,21.0,61.8,6.64,38.5,570755.3,3894.61
2018,Sorghum,Karnataka,Kharif,229.19,651.4,26.7,275.8,7.04,90.4,136145.47,594.03
2008,Soybean,Andhra Pradesh,Rabi,206.75,1354.8,41.5,262.1,17.99,30.7,132686.37,641.77
2016,Barley,Haryana,Whole Year,118.61,1359.3,20.8,147.7,3.28,83.5,340138.2,2867.7
2021,Cotton,Andhra Pradesh,Whole Year,416.42,970.1,37.9,112.8,11.9,48.1,210906.69,506.48
2011,Millet,Madhya Pradesh,Rabi,311.42,2015.8,37.3,75.5,15.78,42.3,322616.63,1035.95
2013,Cotton,Maharashtra,Zaid,19.68,2337.1,39.1,255.6,5.84,59.2,13844.22,703.47
2007,Sunflower,West Bengal,Whole Year,410.14,1876.5,39.7,249.1,16.96,88.3,414064.53,1009.57
2017,Cotton,Madhya Pradesh,Whole Year,53.91,2440.5,28.7,236.7,15.51,81.1,37937.87,703.73
2019,Maize,Rajasthan,Rabi,202.44,411.0,33.4,395.0,9.98,92.9,62176.11,307.13
2022,Sunflower,Rajasthan,Whole Year,286.06,381.9,31.7,236.0,2.81,65.2,341946.12,1195.37
2023,Rice,West Bengal,Kharif,4.82,2266.5,23.3,302.6,19.42,63.2,12266.45,2544.91
2005,Wheat,Uttar Pradesh,Kharif,326.8,2275.2,22.6,89.5,12.67,30.8,1179432.29,3609.03
2010,Sorghum,Gujarat,Whole Year,330.19,535.7,24.2,154.6,10.58,41.7,339249.2,1027.44
2006,Rice,Madhya Pradesh,Kharif,326.61,1086.4,20.9,146.4,17.77,62.3,1106883.85,3389.01
2018,Barley,Madhya Pradesh,Zaid,82.57,2137.9,35.4,251.6,8.72,78.9,279875.3,3389.55
2010,Cotton,Maharashtra,Whole Year,128.61,582.8,41.0,165.8,11.49,83.5,53954.66,419.52
2018,Maize,Punjab,Rabi,124.44,888.3,38.4,274.4,17.24,48.4,234551.31,1884.85
2008,Potato,Rajasthan,Kharif,480.07,1798.2,20.9,291.5,8.16,76.3,8659014.77,18036.98
2012,Potato,Karnataka,Zaid,34.7,2460.2,16.4,61.8,15.56,83.9,856786.86,24691.26
2007,Sunflower,Andhra Pradesh,Zaid,214.95,2053.7,35.4,273.9,5.49,54.4,277001.84,1288.68
2023,Barley,Uttar Pradesh,Kharif,435.76,2010.1,25.5,90.9,14.2,75.2,1284686.69,2948.15
2018,Millet,Madhya Pradesh,Zaid,384.96,1053.9,37.3,212.8,10.45,58.4,301561.41,783.36
2021,Wheat,Gujarat,Whole Year,411.4,1755.0,36.0,304.3,3.72,94.1,1381147.41,3357.19
2012,Sorghum,West Bengal,Zaid,486.17,548.8,31.9,296.2,3.15,30.4,406659.46,836.46
2018,Millet,Tamil Nadu,Kharif,194.24,2483.0,21.9,154.9,9.42,56.9,271682.6,1398.7
2010,Sunflower,Punjab,Zaid,155.52,1357.3,17.8,145.3,14.36,47.1,205888.7,1323.87
2020,Maize,Gujarat,Kharif,16.3,1705.4,21.8,204.1,12.26,85.2,63680.92,3906.8
2023,Wheat,Bihar,Kharif,75.86,2227.6,28.8,116.0,17.17,48.7,350165.42,4615.94
2018,Barley,Karnataka,Zaid,281.45,302.1,41.4,391.1,8.1,65.3,7173.91,25.49
2023,Cotton,Gujarat,Kharif,79.67,2447.2,16.7,170.7,16.95,78.1,42033.57,527.6
2007,Cotton,Rajasthan,Kharif,368.42,1090.2,20.4,373.0,1.22,62.3,78875.5,214.09
2014,Groundnut,Bihar,Rabi,19.58,1047.1,31.9,367.9,7.63,56.7,16540.86,844.78
2023,Cotton,Madhya Pradesh,Whole Year,130.48,619.1,23.2,177.7,1.92,32.8,77900.1,597.03
2013,Sugarcane,Bihar,Kharif,348.03,2188.0,38.2,138.9,18.43,31.5,37692037.89,108301.12
2017,Cotton,Andhra Pradesh,Whole Year,128.5,2215.8,18.8,319.8,9.77,92.2,50619.67,393.93
2011,Sugarcane,West Bengal,Rabi,364.65,344.0,41.0,130.3,6.67,71.8,26403565.97,72407.97
2018,Soybean,Gujarat,Rabi,497.94,422.6,39.6,232.4,10.1,83.6,418854.57,841.17
2013,Sugarcane,Punjab,Rabi,398.74,2320.4,39.0,88.7,10.89,61.2,36738103.01,92135.48
2023,Wheat,Gujarat,Rabi,171.58,570.3,19.7,185.1,17.0,47.0,551410.14,3213.72
2019,Millet,Madhya Pradesh,Whole Year,450.4,1666.0,23.9,77.4,11.08,49.1,431668.44,958.41
2018,Wheat,Tamil Nadu,Zaid,26.54,1663.2,36.7,149.2,8.91,32.8,105938.54,3991.66
2010,Millet,Uttar Pradesh,Zaid,362.78,2213.4,36.8,282.9,19.25,81.4,323279.62,891.12
2008,Groundnut,Rajasthan,Whole Year,12.64,1559.8,34.0,397.0,19.39,67.8,1566.82,123.96
2012,Soybean,Andhra Pradesh,Kharif,88.1,1254.8,27.1,139.2,1.25,61.3,120501.35,1367.78
2021,Millet,Karnataka,Whole Year,493.81,2443.6,23.4,215.7,14.28,85.4,588655.7,1192.07
2013,Millet,West Bengal,Kharif,181.08,803.4,41.0,206.8,7.75,58.9,156865.13,866.28
2005,Maize,West Bengal,Kharif,410.43,878.0,18.8,114.5,13.67,91.6,1091670.74,2659.82
2018,Rice,Bihar,Zaid,188.67,486.5,16.2,263.5,12.92,30.9,186622.67,989.15
2015,Rice,Bihar,Rabi,420.17,2445.7,15.2,303.6,6.94,94.0,1280890.12,3048.5
2007,Maize,Uttar Pradesh,Zaid,482.75,1854.0,35.9,101.5,19.74,83.0,1498004.13,3103.06
2013,Cotton,Haryana,Zaid,218.33,326.6,16.5,315.0,7.46,53.1,24264.44,111.14
2018,Maize,Haryana,Whole Year,280.12,1849.5,29.5,295.1,12.82,68.7,831201.99,2967.31
2013,Potato,Karnataka,Whole Year,314.69,1189.1,24.9,119.1,16.36,86.2,6405274.22,20354.24
2008,Millet,Gujarat,Kharif,467.48,2428.6,19.0,277.1,3.34,61.3,553477.45,1183.96
2008,Millet,Bihar,Whole Year,129.12,910.3,35.0,187.8,6.36,33.3,146042.56,1131.06
2012,Maize,Tamil Nadu,Kharif,306.01,1862.6,16.5,288.4,4.38,88.7,965182.84,3154.09
2006,Maize,West Bengal,Kharif,163.04,1680.4,23.6,223.6,15.75,63.6,518101.86,3177.76
2013,Potato,Gujarat,Rabi,109.25,326.5,30.2,66.8,16.12,65.4,1814571.03,16609.35
2018,Cotton,West Bengal,Rabi,43.38,2247.5,25.9,325.4,5.49,30.9,24554.2,566.03
2013,Wheat,Bihar,Zaid,310.73,607.1,22.0,244.5,0.58,36.5,798823.45,2570.8
2020,Soybean,West Bengal,Rabi,441.16,1759.9,40.0,303.7,8.76,80.5,494587.87,1121.11
2021,Barley,Gujarat,Kharif,176.35,2006.2,40.1,94.1,13.9,58.3,460806.62,2613.02
2020,Millet,Bihar,Whole Year,276.78,1688.0,26.2,302.4,12.64,94.9,191484.29,691.83
2016,Soybean,Madhya Pradesh,Rabi,321.42,513.7,25.6,194.8,9.19,75.2,333322.58,1037.03
2007,Maize,Uttar Pradesh,Rabi,207.91,2445.4,23.3,329.7,6.39,91.7,715721.56,3442.46
2015,Potato,Madhya Pradesh,Rabi,451.77,821.0,38.1,259.7,9.75,48.2,5854130.13,12958.21
2018,Cotton,Haryana,Rabi,182.01,1681.3,30.3,174.2,0.79,41.4,139944.83,768.89
2022,Sugarcane,Maharashtra,Kharif,63.38,2053.8,17.4,120.7,1.94,54.5,7414252.75,116980.95
2009,Cotton,Punjab,Kharif,72.87,2366.3,38.0,335.6,3.67,47.2,38651.86,530.42
2020,Sorghum,Uttar Pradesh,Zaid,445.54,1628.8,29.4,246.1,12.7,69.9,385806.32,865.93
2009,Sorghum,Madhya Pradesh,Whole Year,494.02,869.9,26.2,395.6,4.77,78.4,142822.09,289.1
2007,Soybean,Rajasthan,Zaid,145.18,2140.6,24.1,180.7,8.76,56.1,257834.93,1775.97
2016,Rice,Tamil Nadu,Zaid,72.66,659.1,17.7,290.0,12.62,35.8,75151.2,1034.29
2005,Sorghum,Tamil Nadu,Rabi,241.62,349.0,40.8,268.0,16.7,31.7,115357.02,477.43
2013,Sorghum,Punjab,Whole Year,355.05,2297.9,35.0,273.2,11.22,44.2,490081.37,1380.32
2013,Wheat,Tamil Nadu,Rabi,306.59,1565.9,18.6,307.9,3.95,77.6,984437.13,3210.92
2008,Sugarcane,Gujarat,Kharif,475.6,453.2,28.8,98.7,19.06,44.4,21021583.29,44200.13
2007,Potato,Tamil Nadu,Zaid,409.07,1575.4,30.0,242.4,2.26,89.2,13407479.36,32775.51
2021,Wheat,Maharashtra,Whole Year,434.62,619.0,19.5,228.2,7.66,72.4,1088373.33,2504.2
2006,Sugarcane,Tamil Nadu,Kharif,271.29,369.0,26.5,169.9,18.47,86.0,15482172.72,57068.72
2005,Potato,West Bengal,Zaid,164.31,556.4,32.4,202.7,12.25,55.1,2433231.88,14808.79
2012,Groundnut,Uttar Pradesh,Whole Year,351.17,2005.2,22.7,231.6,13.42,93.9,668204.78,1902.8
2017,Barley,Gujarat,Zaid,220.09,1962.5,24.0,162.3,6.38,74.2,832520.33,3782.64
2019,Millet,Haryana,Whole Year,144.59,1629.5,18.3,152.6,2.03,53.2,149555.89,1034.34
2012,Sorghum,Tamil Nadu,Zaid,76.98,760.5,26.2,308.4,7.63,43.8,50717.13,658.84
2016,Potato,Karnataka,Rabi,264.41,1925.7,30.8,73.4,8.34,86.3,7777363.92,29414.03
2016,Millet,Karnataka,Zaid,297.53,1197.7,18.1,159.5,5.77,50.7,233395.5,784.44
2018,Sorghum,Karnataka,Zaid,284.82,1423.7,31.6,278.8,4.7,32.9,333503.64,1170.93
2019,Wheat,Tamil Nadu,Whole Year,59.16,2274.8,25.7,123.1,7.43,48.1,268502.76,4538.59
2019,Barley,Rajasthan,Whole Year,285.42,1307.3,33.3,250.3,12.97,41.7,584766.15,2048.79
2013,Wheat,Madhya Pradesh,Rabi,85.04,1678.0,23.5,155.8,19.01,50.8,258077.96,3034.78
2023,Potato,West Bengal,Whole Year,332.19,2415.9,30.3,345.2,14.22,69.9,4750495.09,14300.54
2012,Sunflower,Andhra Pradesh,Zaid,215.26,1293.1,31.5,172.5,15.7,62.5,249680.43,1159.9
2023,Wheat,Tamil Nadu,Whole Year,424.55,1533.6,33.6,130.3,6.47,76.2,1998540.4,4707.43
2010,Sugarcane,Rajasthan,Whole Year,389.35,1585.7,35.4,235.5,2.54,51.7,29814561.44,76575.22
2023,Rice,Madhya Pradesh,Whole Year,362.47,829.6,18.7,97.5,6.18,37.8,1177466.32,3248.45
2008,Cotton,Andhra Pradesh,Rabi,350.67,1921.2,41.1,329.1,8.35,40.4,178847.56,510.02
2011,Soybean,Punjab,Rabi,280.68,1898.6,37.8,288.0,13.95,81.8,355570.53,1266.82
2008,Millet,Maharashtra,Kharif,31.5,769.8,30.2,319.7,18.82,36.4,9933.03,315.33
2016,Groundnut,West Bengal,Rabi,328.09,329.3,39.0,189.6,16.28,81.9,338787.29,1032.6
2017,Sorghum,Tamil Nadu,Rabi,233.99,2497.7,25.3,342.3,5.69,43.8,321689.4,1374.8
2007,Wheat,Uttar Pradesh,Rabi,235.31,1579.5,15.9,222.7,16.5,74.1,808111.94,3434.24
2016,Rice,Gujarat,Zaid,190.13,698.3,34.6,83.1,8.53,70.5,495852.11,2607.96
2006,Wheat,Uttar Pradesh,Kharif,464.61,923.8,40.5,128.4,3.92,36.4,1337769.28,2879.34
2006,Barley,Madhya Pradesh,Zaid,125.48,1659.1,19.4,298.9,9.49,73.3,340033.41,2709.86
2013,Sugarcane,Uttar Pradesh,Rabi,158.98,602.8,32.4,363.7,11.48,59.1,3333014.56,20964.99
2005,Groundnut,Bihar,Rabi,481.56,382.0,37.0,83.3,15.39,76.0,507117.38,1053.07
2012,Cotton,Punjab,Kharif,405.27,2056.7,39.4,352.5,7.32,84.3,175921.01,434.08
2010,Potato,Gujarat,Kharif,8.03,1874.9,22.5,329.7,3.36,32.6,116710.81,14534.35
2010,Barley,Punjab,Whole Year,453.15,981.1,18.5,174.8,2.34,72.1,1326601.53,2927.51
2022,Maize,Andhra Pradesh,Rabi,114.1,428.7,21.7,291.2,2.69,36.8,277167.62,2429.16
2021,Groundnut,Punjab,Rabi,353.26,1369.8,30.6,115.4,19.03,54.6,595911.89,1686.89
2016,Wheat,Karnataka,Zaid,276.98,907.6,39.8,334.7,19.06,30.8,359924.36,1299.46
2010,Barley,Maharashtra,Whole Year,268.87,1175.1,30.7,280.1,19.39,51.4,429189.37,1596.27
2012,Cotton,Karnataka,Rabi,359.24,902.7,39.8,203.6,6.4,41.0,193502.84,538.65
2023,Rice,Tamil Nadu,Zaid,104.38,685.6,35.8,352.6,4.24,66.2,150580.02,1442.61
2014,Rice,Andhra Pradesh,Kharif,80.35,1151.4,31.2,98.7,19.63,63.3,230461.74,2868.22
2005,Millet,Bihar,Zaid,326.3,2422.8,15.6,346.0,19.77,81.6,178318.68,546.49
2017,Cotton,Rajasthan,Rabi,146.0,885.7,24.0,58.4,2.03,71.6,99556.61,681.89
2021,Rice,Andhra Pradesh,Zaid,487.0,1039.1,16.6,313.6,15.17,76.5,607517.71,1247.47
2007,Barley,Rajasthan,Zaid,226.3,1024.3,23.7,250.7,6.13,36.0,543407.94,2401.27
2012,Millet,Maharashtra,Whole Year,56.69,1356.6,16.7,293.9,18.23,31.8,30868.04,544.51
2018,Sunflower,Punjab,Whole Year,343.22,2155.7,19.5,194.3,2.24,93.0,537169.99,1565.09
2007,Rice,Punjab,Kharif,153.77,1184.7,26.1,352.6,17.83,57.8,205405.07,1335.79
2020,Groundnut,Gujarat,Whole Year,75.15,2073.5,28.9,159.6,0.55,55.7,154418.6,2054.81
2017,Sugarcane,Tamil Nadu,Zaid,211.99,553.0,20.9,146.2,10.68,32.3,12250248.32,57786.92
2021,Maize,Uttar Pradesh,Whole Year,482.15,2268.8,34.8,155.6,7.04,37.7,2184068.61,4529.85
2017,Cotton,Haryana,Rabi,206.3,707.7,30.9,321.0,8.83,91.1,50380.72,244.21
2010,Barley,Andhra Pradesh,Zaid,174.32,386.2,33.7,223.4,8.96,75.2,336323.7,1929.35
2021,Sorghum,Andhra Pradesh,Zaid,222.81,648.4,34.8,238.0,13.25,56.6,241860.64,1085.5
2018,Wheat,Tamil Nadu,Zaid,7.05,719.6,34.6,341.1,0.95,88.8,6481.27,919.33
2021,Barley,Karnataka,Rabi,67.42,1418.7,40.3,341.7,13.98,68.3,81938.46,1215.34
2012,Rice,West Bengal,Zaid,424.99,1289.9,21.4,106.6,0.93,78.5,1815876.91,4272.75
2015,Barley,Tamil Nadu,Whole Year,489.04,1874.9,22.3,242.4,4.11,58.1,1493281.24,3053.5
2005,Sorghum,Haryana,Rabi,79.81,412.1,17.5,94.1,12.33,58.0,72043.28,902.68
2011,Wheat,Punjab,Zaid,268.22,1395.0,31.0,354.0,2.19,34.4,570814.4,2128.16
2021,Millet,Rajasthan,Whole Year,483.2,1031.4,25.7,343.0,19.82,77.7,114603.46,237.18
2014,Rice,Karnataka,Whole Year,79.13,1687.6,28.4,347.3,15.8,36.4,66174.26,836.27
2015,Soybean,Bihar,Kharif,93.97,396.1,19.6,296.7,14.26,79.7,47510.52,505.59
2013,Rice,Madhya Pradesh,Whole Year,463.48,376.9,32.5,213.4,5.72,42.4,1047411.61,2259.89
2013,Maize,Karnataka,Whole Year,353.14,1240.0,31.7,191.7,1.45,46.1,1299928.05,3681.06
2009,Sunflower,Bihar,Kharif,76.83,2084.9,22.1,188.3,19.59,89.7,115454.59,1502.73
2021,Soybean,Gujarat,Kharif,197.35,1776.4,27.6,73.2,3.38,60.7,393915.72,1996.03
2013,Maize,Maharashtra,Rabi,29.08,336.8,39.1,382.1,16.7,38.1,2989.8,102.81
2021,Sorghum,Haryana,Whole Year,216.9,692.6,35.9,207.6,4.35,88.8,226709.27,1045.22
2023,Cotton,Karnataka,Rabi,389.17,798.8,21.1,375.5,7.79,59.4,73375.17,188.54
2011,Wheat,Haryana,Rabi,277.43,1230.7,38.7,357.7,14.02,38.5,228395.55,823.25
2013,Sugarcane,Bihar,Zaid,324.07,1590.8,16.8,340.0,18.93,55.4,15453661.82,47686.18
2011,Millet,Tamil Nadu,Rabi,164.08,776.2,26.2,255.9,0.89,68.3,135969.66,828.68
2017,Sugarcane,Madhya Pradesh,Rabi,81.54,1141.5,17.2,85.5,5.58,53.6,7365843.87,90334.12
2015,Groundnut,Rajasthan,Rabi,7.55,1584.7,40.0,163.4,15.42,90.1,16585.63,2196.77
2018,Groundnut,Rajasthan,Rabi,410.83,1143.6,16.1,261.3,3.88,47.5,710592.84,1729.65
2023,Sorghum,Madhya Pradesh,Kharif,318.69,615.0,19.1,54.7,2.67,41.4,357206.7,1120.86
2015,Cotton,Andhra Pradesh,Whole Year,115.43,1381.7,39.7,64.9,1.4,44.4,63409.92,549.34
2017,Sunflower,Punjab,Zaid,209.8,1012.8,30.7,287.2,10.3,35.4,220843.17,1052.64
2018,Sunflower,Andhra Pradesh,Kharif,400.92,2201.2,36.5,360.9,15.47,59.4,95623.96,238.51
2017,Groundnut,Karnataka,Zaid,269.81,2006.4,15.4,349.3,19.25,87.1,216992.72,804.24
2005,Rice,Maharashtra,Zaid,150.78,718.6,26.3,108.9,5.72,49.8,341254.41,2263.26
2012,Barley,Bihar,Kharif,134.33,635.8,41.6,368.9,2.87,46.8,80125.7,596.48
2016,Maize,Andhra Pradesh,Rabi,109.59,1064.9,30.7,293.7,8.35,84.4,228674.21,2086.63
2023,Groundnut,Andhra Pradesh,Kharif,412.04,1206.8,37.9,300.7,1.58,49.9,569183.35,1381.38
2016,Sorghum,Andhra Pradesh,Zaid,291.35,2350.4,41.0,156.4,6.96,61.0,420416.01,1442.99
2012,Potato,Haryana,Zaid,354.87,963.6,33.5,300.6,13.04,32.0,5556619.29,15658.18
2012,Maize,Tamil Nadu,Rabi,430.2,2208.7,23.8,298.4,3.78,48.7,1659197.63,3856.81
2017,Rice,Maharashtra,Kharif,493.44,1411.7,23.3,258.1,12.82,38.5,1389119.63,2815.17
2016,Cotton,Bihar,Whole Year,125.49,2248.4,16.9,175.1,19.45,36.9,65031.76,518.22
2020,Wheat,Rajasthan,Zaid,91.27,1844.3,26.5,333.9,17.35,58.0,198353.97,2173.27
2005,Sunflower,Gujarat,Kharif,231.54,1858.5,39.7,378.1,7.46,48.0,173693.9,750.17
2017,Sugarcane,Haryana,Rabi,18.5,1441.4,27.9,354.5,8.72,40.8,899210.58,48605.98
2011,Rice,Karnataka,Rabi,396.07,2148.7,39.6,135.0,8.68,63.2,1311778.28,3311.99
2009,Millet,Maharashtra,Whole Year,442.0,859.7,37.1,206.0,17.27,81.0,235448.29,532.69
2012,Soybean,Rajasthan,Zaid,343.33,2296.2,41.6,169.8,19.88,77.8,599093.25,1744.95
2018,Sorghum,Maharashtra,Whole Year,134.73,1700.9,40.6,297.6,16.6,46.3,108112.85,802.44
2017,Sunflower,West Bengal,Whole Year,62.45,1265.2,34.1,341.0,11.38,47.1,18147.88,290.6
2019,Sugarcane,West Bengal,Whole Year,191.69,2460.8,38.5,125.5,2.4,77.6,19606211.56,102280.83
2021,Millet,Andhra Pradesh,Whole Year,416.83,2196.4,35.2,381.5,19.11,66.2,55978.59,134.3
2019,Wheat,Andhra Pradesh,Rabi,174.57,1998.4,34.0,287.1,17.27,78.3,369388.87,2115.99
2022,Millet,Madhya Pradesh,Zaid,18.09,902.6,34.3,126.5,16.91,30.1,10941.76,604.85
2022,Potato,West Bengal,Whole Year,137.87,2442.2,34.5,179.9,8.14,35.7,4670405.25,33875.43
2006,Cotton,Bihar,Zaid,494.98,1934.6,25.2,86.6,9.22,82.1,389105.98,786.1
2008,Soybean,Bihar,Rabi,338.66,1631.5,26.4,259.0,2.83,85.3,462676.65,1366.2
2005,Maize,Gujarat,Rabi,450.53,2328.0,22.9,109.2,18.79,52.3,1617053.29,3589.22
2008,Sugarcane,Rajasthan,Kharif,387.66,656.8,19.0,292.6,18.89,92.3,10784472.59,27819.41
2022,Soybean,Karnataka,Kharif,270.31,605.8,27.4,308.0,5.46,49.6,188685.9,698.04
2009,Barley,Madhya Pradesh,Zaid,75.2,1540.2,39.3,217.8,14.07,87.9,158230.51,2104.13
2023,Rice,Punjab,Kharif,174.97,424.8,32.6,82.8,4.47,57.4,408560.49,2335.03
2019,Barley,Punjab,Whole Year,292.29,1760.8,16.5,263.8,8.16,66.5,691528.11,2365.9
2012,Rice,Haryana,Zaid,435.45,829.6,36.9,180.3,6.4,71.8,914691.47,2100.57
2021,Cotton,Gujarat,Rabi,135.07,561.9,40.3,382.4,8.1,38.7,9861.4,73.01
2005,Soybean,Gujarat,Rabi,61.49,1200.9,37.4,229.6,6.52,32.4,79028.78,1285.23
2016,Wheat,Karnataka,Whole Year,279.86,1325.1,34.6,75.3,7.23,57.7,920129.81,3287.82
2023,Groundnut,Maharashtra,Kharif,89.07,675.1,19.1,272.6,15.93,40.4,69527.0,780.59
2019,Millet,Punjab,Zaid,305.57,391.4,24.4,322.8,6.35,65.7,136808.11,447.71
2013,Groundnut,Maharashtra,Zaid,132.5,1210.9,30.3,106.2,16.39,59.5,240877.85,1817.95
2011,Soybean,Maharashtra,Whole Year,116.25,1971.0,17.1,207.2,11.57,37.9,200423.85,1724.08
2006,Barley,Gujarat,Kharif,200.19,2223.2,17.9,310.1,15.72,73.3,407318.92,2034.66
2013,Groundnut,Maharashtra,Zaid,297.0,514.6,40.2,57.2,18.42,31.3,337782.64,1137.32
2014,Sorghum,Punjab,Whole Year,273.11,1454.3,34.0,60.1,3.2,38.2,367187.22,1344.47
2006,Sunflower,Rajasthan,Zaid,123.12,879.5,22.4,286.9,7.21,75.5,139100.0,1129.79
2023,Groundnut,Uttar Pradesh,Rabi,445.67,1124.2,23.8,303.8,1.58,64.3,821121.52,1842.44
2015,Rice,Maharashtra,Zaid,55.83,2353.6,25.4,346.1,8.43,48.3,160453.52,2873.97
2017,Sorghum,Karnataka,Zaid,20.69,1074.6,17.0,189.9,5.13,41.7,25330.69,1224.3
2014,Sugarcane,Tamil Nadu,Zaid,301.75,1103.8,35.0,186.4,11.65,71.7,23020300.35,76289.31
2018,Groundnut,Andhra Pradesh,Kharif,62.58,760.7,19.8,243.3,15.78,43.4,72766.94,1162.78
2022,Sorghum,Karnataka,Kharif,252.94,2412.0,36.7,315.1,9.98,94.0,235253.65,930.08
2023,Soybean,West Bengal,Whole Year,475.93,1304.3,37.8,274.3,7.01,86.5,479437.57,1007.37
2013,Sunflower,Punjab,Kharif,349.59,1554.9,32.2,164.6,3.47,38.6,546496.21,1563.25
2011,Millet,Tamil Nadu,Zaid,309.11,1297.0,35.8,171.3,1.02,85.8,305070.08,986.93
2007,Sunflower,Bihar,Zaid,287.83,856.4,19.6,317.1,13.72,52.4,112132.75,389.58
2010,Sugarcane,Andhra Pradesh,Kharif,90.59,2082.9,30.6,237.1,1.1,61.8,9060080.33,100011.93
2006,Wheat,Madhya Pradesh,Kharif,216.89,362.6,33.3,84.3,18.46,39.3,333749.29,1538.8
2010,Wheat,Karnataka,Zaid,171.92,1818.5,32.9,103.5,12.09,37.7,830375.59,4830.01
2007,Cotton,Tamil Nadu,Zaid,476.58,1607.4,18.2,347.9,7.39,86.3,158917.43,333.45
2020,Groundnut,Uttar Pradesh,Rabi,121.92,617.4,24.3,399.6,1.32,70.9,64002.17,524.95
2012,Millet,Punjab,Whole Year,236.29,665.0,23.8,167.5,8.56,59.9,236228.17,999.74
2006,Potato,Rajasthan,Kharif,469.1,1750.3,30.5,185.3,17.41,32.4,14248024.75,30373.11
2021,Maize,Haryana,Whole Year,394.8,986.7,35.7,104.1,19.41,89.9,963670.2,2440.91
2013,Sorghum,Gujarat,Zaid,482.29,884.6,30.4,132.5,2.16,54.4,549029.19,1138.38
2016,Sugarcane,Uttar Pradesh,Whole Year,304.56,430.1,35.4,198.6,15.65,57.1,17302743.43,56812.27
2007,Soybean,West Bengal,Kharif,167.56,1986.3,17.7,149.5,5.54,48.8,297867.64,1777.68
2015,Groundnut,Bihar,Kharif,413.5,2241.9,38.7,295.5,7.9,87.9,666435.99,1611.7
2005,Soybean,Gujarat,Whole Year,146.44,2103.7,29.5,238.2,11.18,52.4,228492.35,1560.31
2017,Maize,Rajasthan,Kharif,83.22,1325.3,16.0,337.8,19.9,41.3,118860.66,1428.27
2019,Cotton,Uttar Pradesh,Rabi,353.44,1474.7,32.4,303.6,4.57,62.5,223687.28,632.89
2009,Potato,Andhra Pradesh,Zaid,319.84,833.0,29.0,94.8,3.04,80.8,6703490.13,20958.89
2021,Maize,Tamil Nadu,Zaid,439.6,680.3,20.9,93.2,12.1,54.1,1613194.79,3669.69
2010,Sunflower,Punjab,Kharif,481.0,2110.6,35.6,363.5,17.13,72.4,295030.64,613.37
2015,Sunflower,Tamil Nadu,Zaid,428.74,2056.4,40.2,336.8,13.14,49.8,413066.24,963.44
2022,Rice,Maharashtra,Rabi,30.95,2010.2,23.7,213.8,7.28,76.8,111244.76,3594.34
2008,Barley,Karnataka,Kharif,332.59,1319.4,28.3,95.6,19.55,73.5,786556.13,2364.94
2007,Sugarcane,West Bengal,Rabi,392.58,2201.9,18.5,364.5,19.9,74.2,17236017.37,43904.47
2017,Barley,Maharashtra,Rabi,490.98,2337.7,40.1,130.7,15.53,72.0,1308467.56,2665.01
2013,Maize,Maharashtra,Zaid,187.96,1022.4,23.6,62.4,16.15,40.2,682206.04,3629.53
2010,Potato,West Bengal,Zaid,85.77,794.3,20.3,373.5,15.34,87.7,550450.01,6417.75
2016,Sunflower,Karnataka,Whole Year,426.61,1321.4,27.9,333.1,5.52,68.1,408866.85,958.41
2006,Cotton,Andhra Pradesh,Rabi,159.42,694.5,16.2,292.7,3.43,54.9,58507.45,367.0
2007,Cotton,Bihar,Zaid,299.5,2244.8,21.8,61.9,11.31,41.2,193632.22,646.52
2007,Wheat,Madhya Pradesh,Rabi,195.56,1043.6,16.8,235.0,19.11,80.9,509644.72,2606.08
2016,Sunflower,Karnataka,Whole Year,201.76,1567.6,18.4,278.8,17.63,63.1,209229.69,1037.02
2019,Groundnut,Punjab,Rabi,366.5,1608.4,18.0,315.8,2.58,39.6,596161.28,1626.63
2013,Potato,Tamil Nadu,Kharif,181.38,1433.0,38.6,214.9,1.61,89.9,4510556.79,24867.99
2012,Wheat,Andhra Pradesh,Whole Year,346.84,644.4,40.1,383.7,17.54,36.9,48625.49,140.2
2015,Sugarcane,Haryana,Whole Year,8.15,2480.2,27.8,135.7,12.45,64.1,992549.45,121785.21
2020,Sugarcane,Madhya Pradesh,Rabi,163.0,679.7,32.0,74.4,6.43,69.7,13344850.19,81870.25
2008,Sugarcane,Tamil Nadu,Rabi,160.2,1953.3,33.8,166.5,11.45,94.9,15330756.05,95697.6
2005,Soybean,Andhra Pradesh,Zaid,374.67,2041.0,25.6,281.6,4.82,39.2,476815.94,1272.63
2011,Wheat,Karnataka,Kharif,157.96,619.4,25.0,308.0,18.97,69.9,94213.84,596.44
2006,Soybean,West Bengal,Whole Year,317.03,2353.0,33.2,308.5,16.63,61.0,496577.26,1566.34
2009,Barley,Karnataka,Whole Year,344.57,1373.1,25.2,88.7,19.26,46.7,945762.33,2744.76
2011,Sunflower,Madhya Pradesh,Whole Year,329.55,1683.5,30.7,359.8,4.15,91.2,356922.48,1083.06
2008,Groundnut,Haryana,Zaid,302.04,1712.8,28.9,148.3,16.95,81.4,439314.91,1454.49
2009,Maize,Andhra Pradesh,Kharif,207.39,1410.9,29.2,123.5,11.43,80.5,810703.34,3909.08
2005,Sunflower,Bihar,Whole Year,187.28,612.4,37.4,265.1,6.84,88.4,145797.72,778.5
2005,Potato,Punjab,Whole Year,282.73,1953.9,34.0,124.1,9.85,77.1,7973372.66,28201.37
2019,Sorghum,Karnataka,Zaid,32.79,1579.9,40.9,227.8,18.92,62.9,31291.33,954.29
2023,Wheat,Andhra Pradesh,Rabi,438.03,561.1,36.4,192.5,13.98,55.4,1072506.24,2448.48
2014,Sunflower,Tamil Nadu,Whole Year,412.83,1840.7,18.9,131.2,7.52,75.8,661729.84,1602.91
2022,Sorghum,Haryana,Kharif,173.85,1846.1,34.9,152.2,20.0,69.2,173039.2,995.34
2007,Sunflower,Punjab,Kharif,283.84,1506.7,33.0,199.6,7.24,65.3,412070.69,1451.77
2015,Cotton,Andhra Pradesh,Kharif,466.18,499.2,32.4,171.2,16.37,68.3,154768.05,331.99
2019,Wheat,Uttar Pradesh,Kharif,136.55,1075.8,28.0,183.6,15.8,72.6,361737.2,2649.12
2015,Barley,Karnataka,Zaid,371.49,412.0,16.7,307.4,14.6,93.0,354707.84,954.82
2021,Wheat,Bihar,Whole Year,42.28,1350.7,40.7,108.9,13.55,79.0,112533.12,2661.62
2021,Soybean,Madhya Pradesh,Zaid,262.16,2294.2,38.0,269.7,2.62,41.5,470067.61,1793.06
2010,Groundnut,Haryana,Kharif,442.1,305.0,28.1,287.4,19.9,60.3,390252.91,882.73
2009,Maize,Punjab,Kharif,276.3,886.6,19.3,330.7,3.64,74.1,495237.76,1792.39
2012,Millet,Punjab,Kharif,308.51,2059.7,37.3,346.6,12.12,41.4,174434.95,565.41
2006,Maize,Madhya Pradesh,Zaid,453.91,321.7,26.6,105.5,5.36,90.6,1370526.55,3019.38
2020,Sunflower,Maharashtra,Kharif,357.96,322.4,25.5,98.4,3.79,35.0,323156.32,902.77
2016,Potato,Gujarat,Whole Year,348.24,1643.8,33.0,265.2,11.41,69.7,5511155.05,15825.74
2010,Potato,Haryana,Kharif,293.61,2036.2,35.5,314.9,16.81,93.4,5379150.73,18320.73
2005,Maize,Punjab,Whole Year,316.86,2008.3,16.7,145.3,7.85,77.3,1331189.73,4201.19
2008,Cotton,Andhra Pradesh,Whole Year,402.05,2015.1,35.7,234.0,2.0,74.0,266106.1,661.87
2021,Barley,Maharashtra,Kharif,489.64,1094.2,34.8,320.3,12.66,94.8,566830.84,1157.65
2017,Sorghum,Gujarat,Zaid,397.87,2242.0,30.9,318.6,15.45,81.5,411135.43,1033.34
2022,Potato,Bihar,Rabi,354.06,328.2,24.1,278.8,6.27,93.1,3270776.23,9237.92
2009,Sunflower,Tamil Nadu,Rabi,68.64,986.8,19.4,77.6,13.97,75.4,101009.81,1471.59
2007,Barley,Madhya Pradesh,Whole Year,408.72,1041.8,17.8,67.7,1.98,73.3,1284750.93,3143.35
2015,Millet,Andhra Pradesh,Zaid,368.26,664.3,15.0,186.0,7.55,79.6,269394.51,731.53
2017,Cotton,Karnataka,Rabi,385.45,1039.7,20.6,59.3,9.75,42.3,233896.29,606.81
2008,Groundnut,Gujarat,Kharif,116.32,1588.9,26.1,366.5,15.75,82.4,130411.74,1121.15
2018,Sunflower,Bihar,Kharif,451.82,1444.6,21.6,57.1,7.09,93.1,587486.47,1300.27
2015,Maize,Bihar,Whole Year,49.54,1002.7,23.3,60.4,9.35,69.8,190552.92,3846.45
2014,Soybean,Bihar,Zaid,127.55,1948.5,25.5,107.9,12.75,30.8,217614.56,1706.11
2023,Cotton,Bihar,Zaid,331.85,1872.5,23.3,269.5,12.67,34.7,200153.01,603.14
2022,Potato,Haryana,Rabi,337.18,917.5,34.6,239.5,10.6,45.3,6771632.63,20083.14
2010,Sugarcane,Karnataka,Rabi,157.35,1011.1,28.3,280.8,6.91,61.9,10245945.6,65115.64
2019,Potato,Rajasthan,Kharif,351.06,932.5,15.5,362.7,13.56,56.9,3422345.28,9748.61
2014,Wheat,Rajasthan,Whole Year,194.58,583.5,21.1,209.2,16.82,93.6,418420.86,2150.38
2009,Barley,Haryana,Zaid,1.09,1956.1,34.2,65.4,3.5,91.5,3619.44,3320.59
2009,Cotton,Tamil Nadu,Rabi,82.14,401.8,23.1,317.2,7.14,55.5,19357.32,235.66
2014,Sugarcane,Gujarat,Rabi,441.43,631.3,39.8,334.2,13.54,81.6,6750570.29,15292.5
2009,Potato,Maharashtra,Whole Year,112.12,531.7,34.2,67.5,15.24,71.4,1975121.62,17616.14
2007,Sorghum,Uttar Pradesh,Whole Year,57.34,2115.7,22.8,135.0,15.74,45.8,86761.69,1513.11
2010,Millet,Madhya Pradesh,Kharif,341.42,396.8,28.9,319.7,13.24,90.5,65416.64,191.6
2008,Millet,Punjab,Whole Year,220.91,1762.2,33.0,181.7,9.83,46.9,237557.84,1075.36
2022,Maize,Uttar Pradesh,Kharif,398.5,397.8,20.2,215.4,13.09,86.6,1062652.43,2666.63
2013,Maize,Madhya Pradesh,Kharif,430.86,2030.2,21.6,338.1,3.13,71.4,1500096.16,3481.63
2021,Cotton,Rajasthan,Whole Year,423.15,2308.0,28.7,83.1,4.55,70.4,347893.09,822.15
2017,Cotton,Rajasthan,Whole Year,157.19,1371.1,40.0,287.0,18.59,84.5,37872.21,240.93
2019,Groundnut,Tamil Nadu,Whole Year,253.27,2070.0,24.3,125.2,18.48,62.1,546468.76,2157.65
2021,Wheat,Uttar Pradesh,Whole Year,325.42,1854.1,25.9,71.9,14.62,85.5,1379968.3,4240.58
2017,Rice,Uttar Pradesh,Whole Year,161.67,2050.4,20.1,281.9,6.88,65.8,483982.39,2993.64
2020,Sorghum,Maharashtra,Kharif,21.51,1986.9,31.0,92.5,13.15,94.0,28600.43,1329.63
2008,Maize,Tamil Nadu,Rabi,248.34,751.8,35.0,311.5,13.91,72.9,382803.7,1541.45
2009,Rice,Tamil Nadu,Zaid,7.4,1399.0,26.9,120.9,10.54,54.3,24949.48,3371.55
2009,Rice,Bihar,Zaid,475.37,2412.9,35.3,67.0,15.1,79.6,1600170.13,3366.16
2013,Sunflower,Bihar,Kharif,398.55,1055.8,23.2,84.8,1.08,63.1,588398.79,1476.35
2021,Wheat,Haryana,Kharif,96.81,2435.1,34.1,344.4,5.5,82.4,239225.53,2471.08
2017,Soybean,Bihar,Rabi,144.5,1583.0,22.0,179.8,15.99,84.2,209405.17,1449.17
2006,Soybean,Karnataka,Whole Year,491.44,1315.5,36.1,155.8,18.8,70.1,612554.43,1246.45
2017,Maize,Tamil Nadu,Kharif,187.4,1747.1,37.4,221.9,17.58,86.7,427917.89,2283.45
2023,Potato,Tamil Nadu,Zaid,392.08,2094.8,36.5,271.5,14.47,56.2,7951259.16,20279.69
2007,Sugarcane,Andhra Pradesh,Whole Year,223.96,1167.3,20.8,63.0,3.73,33.7,19460796.33,86894.07
2014,Potato,Gujarat,Kharif,432.18,372.5,33.7,364.4,7.69,73.1,3829447.14,8860.77
2006,Wheat,Gujarat,Whole Year,352.17,1859.4,29.5,385.5,1.48,79.7,610676.29,1734.04
2017,Wheat,Bihar,Zaid,12.43,2403.6,41.6,196.1,12.98,34.7,54856.72,4413.25
2023,Barley,West Bengal,Whole Year,147.9,1675.0,24.8,194.4,9.27,80.1,493525.58,3336.89
2021,Rice,Uttar Pradesh,Kharif,279.44,714.5,35.8,357.5,11.67,71.5,37931.91,135.74
2018,Barley,Punjab,Kharif,463.16,846.1,25.0,200.3,19.6,37.6,975694.43,2106.6
2016,Potato,Uttar Pradesh,Zaid,51.91,2301.5,25.7,349.7,8.34,65.1,1109989.48,21382.96
2016,Potato,Madhya Pradesh,Rabi,300.98,329.8,18.0,59.9,6.48,37.1,4543855.21,15096.87
2015,Rice,Haryana,Rabi,151.79,1507.2,21.5,221.4,3.44,50.9,475359.91,3131.69
2011,Soybean,Haryana,Whole Year,444.77,649.1,19.4,383.4,3.3,82.3,162412.63,365.16
2008,Maize,Haryana,Kharif,382.82,922.1,19.3,138.5,10.61,36.6,1018994.4,2661.81
2023,Sorghum,Karnataka,Kharif,185.48,975.4,15.2,143.2,15.11,59.9,162890.93,878.21
2005,Soybean,Punjab,Zaid,84.38,782.4,36.4,270.5,11.51,69.4,83778.25,992.87
2007,Sunflower,Gujarat,Zaid,6.74,2043.2,27.6,374.2,17.53,91.1,4427.29,656.87
2017,Wheat,Maharashtra,Kharif,310.95,1030.9,36.7,119.6,6.66,77.9,994590.34,3198.55
2019,Sorghum,Gujarat,Zaid,203.66,1060.1,31.5,372.6,12.1,39.1,39858.1,195.71
2006,Cotton,Karnataka,Rabi,158.06,1296.6,37.4,282.1,13.39,93.0,70469.99,445.84
2015,Sorghum,Haryana,Rabi,492.77,2285.0,28.6,397.6,5.97,61.1,492015.14,998.47
2008,Sorghum,Karnataka,Whole Year,233.6,1814.0,17.5,307.8,8.23,54.0,219576.92,939.97
2023,Soybean,Gujarat,Zaid,375.17,435.8,31.7,283.7,12.02,38.4,257584.71,686.58
2021,Wheat,Maharashtra,Whole Year,89.53,386.4,33.3,335.2,0.91,90.7,253686.43,2833.54
2007,Sorghum,West Bengal,Zaid,7.71,1546.1,31.9,111.3,17.79,68.1,9742.16,1263.57
2022,Sunflower,Punjab,Zaid,209.36,2251.5,36.6,381.1,2.67,94.2,225988.6,1079.43
2012,Soybean,Bihar,Rabi,333.17,1011.2,34.8,108.0,1.43,41.3,475788.71,1428.07
2023,Soybean,Karnataka,Kharif,253.79,845.1,26.7,59.0,4.69,65.5,334694.16,1318.78
2009,Sorghum,Madhya Pradesh,Zaid,445.34,1946.0,37.1,294.2,10.3,37.1,522239.57,1172.68
2011,Rice,Bihar,Zaid,217.56,1624.6,33.7,114.6,6.91,64.1,777027.15,3571.55
2012,Wheat,Gujarat,Zaid,156.19,1543.1,18.2,315.6,9.08,87.8,411057.62,2631.78
2009,Potato,Punjab,Kharif,458.11,628.5,29.6,328.3,2.14,37.1,6791458.75,14824.95
2021,Potato,Gujarat,Whole Year,203.99,687.1,34.7,132.8,5.05,47.5,5532600.33,27121.92
2009,Millet,Gujarat,Whole Year,135.55,919.9,29.9,80.4,2.4,74.4,126328.36,931.97
2008,Sunflower,Maharashtra,Zaid,49.73,755.0,40.6,225.3,4.98,35.0,51293.4,1031.44
2023,Potato,West Bengal,Zaid,396.86,2437.2,17.7,361.6,14.21,59.5,5455117.44,13745.7
2006,Sorghum,Punjab,Whole Year,412.72,340.9,34.5,346.6,11.72,51.6,126482.8,306.46
2015,Potato,Madhya Pradesh,Whole Year,17.62,1677.3,37.3,91.0,7.01,84.5,514279.58,29187.26
2017,Barley,Haryana,Rabi,179.96,1438.7,34.0,387.7,5.59,33.2,217525.74,1208.74
2019,Barley,Punjab,Zaid,375.19,1011.2,25.4,142.4,19.95,86.1,1025456.16,2733.16
2016,Cotton,Madhya Pradesh,Whole Year,473.24,2252.7,25.4,172.3,15.47,75.7,315386.64,666.44
2015,Wheat,Tamil Nadu,Rabi,189.53,1774.4,30.8,102.2,16.53,49.3,753777.33,3977.09
2011,Sunflower,Haryana,Kharif,436.15,2496.4,25.7,182.2,1.01,42.9,933531.13,2140.39
2009,Soybean,Punjab,Zaid,197.47,671.0,38.8,272.5,1.66,91.8,183841.89,930.99
2021,Groundnut,Bihar,Whole Year,90.57,493.3,18.0,227.1,14.4,66.0,89440.13,987.52
2013,Maize,Andhra Pradesh,Zaid,2.72,606.7,32.3,339.6,4.24,52.4,4015.33,1476.22
2018,Sugarcane,Andhra Pradesh,Rabi,165.76,892.4,18.6,274.5,8.8,32.9,7034417.93,42437.37
2016,Groundnut,Gujarat,Whole Year,189.86,1216.9,29.6,142.2,4.09,40.8,424295.38,2234.78
2010,Potato,Haryana,Kharif,472.61,2197.7,34.3,245.1,3.95,68.9,13241799.3,28018.45
2021,Sunflower,Punjab,Kharif,103.83,923.9,19.5,72.5,2.63,63.4,115208.21,1109.58
2023,Wheat,Gujarat,Rabi,191.73,2313.5,34.0,253.3,12.09,79.2,669107.92,3489.84
2023,Wheat,Uttar Pradesh,Kharif,13.55,1318.4,18.8,186.4,14.92,84.3,51105.64,3771.63
2020,Potato,Gujarat,Kharif,382.01,1723.6,31.8,84.4,1.61,55.8,11194446.92,29304.07
2016,Sorghum,Karnataka,Kharif,457.66,881.7,28.6,157.6,5.87,36.6,646801.01,1413.28
2016,Sorghum,Andhra Pradesh,Kharif,119.67,643.2,23.0,364.3,13.34,81.4,31913.48,266.68
2010,Groundnut,Uttar Pradesh,Kharif,215.07,2212.8,18.0,255.1,8.15,66.0,346167.46,1609.56
2008,Soybean,Rajasthan,Kharif,61.93,540.9,34.9,366.1,14.24,93.7,10961.74,177.0
2010,Cotton,Madhya Pradesh,Kharif,228.96,2002.8,25.3,193.8,15.3,81.8,185309.49,809.35
2015,Sorghum,Karnataka,Whole Year,67.54,1578.2,17.3,392.6,1.13,51.4,33401.86,494.55
2005,Sugarcane,Haryana,Kharif,262.15,2194.5,35.9,176.0,7.93,57.9,24676349.23,94130.65
2019,Sunflower,Gujarat,Whole Year,367.58,1879.2,21.3,314.9,14.72,45.3,345129.5,938.92
2015,Sugarcane,Andhra Pradesh,Zaid,277.12,919.7,34.9,156.9,7.88,63.3,21811441.96,78707.57
2023,Cotton,Bihar,Rabi,123.36,1563.7,30.3,87.1,0.61,76.2,83484.86,676.76
2022,Rice,West Bengal,Kharif,177.54,328.8,20.3,341.6,7.06,69.8,274508.14,1546.18
2021,Rice,Madhya Pradesh,Rabi,319.65,1345.5,17.1,316.9,17.52,52.2,519367.14,1624.8
2023,Wheat,Andhra Pradesh,Kharif,295.29,489.2,31.0,337.2,19.06,83.5,378242.95,1280.92
2018,Sorghum,Maharashtra,Whole Year,69.25,1243.7,15.7,154.9,11.43,36.8,57048.44,823.8
2022,Barley,Andhra Pradesh,Kharif,422.63,541.1,16.8,296.3,6.47,39.3,686907.35,1625.32
2023,Groundnut,West Bengal,Zaid,238.12,2402.1,34.0,127.0,9.59,56.3,568610.51,2387.92
2019,Millet,West Bengal,Rabi,82.02,1450.7,29.5,54.0,5.11,75.6,89401.2,1089.99
2019,Cotton,Gujarat,Rabi,62.29,2309.1,23.8,353.3,3.78,75.1,30677.13,492.49
2008,Wheat,Haryana,Zaid,482.81,349.2,29.6,233.2,10.12,53.8,804855.21,1667.02
2011,Barley,West Bengal,Whole Year,141.49,1702.8,31.0,394.3,14.87,75.3,56686.24,400.64
2017,Sorghum,Andhra Pradesh,Whole Year,454.39,975.3,30.3,184.8,4.84,33.9,620574.06,1365.73
2007,Potato,Haryana,Zaid,205.88,1250.0,32.3,384.9,18.24,48.9,1160445.4,5636.51
2020,Barley,Punjab,Rabi,193.57,2220.8,40.4,265.3,3.78,75.1,525233.48,2713.4
2013,Barley,Andhra Pradesh,Kharif,350.76,2456.0,25.5,229.3,11.39,42.0,1078717.88,3075.37
2012,Potato,Tamil Nadu,Whole Year,5.93,842.3,23.1,156.0,15.64,43.8,135526.33,22854.36
2017,Cotton,Gujarat,Kharif,169.71,2386.2,16.0,338.8,4.66,35.6,102614.91,604.65
2021,Wheat,Karnataka,Rabi,152.02,1815.2,19.0,340.1,6.28,53.7,346640.63,2280.23
2021,Soybean,Gujarat,Kharif,434.18,2393.1,17.9,195.9,1.5,83.6,733970.21,1690.47
2021,Sugarcane,West Bengal,Zaid,265.03,1537.2,24.1,304.6,18.91,84.4,15044020.32,56763.46
2005,Groundnut,Madhya Pradesh,Whole Year,182.92,2413.7,31.5,206.5,10.0,86.1,447421.97,2446.0
2012,Wheat,Bihar,Whole Year,133.77,2263.4,16.3,308.9,1.75,32.4,531393.23,3972.44
2023,Potato,Rajasthan,Zaid,295.66,582.9,34.6,398.0,16.69,94.6,1218335.02,4120.73
2010,Millet,Maharashtra,Zaid,76.68,983.7,25.7,141.9,11.6,62.7,68268.88,890.31
2007,Barley,Tamil Nadu,Whole Year,123.86,834.7,41.0,271.9,1.58,86.7,246893.41,1993.33
2009,Soybean,West Bengal,Whole Year,147.51,1558.6,30.3,183.0,9.29,88.8,221518.53,1501.72
2017,Potato,Andhra Pradesh,Whole Year,304.35,2066.2,35.8,241.9,8.97,63.4,8189787.35,26909.11
2019,Cotton,Haryana,Rabi,187.25,1970.7,38.3,356.0,3.35,33.3,68230.88,364.38
2018,Maize,Tamil Nadu,Rabi,253.39,1898.8,39.0,171.7,8.7,68.8,946021.1,3733.46
2020,Potato,Rajasthan,Rabi,325.57,1125.6,29.0,75.3,6.01,51.7,9887383.04,30369.45
2022,Groundnut,Karnataka,Kharif,478.18,607.2,25.7,329.6,14.15,43.4,255091.06,533.46
2015,Groundnut,Haryana,Rabi,382.65,763.3,30.1,244.3,0.61,41.9,433823.37,1133.73
2007,Sugarcane,Maharashtra,Whole Year,203.22,1931.7,25.9,207.3,2.57,66.4,22515375.73,110793.11
2014,Maize,Uttar Pradesh,Rabi,374.39,624.6,21.5,114.2,18.41,36.8,1277120.72,3411.2
2014,Potato,Maharashtra,Whole Year,474.9,790.5,23.7,82.5,8.95,83.4,9878631.88,20801.5
2020,Sunflower,Gujarat,Zaid,250.19,1234.0,21.3,147.6,3.94,44.8,419211.88,1675.57
2016,Sorghum,Tamil Nadu,Kharif,205.84,458.6,22.3,301.6,15.97,65.7,100213.96,486.85
2006,Maize,Gujarat,Kharif,39.93,767.9,17.5,194.1,17.11,38.2,75720.78,1896.34
2013,Barley,West Bengal,Zaid,446.29,629.5,26.5,249.6,4.62,85.9,1041673.16,2334.07
2007,Barley,Punjab,Whole Year,123.97,2392.9,21.4,78.7,14.42,75.0,347876.63,2806.14
2019,Barley,West Bengal,Kharif,32.91,721.4,27.1,93.1,12.5,43.4,92177.56,2800.9
2007,Barley,Karnataka,Rabi,269.06,2195.9,36.4,54.0,15.03,76.5,792979.89,2947.22
2023,Wheat,Bihar,Whole Year,423.1,552.6,27.1,285.6,15.86,35.4,415242.49,981.43
2022,Groundnut,Tamil Nadu,Kharif,203.91,2213.3,40.8,142.6,13.39,80.2,488814.28,2397.21
2012,Maize,Madhya Pradesh,Zaid,391.75,1618.8,19.0,388.4,19.15,61.9,482091.93,1230.61
2021,Groundnut,Madhya Pradesh,Whole Year,418.36,2169.4,38.0,158.0,17.35,37.8,808012.54,1931.38
2012,Millet,Punjab,Kharif,227.75,2208.2,21.7,177.3,4.96,65.8,310422.43,1363.0
2011,Maize,Haryana,Zaid,295.89,1612.0,40.2,214.3,18.31,43.1,468929.98,1584.81
2011,Wheat,Punjab,Whole Year,267.42,2318.9,21.1,161.7,7.51,73.7,1183114.14,4424.18
2007,Millet,Karnataka,Rabi,469.66,1588.0,35.2,336.1,14.67,76.1,375701.36,799.94
2005,Groundnut,Andhra Pradesh,Whole Year,363.03,1867.6,16.7,356.7,17.04,79.5,325080.51,895.46
2008,Millet,Gujarat,Rabi,462.75,1215.4,32.0,53.9,9.01,88.2,406142.33,877.67
2009,Sugarcane,Rajasthan,Whole Year,110.78,2310.9,20.9,279.1,1.5,72.6,11064570.6,99878.77
2005,Potato,West Bengal,Zaid,155.81,2113.2,33.1,290.1,19.02,62.0,2325952.81,14928.14
2019,Millet,Tamil Nadu,Rabi,36.39,666.8,32.2,386.5,1.91,85.5,17631.87,484.53
2009,Maize,Bihar,Rabi,250.45,1568.1,39.9,179.6,7.29,88.5,803157.29,3206.86
2017,Barley,Karnataka,Whole Year,437.09,2273.0,31.9,118.3,12.13,80.8,1182916.21,2706.34
2012,Barley,Uttar Pradesh,Kharif,164.1,2044.7,26.0,232.2,2.79,91.3,540941.57,3296.41
2012,Sunflower,Rajasthan,Rabi,65.01,2417.6,20.2,206.6,16.85,93.7,105568.83,1623.89
2009,Sorghum,Karnataka,Whole Year,35.15,808.9,32.8,327.1,4.47,46.3,26847.61,763.8
2013,Groundnut,Uttar Pradesh,Zaid,224.3,1108.4,18.1,366.4,19.73,41.9,16642.79,74.2
2005,Sugarcane,Uttar Pradesh,Whole Year,82.85,1415.8,37.4,80.3,18.37,59.2,5144866.2,62098.57
2008,Maize,Uttar Pradesh,Whole Year,173.71,811.9,21.7,346.3,12.29,94.8,67593.09,389.11
2007,Maize,Andhra Pradesh,Rabi,410.17,1166.9,29.2,368.1,13.37,35.8,607479.3,1481.04
2006,Potato,Punjab,Kharif,192.64,1482.6,31.1,373.4,10.91,76.3,2267834.48,11772.4
2012,Cotton,Madhya Pradesh,Zaid,305.33,720.9,24.8,317.5,8.13,85.3,116559.44,381.75
2013,Sunflower,Maharashtra,Rabi,251.58,864.7,32.9,309.7,7.36,94.8,173848.99,691.03
2006,Rice,West Bengal,Rabi,359.55,574.7,21.8,55.2,17.89,70.3,518815.86,1442.96
2018,Groundnut,Uttar Pradesh,Rabi,78.93,1869.4,15.9,372.1,11.74,54.7,56207.97,712.12
2018,Maize,Karnataka,Zaid,460.3,1095.4,40.9,173.0,16.55,40.8,1355477.45,2944.77
2008,Soybean,Haryana,Kharif,322.17,784.6,23.6,64.4,10.52,93.8,446155.51,1384.84
2010,Maize,Haryana,Zaid,136.21,1416.1,34.3,194.5,6.49,90.1,363620.13,2669.56
2015,Cotton,Madhya Pradesh,Zaid,62.5,450.1,28.7,306.5,2.29,82.3,21400.05,342.4
2007,Millet,Tamil Nadu,Kharif,75.71,2331.5,33.1,204.7,6.81,91.3,94336.48,1246.02
2012,Wheat,Gujarat,Zaid,391.55,947.8,18.0,315.3,17.66,34.0,566764.42,1447.49
2007,Sunflower,Uttar Pradesh,Whole Year,294.47,2250.2,29.0,228.3,14.38,71.0,346603.97,1177.04
2018,Wheat,Karnataka,Zaid,191.0,1394.8,25.6,154.8,15.82,47.9,626337.47,3279.25
2017,Potato,Uttar Pradesh,Rabi,167.12,2170.3,27.2,121.0,15.58,79.8,4356493.07,26068.05
2017,Soybean,Andhra Pradesh,Zaid,428.02,843.5,41.1,197.4,2.84,36.2,536948.91,1254.49
2006,Soybean,Gujarat,Rabi,437.51,685.6,18.7,62.5,3.6,46.8,629375.77,1438.54
2017,Sunflower,Uttar Pradesh,Zaid,291.05,2168.7,35.4,197.9,6.69,85.3,422157.03,1450.46
2023,Sunflower,West Bengal,Rabi,262.75,768.4,23.9,74.0,6.37,78.7,370606.07,1410.49
2010,Sorghum,Haryana,Rabi,408.41,1941.6,22.8,357.0,1.79,94.5,493910.4,1209.35
2020,Potato,Uttar Pradesh,Rabi,374.92,1058.1,22.3,251.4,3.49,71.9,11687651.46,31173.72
2006,Sunflower,West Bengal,Kharif,200.76,1946.0,24.4,276.1,17.2,49.7,195206.14,972.34
2012,Wheat,West Bengal,Zaid,42.29,2296.8,24.6,151.1,11.99,65.6,194158.52,4591.12
2021,Millet,Punjab,Zaid,384.48,2459.6,22.3,129.0,7.17,91.4,426627.12,1109.62
2006,Wheat,West Bengal,Whole Year,85.18,1091.6,33.0,297.8,10.77,72.4,171022.29,2007.78
2014,Rice,Gujarat,Whole Year,9.17,1108.6,16.3,285.0,5.6,87.3,24831.08,2707.86
2020,Groundnut,Haryana,Whole Year,421.81,2459.1,24.0,92.9,11.88,31.5,790439.33,1873.92
2010,Wheat,Bihar,Zaid,289.55,2195.4,22.6,133.5,1.96,54.0,1408618.45,4864.85
2006,Potato,Tamil Nadu,Kharif,445.94,399.2,35.3,381.3,18.1,90.8,373342.07,837.2
2006,Barley,Andhra Pradesh,Rabi,242.81,1561.6,19.0,156.5,5.19,32.6,608089.79,2504.39
2017,Sorghum,Haryana,Zaid,463.31,698.7,40.4,59.0,16.47,63.7,401161.61,865.86
2019,Cotton,Karnataka,Kharif,177.63,2486.8,19.6,72.3,13.37,52.5,138115.37,777.55
2006,Soybean,Tamil Nadu,Kharif,362.54,605.6,25.0,321.4,10.7,72.0,211304.86,582.85
2011,Potato,West Bengal,Zaid,151.19,1530.6,20.4,315.0,18.63,40.5,2345403.48,15512.95
2007,Rice,Uttar Pradesh,Rabi,1.58,1763.4,22.7,183.6,3.56,72.5,5294.49,3350.94
2012,Soybean,Punjab,Kharif,190.49,2361.5,35.5,103.6,2.83,94.5,392049.41,2058.11
2018,Potato,Tamil Nadu,Zaid,369.14,2164.0,27.9,224.3,6.78,47.6,10562588.97,28614.05
2011,Sorghum,Karnataka,Rabi,75.86,840.7,19.4,166.2,16.69,60.0,72353.76,953.78
2011,Maize,Karnataka,Whole Year,252.9,1559.8,16.3,180.9,1.19,31.9,959493.16,3793.96
2005,Sunflower,Tamil Nadu,Kharif,106.95,2397.9,21.2,141.3,5.17,58.2,171610.36,1604.58
2021,Rice,Punjab,Kharif,38.24,1918.6,40.5,72.0,8.78,56.4,107783.91,2818.62
2013,Sunflower,West Bengal,Zaid,309.11,1814.3,37.8,326.9,14.4,66.7,203320.39,657.76
2017,Sugarcane,Bihar,Zaid,476.03,1960.8,26.9,266.4,6.34,46.7,39444660.75,82861.71
2023,Rice,Gujarat,Rabi,156.04,1009.5,28.0,342.1,9.24,51.4,250734.68,1606.86
2023,Sorghum,Karnataka,Whole Year,290.74,1904.4,39.3,226.1,7.07,69.6,355594.64,1223.07
2021,Cotton,West Bengal,Whole Year,476.85,812.3,31.0,394.7,2.3,89.1,71659.69,150.28
2014,Rice,Gujarat,Zaid,325.59,1241.8,38.8,386.9,14.9,45.3,70516.85,216.58
2014,Sorghum,Gujarat,Zaid,336.88,2257.8,28.3,145.1,9.5,74.0,481627.77,1429.67
2008,Millet,Karnataka,Rabi,90.29,341.7,20.4,185.4,16.34,64.1,42102.53,466.3
2012,Groundnut,Bihar,Zaid,246.81,1211.5,34.6,313.4,14.05,36.8,330548.05,1339.28
2022,Wheat,Tamil Nadu,Rabi,184.17,887.0,29.2,321.8,1.63,66.8,447844.56,2431.69
2018,Millet,Gujarat,Rabi,236.01,736.9,33.0,368.7,10.25,76.1,103638.86,439.13
2022,Sorghum,Uttar Pradesh,Whole Year,400.61,2144.9,19.2,278.4,19.82,68.9,393541.17,982.35
2018,Barley,Haryana,Rabi,230.89,1832.3,32.5,216.3,6.5,36.8,807242.89,3496.22
2019,Maize,Andhra Pradesh,Whole Year,32.36,547.8,25.3,182.2,10.11,85.5,94131.89,2908.9
2008,Wheat,Karnataka,Whole Year,452.87,1387.8,24.0,196.7,13.21,32.7,1632609.16,3605.03
2017,Barley,Rajasthan,Whole Year,272.86,1327.2,33.1,347.6,4.44,45.3,604718.16,2216.22
2012,Cotton,Gujarat,Zaid,462.32,613.6,31.0,393.0,14.2,70.0,5802.27,12.55
2022,Soybean,Maharashtra,Whole Year,286.6,2059.5,32.5,68.2,13.37,44.2,435260.11,1518.7
2016,Sugarcane,Madhya Pradesh,Rabi,35.75,1106.7,41.1,253.1,7.81,36.6,2250101.25,62939.9
2018,Wheat,Uttar Pradesh,Zaid,276.88,1976.3,33.9,232.0,6.05,63.3,1450544.57,5238.89
2006,Millet,Rajasthan,Rabi,288.29,722.5,32.3,181.6,18.42,77.0,173473.46,601.73
2022,Maize,West Bengal,Zaid,107.96,993.2,31.6,348.1,2.98,56.7,212552.35,1968.81
2006,Potato,Andhra Pradesh,Rabi,236.04,509.4,25.8,251.5,8.92,75.4,4590720.01,19448.91
2015,Barley,Punjab,Kharif,230.26,615.7,37.7,159.6,15.46,85.9,533335.93,2316.23
2013,Sorghum,Gujarat,Kharif,311.82,2243.0,25.3,205.4,3.39,92.3,538070.06,1725.58
2016,Wheat,Bihar,Kharif,130.55,540.0,33.9,174.9,18.69,45.2,378508.12,2899.33
2021,Soybean,Madhya Pradesh,Rabi,291.29,510.6,22.9,200.5,10.76,69.3,360212.45,1236.61
2019,Sunflower,Punjab,Zaid,121.24,2368.8,19.0,74.9,10.34,47.3,207293.72,1709.78
2021,Sorghum,Bihar,Whole Year,223.78,1721.0,18.5,89.2,8.77,86.6,271456.02,1213.05
2022,Barley,Andhra Pradesh,Whole Year,62.23,522.0,32.1,268.3,17.42,87.9,65214.65,1047.96
2010,Sunflower,Uttar Pradesh,Rabi,19.61,2437.8,23.9,289.4,18.99,50.9,22159.96,1130.03
2021,Maize,Uttar Pradesh,Rabi,160.97,623.6,22.4,272.8,7.91,71.9,382102.7,2373.75
2022,Rice,Andhra Pradesh,Rabi,138.01,1986.0,31.0,317.1,11.08,87.7,352646.19,2555.22
2012,Soybean,Uttar Pradesh,Rabi,204.06,376.7,15.7,380.2,6.65,63.0,119777.48,586.97
2013,Sorghum,Madhya Pradesh,Whole Year,481.03,1674.0,21.6,351.2,7.68,76.8,227220.39,472.36
2010,Soybean,Gujarat,Zaid,261.59,1502.7,24.2,196.5,1.05,82.1,446126.44,1705.44
2009,Cotton,Andhra Pradesh,Whole Year,277.04,757.6,34.1,126.1,15.83,86.7,166132.81,599.67
2016,Sunflower,Karnataka,Rabi,470.86,1714.9,29.7,159.1,19.4,63.5,485694.84,1031.51
2015,Potato,Maharashtra,Kharif,460.65,1657.5,38.1,255.7,15.51,91.2,7443381.15,16158.43
2005,Sorghum,West Bengal,Whole Year,442.17,2056.4,24.0,349.7,10.61,70.9,416158.06,941.17
2015,Wheat,Haryana,Kharif,49.9,2226.9,23.0,295.6,16.64,39.9,174125.28,3489.48
2023,Potato,Bihar,Kharif,317.51,1422.2,15.9,240.1,17.23,69.8,4364136.65,13744.88
2013,Rice,Madhya Pradesh,Rabi,404.24,1378.6,40.7,260.7,11.12,49.4,1119763.9,2770.05
2006,Rice,Tamil Nadu,Whole Year,417.95,1667.5,28.5,234.9,18.77,54.2,1143648.62,2736.33
2016,Sugarcane,Maharashtra,Zaid,289.38,1904.3,28.6,390.1,1.09,82.6,11398741.08,39390.22
2008,Soybean,Haryana,Whole Year,9.73,1083.6,39.9,335.6,0.7,93.3,10275.62,1056.08
2008,Millet,Tamil Nadu,Zaid,486.88,1410.2,22.8,323.4,2.09,86.5,433810.78,891.0
2022,Rice,Punjab,Zaid,236.63,1587.2,24.0,231.1,1.63,51.2,805360.08,3403.46
2019,Potato,Maharashtra,Rabi,197.4,2474.4,32.7,166.1,8.78,59.5,5832069.89,29544.43
2023,Rice,Rajasthan,Zaid,198.08,1593.0,36.2,56.8,18.84,93.9,443302.51,2238.0
2017,Cotton,Maharashtra,Whole Year,212.65,793.2,33.9,65.2,13.67,90.0,95908.78,451.02
2023,Groundnut,Bihar,Whole Year,121.85,1593.6,36.3,60.6,13.36,93.5,244351.26,2005.34
2021,Cotton,Uttar Pradesh,Kharif,164.34,2102.9,30.5,393.2,8.01,58.1,32732.81,199.18
2010,Cotton,Gujarat,Zaid,492.69,2186.3,38.3,90.1,10.91,82.0,314978.85,639.3
2020,Groundnut,Gujarat,Rabi,184.72,2060.6,29.9,99.7,6.43,86.6,438926.37,2376.17
2016,Soybean,Haryana,Rabi,263.84,2254.1,21.2,219.5,10.6,32.9,471718.23,1787.9
2023,Sorghum,Uttar Pradesh,Whole Year,424.3,1036.5,29.6,218.5,15.06,47.3,434420.2,1023.85
2009,Maize,Punjab,Zaid,264.19,1416.7,34.2,372.0,11.39,87.4,257500.39,974.68
2021,Millet,Gujarat,Rabi,162.9,2015.1,32.6,75.7,8.67,55.3,186844.27,1146.99
2005,Rice,West Bengal,Zaid,262.35,881.8,21.6,385.0,16.98,48.1,71937.2,274.2
2014,Sugarcane,Punjab,Zaid,57.93,1117.5,16.1,125.7,6.11,47.7,5100020.31,88037.64
2019,Millet,Uttar Pradesh,Kharif,65.87,2128.5,21.8,389.6,9.89,54.4,39887.79,605.55
2015,Sorghum,Uttar Pradesh,Rabi,347.36,1994.2,41.6,239.5,19.57,45.9,319670.2,920.29
2017,Groundnut,Haryana,Kharif,458.81,2436.6,20.0,278.2,19.36,30.2,752604.33,1640.34
2009,Millet,Karnataka,Rabi,363.11,2491.1,27.5,160.5,0.62,41.2,515128.89,1418.66
2005,Rice,Gujarat,Zaid,38.23,829.6,32.2,264.1,10.88,87.4,52952.81,1385.11
2016,Millet,Uttar Pradesh,Rabi,202.04,2281.0,38.7,298.8,7.07,34.9,210891.34,1043.81
2015,Maize,Uttar Pradesh,Whole Year,2.27,507.9,35.5,53.6,6.18,56.8,7357.62,3241.24
2021,Sunflower,West Bengal,Zaid,256.09,1861.6,39.5,62.0,12.13,59.7,277861.57,1085.02
2008,Potato,Maharashtra,Rabi,97.41,784.2,31.3,395.3,9.2,80.6,1036950.62,10645.22
2019,Groundnut,Maharashtra,Kharif,434.21,960.7,38.4,210.1,14.79,46.4,585422.29,1348.25
2013,Millet,Uttar Pradesh,Kharif,53.06,2381.9,22.1,377.5,1.03,50.1,45711.81,861.51
2023,Rice,Madhya Pradesh,Zaid,1.72,878.9,26.6,305.5,18.57,30.9,2058.38,1196.73
2023,Rice,Punjab,Kharif,226.12,1781.0,37.8,180.5,11.57,88.7,694599.71,3071.82
2016,Millet,West Bengal,Zaid,78.56,691.9,23.8,102.8,13.84,74.6,69172.6,880.51
2009,Sunflower,Punjab,Zaid,369.26,505.5,38.5,392.4,12.29,47.1,117426.11,318.0
2014,Soybean,Tamil Nadu,Zaid,460.05,1046.5,24.8,254.6,19.79,87.7,338337.72,735.44
2021,Sugarcane,Karnataka,Rabi,21.93,1673.2,24.8,117.3,19.73,35.6,2104482.15,95963.62
2009,Barley,Maharashtra,Zaid,198.4,845.5,23.3,288.6,12.39,53.9,292455.4,1474.07
2020,Cotton,Maharashtra,Kharif,498.41,960.4,29.8,82.2,13.84,66.6,317286.74,636.6
2011,Groundnut,West Bengal,Whole Year,366.6,1859.2,18.5,353.8,12.56,62.9,263714.47,719.35
2013,Barley,Madhya Pradesh,Rabi,476.64,526.2,16.0,81.5,6.56,72.6,1071466.67,2247.96
2007,Sorghum,Madhya Pradesh,Kharif,82.88,1283.2,39.2,132.7,4.26,49.3,77606.43,936.37
2019,Sorghum,Andhra Pradesh,Zaid,111.46,2371.8,40.1,82.0,8.35,79.3,155090.0,1391.44
2020,Rice,Bihar,Zaid,78.25,1173.3,17.1,86.3,13.81,56.4,200172.55,2558.12
2022,Sorghum,Punjab,Whole Year,151.88,1255.2,29.8,233.3,1.59,38.1,195075.9,1284.41
2018,Soybean,Gujarat,Kharif,362.47,1924.0,29.6,290.4,10.53,78.1,357823.8,987.18
2007,Sugarcane,West Bengal,Rabi,83.31,2013.8,25.1,326.0,8.46,89.3,7416191.58,89019.22
2016,Potato,Haryana,Kharif,262.59,1993.1,30.4,293.3,10.79,53.7,6979570.3,26579.73
2013,Sorghum,Andhra Pradesh,Zaid,135.34,2495.3,27.4,177.2,17.27,68.3,195259.56,1442.73
2011,Maize,Rajasthan,Rabi,414.77,457.2,28.2,245.1,1.43,74.7,891719.95,2149.91
2013,Sugarcane,Punjab,Zaid,4.29,2461.0,35.4,374.7,15.39,84.0,137798.66,32120.9
2017,Soybean,Andhra Pradesh,Zaid,112.33,2390.4,29.2,185.7,13.5,42.9,194950.49,1735.52
2022,Sunflower,West Bengal,Kharif,303.02,2174.7,23.7,138.3,4.48,67.0,505415.82,1667.93
2009,Barley,Gujarat,Whole Year,49.26,1299.1,30.7,231.8,14.82,78.1,125077.73,2539.13
2017,Sugarcane,Haryana,Zaid,233.69,2216.0,32.3,154.1,10.18,42.9,23031952.76,98557.72
2008,Sugarcane,Karnataka,Kharif,218.67,785.8,32.9,141.6,9.88,60.7,16985080.61,77674.49
2006,Barley,Andhra Pradesh,Rabi,426.41,2041.6,31.7,322.6,9.92,60.2,884466.6,2074.22
2020,Soybean,Karnataka,Whole Year,313.07,707.5,32.9,361.8,19.01,84.6,32601.52,104.13
2013,Sunflower,Uttar Pradesh,Zaid,320.21,2093.8,23.4,225.8,18.92,80.5,373901.8,1167.68
2013,Sorghum,Maharashtra,Zaid,475.95,1652.0,27.0,322.9,18.32,45.1,256997.1,539.97
2010,Rice,Tamil Nadu,Rabi,491.2,515.7,33.1,115.5,17.79,45.1,932017.5,1897.43
2015,Groundnut,Maharashtra,Kharif,327.04,2269.7,35.4,241.7,1.23,77.0,717090.37,2192.67
2005,Sunflower,Rajasthan,Zaid,261.48,1571.5,26.7,272.7,8.31,78.1,323399.93,1236.81
2008,Barley,Madhya Pradesh,Rabi,304.35,1743.7,24.9,221.7,17.95,41.6,749743.6,2463.43
2017,Potato,Bihar,Zaid,191.84,923.7,34.3,90.9,15.22,56.7,3642597.46,18987.68
2017,Barley,Gujarat,Kharif,493.74,2217.6,21.0,306.9,9.4,83.7,899164.02,1821.13
2017,Sunflower,Haryana,Whole Year,352.81,1499.4,15.3,343.7,15.58,35.2,280122.02,793.97
2006,Barley,Karnataka,Kharif,146.21,1226.5,27.7,272.3,4.56,54.3,264653.87,1810.09
2013,Barley,West Bengal,Kharif,29.83,1475.4,19.7,109.2,12.2,71.9,86662.88,2905.23
2012,Groundnut,Karnataka,Kharif,23.32,1847.3,25.2,76.1,10.89,80.1,56457.92,2421.01
2011,Groundnut,Gujarat,Rabi,103.25,1829.1,22.9,155.6,11.68,72.4,238940.19,2314.19
2008,Sorghum,Bihar,Zaid,117.22,1086.7,36.0,62.9,14.58,55.8,132522.89,1130.55
2022,Millet,West Bengal,Whole Year,208.11,1147.6,23.9,343.7,19.02,94.5,78276.22,376.13
2007,Millet,West Bengal,Rabi,108.21,1536.9,32.3,296.1,5.65,32.7,74018.64,684.03
2010,Wheat,Rajasthan,Kharif,315.82,2333.7,33.2,247.3,15.28,62.2,934034.66,2957.49
2016,Barley,Gujarat,Whole Year,106.42,1939.9,27.3,361.4,13.08,63.2,168449.18,1582.87
2016,Barley,Andhra Pradesh,Kharif,94.75,1158.9,17.2,88.5,14.06,45.6,205372.32,2167.52
2012,Sugarcane,Bihar,Kharif,236.15,1041.5,33.9,300.1,8.86,66.3,11058197.17,46827.0
2005,Millet,Maharashtra,Kharif,444.45,1452.0,17.0,101.3,18.92,44.3,419887.39,944.73
2008,Sorghum,Bihar,Whole Year,234.68,2214.0,17.7,71.3,9.85,58.8,342376.22,1458.91
2015,Potato,Madhya Pradesh,Zaid,207.51,319.1,20.3,96.5,2.87,58.1,4060988.73,19570.09
2007,Rice,Uttar Pradesh,Kharif,289.47,1863.1,22.6,382.8,13.77,80.3,729298.02,2519.43
2017,Wheat,Bihar,Zaid,129.35,947.9,37.9,204.2,3.01,91.3,402060.42,3108.31
2021,Wheat,Karnataka,Whole Year,177.36,758.5,33.2,67.1,6.79,43.2,646989.12,3647.89
2014,Potato,Andhra Pradesh,Whole Year,107.7,326.7,25.5,254.3,4.95,94.4,2067889.99,19200.46
2016,Potato,Uttar Pradesh,Kharif,286.33,2272.5,41.4,119.9,11.01,91.1,7622313.67,26620.73
2019,Sunflower,Haryana,Zaid,349.0,2306.9,21.6,52.4,7.28,37.3,570574.0,1634.88
2014,Sorghum,Tamil Nadu,Zaid,337.18,435.1,31.5,315.4,3.62,89.3,129573.7,384.29
2018,Rice,Madhya Pradesh,Kharif,128.15,1448.0,37.9,104.2,15.92,66.7,359954.77,2808.86
2017,Sugarcane,Karnataka,Rabi,390.04,635.7,36.7,379.9,9.64,87.1,5537070.21,14196.16
2009,Groundnut,Rajasthan,Rabi,128.72,1969.1,17.4,257.5,9.36,91.5,192623.3,1496.45
2010,Potato,Uttar Pradesh,Whole Year,76.01,1763.9,33.8,80.4,17.78,85.8,2085715.0,27440.01
2006,Cotton,West Bengal,Whole Year,175.55,953.7,22.0,126.2,11.01,56.2,107327.57,611.38
2021,Millet,Andhra Pradesh,Rabi,299.27,557.3,24.6,263.8,14.34,71.4,170248.81,568.88
2008,Barley,Maharashtra,Rabi,71.86,2128.7,28.2,168.3,6.9,60.2,231860.67,3226.56
2018,Sorghum,Bihar,Rabi,324.4,1783.4,36.4,236.3,11.45,53.8,348447.73,1074.13
2014,Sunflower,Bihar,Kharif,431.67,315.0,19.5,329.8,14.67,46.3,66842.35,154.85
2007,Millet,Rajasthan,Kharif,147.28,1681.3,17.9,327.4,6.28,58.7,94240.7,639.87
2007,Barley,Karnataka,Kharif,225.65,2082.7,19.1,294.3,13.93,82.4,555097.12,2459.99
2019,Cotton,Gujarat,Kharif,114.93,1599.7,20.9,360.1,11.59,84.9,34844.35,303.18
2010,Cotton,Andhra Pradesh,Kharif,181.27,1234.4,16.6,119.8,8.97,92.3,138148.18,762.11
2021,Groundnut,Rajasthan,Kharif,11.96,1584.6,40.0,112.0,14.4,48.9,18762.36,1568.76
2016,Sunflower,Tamil Nadu,Whole Year,476.93,1663.4,23.6,329.8,6.68,72.3,477643.36,1001.5
2015,Soybean,Bihar,Zaid,208.53,1708.1,19.8,162.3,14.43,75.1,326592.82,1566.17
2008,Cotton,Karnataka,Whole Year,394.65,2427.5,32.2,229.3,11.25,42.4,287572.65,728.68
2010,Potato,Haryana,Zaid,72.18,693.0,36.2,310.4,5.29,53.8,880021.52,12192.04
2005,Sunflower,Maharashtra,Whole Year,406.37,1670.8,35.3,188.6,13.53,52.2,466459.49,1147.87
2020,Millet,Haryana,Whole Year,430.21,713.6,34.4,95.6,17.75,94.1,282415.19,656.46
2019,Maize,Uttar Pradesh,Kharif,358.02,761.9,16.4,287.8,6.55,92.3,825704.51,2306.31
2021,Maize,Gujarat,Kharif,451.7,1772.4,36.1,336.0,16.34,83.4,755543.12,1672.67
2012,Barley,Bihar,Zaid,84.43,2315.1,28.6,54.5,7.05,60.7,364388.85,4315.87
2016,Barley,Uttar Pradesh,Zaid,238.76,649.9,32.5,246.9,16.51,47.2,331449.99,1388.21
2014,Soybean,Maharashtra,Kharif,310.43,2417.4,40.8,214.3,1.5,89.5,575114.47,1852.64
2019,Maize,Andhra Pradesh,Whole Year,298.5,1002.6,36.9,140.9,0.64,47.4,1051846.5,3523.77
2013,Barley,Bihar,Zaid,430.66,1160.9,37.3,106.4,2.71,63.9,1173875.58,2725.76
2006,Cotton,Uttar Pradesh,Rabi,108.63,638.1,19.9,115.8,17.54,45.9,55329.46,509.34
2009,Barley,Gujarat,Rabi,88.65,1654.8,27.9,303.7,10.91,93.1,152629.31,1721.71
2010,Wheat,Punjab,Rabi,127.44,1612.1,40.6,237.7,12.08,32.7,516726.17,4054.66
2011,Soybean,Punjab,Zaid,445.88,1273.0,30.7,393.4,16.92,41.3,66331.35,148.77
2005,Sorghum,Rajasthan,Kharif,470.57,1347.4,17.8,135.1,1.49,79.7,687754.83,1461.54
2011,Rice,Rajasthan,Kharif,285.25,1670.5,34.8,384.9,8.05,39.8,400927.81,1405.53
2016,Sugarcane,Karnataka,Kharif,251.18,1583.7,16.2,230.3,13.04,93.7,18523814.49,73747.17
2020,Sunflower,Rajasthan,Zaid,303.09,1123.4,35.0,101.1,8.39,50.9,455886.32,1504.13
2020,Rice,Madhya Pradesh,Zaid,308.54,2245.1,38.8,101.9,1.13,89.7,1469267.75,4762.0
2015,Rice,Tamil Nadu,Rabi,85.98,1768.9,26.5,263.0,13.19,73.0,208330.16,2423.01
2008,Groundnut,Rajasthan,Zaid,343.52,751.9,26.2,341.0,8.13,71.2,235052.3,684.25
2017,Potato,Bihar,Rabi,226.72,1003.8,23.2,311.7,0.87,89.5,4529400.76,19977.95
2011,Sunflower,Tamil Nadu,Rabi,259.17,2033.3,38.7,279.5,3.83,63.4,332679.89,1283.64
2008,Sorghum,Rajasthan,Kharif,16.13,530.0,29.8,110.2,4.74,56.1,16782.67,1040.46
2019,Barley,Haryana,Zaid,382.51,1950.5,30.6,87.9,10.46,44.1,1157961.47,3027.27
2023,Potato,Madhya Pradesh,Kharif,417.88,1089.5,32.9,50.1,4.13,39.4,9741011.72,23310.55
2013,Groundnut,Madhya Pradesh,Kharif,310.09,1513.7,23.1,85.6,7.55,81.5,564692.9,1821.06
2015,Rice,West Bengal,Zaid,374.61,917.2,26.7,318.2,15.14,38.3,580730.69,1550.23
2012,Sunflower,Tamil Nadu,Zaid,261.83,2470.2,35.0,363.3,16.25,55.6,210440.02,803.73
2005,Wheat,Andhra Pradesh,Whole Year,309.56,2292.8,41.6,134.1,16.01,56.6,1134890.06,3666.14
2012,Sugarcane,Karnataka,Rabi,197.89,2342.6,15.9,328.2,14.05,73.2,8650852.46,43715.46
2017,Rice,Maharashtra,Whole Year,396.15,706.5,16.2,119.6,11.07,48.1,939792.35,2372.31
2008,Maize,Tamil Nadu,Rabi,234.67,2151.7,26.6,137.2,11.24,84.5,1172779.5,4997.57
2012,Sorghum,Uttar Pradesh,Rabi,340.43,1477.9,32.8,128.5,19.09,43.5,349093.01,1025.45
2007,Sorghum,West Bengal,Rabi,311.09,1857.3,25.4,68.1,17.62,81.3,387413.63,1245.34
2013,Sorghum,Haryana,Kharif,351.45,778.5,42.0,117.9,13.17,85.2,289768.01,824.49
2006,Soybean,Punjab,Kharif,392.82,1866.4,20.3,180.7,9.64,42.6,682515.78,1737.48
2006,Soybean,Madhya Pradesh,Zaid,256.84,2311.4,15.2,191.9,14.72,82.6,455420.24,1773.17
2017,Cotton,Haryana,Rabi,406.72,888.5,20.1,158.3,1.72,76.4,234030.46,575.41
2019,Millet,Rajasthan,Rabi,249.13,813.4,38.9,230.2,18.92,86.8,85980.05,345.12
2016,Sugarcane,Karnataka,Rabi,478.36,529.7,18.9,182.3,11.18,63.1,28645181.99,59882.06
2008,Groundnut,Madhya Pradesh,Kharif,376.58,887.0,27.9,389.6,10.3,45.2,120702.06,320.52
2012,Potato,West Bengal,Zaid,86.4,1478.7,26.3,332.6,6.17,89.3,1442707.32,16698.0
2013,Potato,Uttar Pradesh,Kharif,414.96,2132.0,33.0,375.8,0.57,81.4,8852228.88,21332.73
2009,Potato,Tamil Nadu,Whole Year,276.24,913.4,16.5,245.1,1.69,31.4,4923465.91,17823.15
2022,Barley,Haryana,Whole Year,492.25,1666.5,32.8,287.4,5.63,91.1,1214486.93,2467.22
2015,Rice,West Bengal,Whole Year,359.69,1355.1,24.6,108.3,11.06,91.7,1209386.61,3362.3
2019,Millet,Tamil Nadu,Zaid,43.11,934.9,40.0,313.5,2.13,53.1,27853.95,646.11
2013,Barley,Bihar,Whole Year,198.09,1422.8,37.9,132.6,19.46,30.7,480400.83,2425.16
2021,Groundnut,Karnataka,Zaid,259.12,669.5,25.8,101.0,8.51,65.9,326228.84,1258.99
2016,Potato,Bihar,Kharif,419.67,1707.1,41.8,64.7,6.67,89.4,11658329.34,27779.75
2011,Millet,Madhya Pradesh,Kharif,364.94,554.5,16.4,215.3,10.74,38.1,242637.27,664.87
2014,Barley,Maharashtra,Zaid,185.31,1908.2,36.3,150.4,1.77,68.4,568789.63,3069.4
2014,Wheat,Punjab,Kharif,327.06,691.0,26.7,395.4,17.08,77.6,317990.5,972.27
2017,Soybean,Karnataka,Kharif,288.88,2496.0,26.7,137.4,9.48,38.8,610857.25,2114.57
2023,Groundnut,Bihar,Zaid,63.9,2112.1,19.6,353.3,3.98,63.4,80210.07,1255.24
2015,Potato,Rajasthan,Whole Year,118.19,1056.4,28.9,160.8,3.65,35.8,2828274.66,23929.9
2017,Sunflower,Gujarat,Zaid,171.22,1237.7,17.3,312.2,7.54,66.3,179902.98,1050.71
2012,Sugarcane,Maharashtra,Rabi,98.55,870.2,31.6,280.9,11.68,58.7,5033232.83,51072.89
2012,Maize,Rajasthan,Kharif,75.92,1987.7,21.5,246.6,8.63,47.2,229413.5,3021.78
2008,Wheat,Bihar,Zaid,30.04,1137.6,34.6,195.9,12.14,85.5,114821.75,3822.3
2019,Soybean,Haryana,Kharif,436.68,1961.4,31.4,284.9,14.26,54.8,503320.73,1152.61
2015,Sorghum,Maharashtra,Whole Year,145.18,340.5,35.2,192.5,15.1,75.5,104114.52,717.14
2015,Soybean,Rajasthan,Kharif,145.87,598.4,35.2,241.8,8.32,81.4,153850.42,1054.71
2005,Millet,Maharashtra,Zaid,103.91,1102.9,20.3,256.4,14.48,41.6,60203.65,579.38
2021,Cotton,Karnataka,Whole Year,238.22,539.6,15.0,143.6,3.26,37.7,151530.44,636.09
2019,Wheat,Madhya Pradesh,Whole Year,257.61,1622.5,24.9,168.9,10.51,30.5,918785.03,3566.57
2010,Sorghum,West Bengal,Whole Year,104.93,411.8,39.8,56.3,1.91,49.9,110625.71,1054.28
2019,Millet,Punjab,Rabi,304.68,2191.5,30.6,348.3,5.26,83.0,219550.87,720.59
2013,Groundnut,Punjab,Zaid,361.78,1974.9,34.6,314.6,11.87,80.2,574313.48,1587.47
2018,Sugarcane,Rajasthan,Zaid,187.55,775.8,38.7,114.2,14.94,86.7,12867244.33,68607.01
2022,Soybean,Rajasthan,Whole Year,293.14,1364.3,39.5,176.7,2.36,79.4,433230.53,1477.9
2021,Sunflower,Maharashtra,Kharif,251.65,1294.0,29.3,197.4,4.54,31.6,284249.98,1129.54
2022,Groundnut,Haryana,Whole Year,98.58,1894.7,29.6,167.0,19.84,55.1,182970.59,1856.06
2009,Sorghum,Rajasthan,Rabi,365.28,1183.3,38.0,329.4,7.08,30.4,247996.67,678.92
2013,Millet,Maharashtra,Whole Year,400.93,372.5,36.8,303.9,6.04,32.3,104453.73,260.53
2015,Potato,Andhra Pradesh,Zaid,324.75,902.2,33.9,318.5,2.16,61.1,5142082.01,15833.97
2005,Cotton,Bihar,Whole Year,162.62,1325.6,31.3,366.4,14.05,53.4,44133.97,271.39
2022,Potato,Punjab,Kharif,463.47,2443.9,31.7,258.3,10.41,66.3,12208466.31,26341.44
2010,Soybean,Bihar,Zaid,228.22,2238.5,24.8,265.1,3.57,34.3,369979.12,1621.15
2006,Sunflower,Rajasthan,Kharif,133.67,699.1,37.7,302.7,12.84,68.2,106011.85,793.09
2019,Sugarcane,Karnataka,Whole Year,204.71,1891.2,31.7,288.4,10.75,34.2,18689266.45,91296.3
2018,Cotton,Uttar Pradesh,Zaid,346.35,2361.0,21.0,354.4,11.52,57.5,125331.63,361.86
2009,Barley,Maharashtra,Rabi,423.12,319.3,21.5,319.6,19.9,52.9,404986.44,957.14
2010,Millet,Punjab,Zaid,178.93,1886.1,38.3,92.2,1.06,44.6,225482.89,1260.17
2010,Groundnut,Rajasthan,Kharif,117.08,1310.5,31.9,374.9,18.34,50.3,36914.07,315.29
2022,Sunflower,West Bengal,Zaid,313.62,1796.5,25.8,289.1,16.92,30.0,311579.98,993.5
2018,Soybean,Maharashtra,Rabi,460.69,1632.3,20.1,94.5,8.6,51.1,742654.76,1612.05
2014,Soybean,Haryana,Rabi,92.46,2466.3,31.5,320.2,17.68,35.1,121376.67,1312.75
2018,Sorghum,Rajasthan,Rabi,401.71,935.4,20.0,175.4,13.15,89.9,379290.01,944.19
2017,Sunflower,Maharashtra,Rabi,238.83,2029.5,27.7,332.1,17.84,34.8,134424.93,562.85
2007,Sugarcane,Rajasthan,Kharif,399.96,816.2,33.3,384.4,12.1,92.0,5012223.0,12531.81
2010,Maize,Gujarat,Zaid,253.27,1258.3,30.3,139.3,4.71,61.9,1032050.91,4074.9
2012,Barley,Uttar Pradesh,Whole Year,189.29,2445.8,39.9,350.1,11.74,63.4,417467.88,2205.44
2016,Cotton,Tamil Nadu,Rabi,348.67,1985.5,16.1,320.7,3.99,81.2,170495.51,488.99
2017,Wheat,Tamil Nadu,Whole Year,450.41,994.8,22.6,284.9,3.25,75.2,1403956.15,3117.06
2015,Wheat,Gujarat,Whole Year,160.81,1662.6,16.5,184.7,13.25,45.4,655070.05,4073.57
2016,Sunflower,Maharashtra,Zaid,230.91,409.3,20.3,88.5,18.98,31.7,226791.93,982.17
2005,Soybean,Haryana,Whole Year,115.47,886.1,18.3,219.4,11.98,80.6,169942.31,1471.74
2021,Sorghum,Madhya Pradesh,Whole Year,92.52,1880.5,34.8,87.0,16.02,38.4,134432.71,1453.01
2020,Rice,Rajasthan,Kharif,389.17,1554.2,25.0,225.1,3.78,68.9,1235165.14,3173.84
2015,Sunflower,Maharashtra,Whole Year,101.13,1333.3,40.0,337.1,13.26,91.3,56477.5,558.46
2017,Soybean,West Bengal,Zaid,396.87,1819.9,15.6,399.2,14.79,65.7,293154.79,738.67
2022,Potato,Haryana,Whole Year,215.18,1176.6,32.6,119.3,1.31,48.6,5040892.68,23426.4
2015,Wheat,West Bengal,Zaid,497.53,357.5,41.2,122.8,2.39,41.6,1465813.31,2946.18
2016,Wheat,Madhya Pradesh,Rabi,99.47,1270.3,19.7,333.8,15.74,31.8,254269.9,2556.25
2010,Barley,Gujarat,Whole Year,47.4,2284.7,26.9,214.2,9.08,70.5,183431.68,3869.87
2013,Groundnut,Karnataka,Whole Year,38.64,2184.6,34.0,370.5,8.41,66.3,46926.0,1214.44
2020,Rice,Tamil Nadu,Whole Year,417.87,1199.8,32.1,319.1,18.45,60.0,302861.53,724.77
2008,Soybean,Tamil Nadu,Rabi,219.45,348.9,30.3,307.7,19.84,42.6,71071.78,323.86
2007,Barley,Bihar,Kharif,2.56,1699.9,23.8,85.7,15.41,45.4,7863.25,3071.58
2020,Sorghum,Rajasthan,Whole Year,437.51,1930.6,34.7,62.6,15.96,92.3,494442.11,1130.13
2016,Barley,Uttar Pradesh,Zaid,438.58,947.3,32.6,160.9,4.56,31.3,1477857.24,3369.64
2015,Soybean,Gujarat,Kharif,403.4,1348.7,19.4,126.1,4.25,53.6,639712.38,1585.8
2009,Millet,Maharashtra,Kharif,124.91,2482.1,41.0,299.3,19.62,32.5,109373.27,875.62
2022,Maize,Gujarat,Kharif,187.0,1568.0,30.0,207.8,14.05,42.5,578636.95,3094.32
2023,Sunflower,Maharashtra,Whole Year,372.72,1072.4,29.2,233.1,13.89,90.7,398263.48,1068.53
2010,Soybean,Gujarat,Rabi,245.19,1680.5,37.9,334.8,6.08,39.7,235952.73,962.33
2022,Sugarcane,Karnataka,Rabi,77.76,696.0,32.3,217.5,17.79,69.1,3578986.79,46026.06
2010,Wheat,Andhra Pradesh,Whole Year,122.16,738.4,17.0,240.7,1.37,52.6,350369.64,2868.12
2008,Rice,Uttar Pradesh,Zaid,486.32,2334.8,28.7,344.8,5.85,71.1,1400936.45,2880.69
2016,Potato,Maharashtra,Zaid,76.36,826.2,36.1,201.0,4.01,85.4,1562196.98,20458.32
2023,Potato,Uttar Pradesh,Zaid,363.31,983.7,33.9,79.1,14.37,48.6,6890653.74,18966.32
2006,Rice,Haryana,Whole Year,239.53,1496.3,41.2,232.6,14.45,35.1,607289.12,2535.34
2021,Sunflower,Gujarat,Rabi,374.55,2279.3,15.7,252.8,10.93,43.3,604879.96,1614.95
2015,Groundnut,Bihar,Whole Year,330.9,2019.2,22.1,229.1,0.6,58.5,871227.39,2632.9
2015,Maize,Rajasthan,Rabi,220.14,396.3,29.8,140.3,17.54,63.5,403495.49,1832.9
2020,Sugarcane,Punjab,Kharif,177.6,1824.7,31.7,128.3,19.13,91.2,13343019.93,75129.62
2006,Wheat,Haryana,Whole Year,377.43,1408.9,22.4,179.4,4.45,31.0,1742830.33,4617.63
2006,Potato,West Bengal,Rabi,162.25,1346.2,37.3,108.2,16.92,79.2,3140059.22,19353.22
2012,Sunflower,Tamil Nadu,Kharif,394.1,1821.4,19.4,283.1,19.48,34.7,359798.57,912.96
2017,Sunflower,Bihar,Kharif,340.24,731.7,15.0,265.1,6.88,35.1,227229.84,667.85
2014,Sunflower,Punjab,Whole Year,289.26,2459.3,40.7,271.3,4.11,72.5,449530.43,1554.07
2012,Rice,Karnataka,Rabi,185.03,1719.7,25.6,128.7,19.56,89.1,557859.46,3014.97
2008,Sugarcane,Gujarat,Kharif,103.34,1104.4,40.9,136.3,1.66,48.7,10020382.43,96965.19
2019,Barley,Andhra Pradesh,Whole Year,355.5,1620.4,22.5,325.6,5.88,47.5,825269.7,2321.43
2005,Groundnut,Karnataka,Kharif,46.58,776.2,16.7,291.5,14.97,70.2,51817.2,1112.43
2015,Sunflower,Maharashtra,Zaid,485.3,1694.5,35.9,356.3,12.54,80.5,401089.12,826.48
2011,Soybean,Punjab,Whole Year,489.4,362.1,37.6,191.2,13.85,86.5,390218.76,797.34
2021,Soybean,Tamil Nadu,Kharif,65.98,1050.6,28.3,241.6,14.31,46.2,70740.05,1072.14
2022,Sunflower,Rajasthan,Whole Year,52.86,1944.5,17.0,308.6,13.88,78.1,53568.85,1013.41
2016,Millet,Andhra Pradesh,Whole Year,206.95,2077.6,32.7,391.0,7.17,50.0,111293.55,537.78
2013,Wheat,Uttar Pradesh,Rabi,481.88,856.4,19.9,396.4,6.57,65.4,576927.33,1197.24
2009,Sugarcane,Gujarat,Rabi,200.76,1486.7,37.9,399.7,8.86,42.4,3828244.78,19068.76
2014,Cotton,Maharashtra,Kharif,182.54,1462.7,22.4,361.7,16.25,39.5,50218.35,275.11
2008,Rice,Gujarat,Whole Year,352.09,1227.2,37.9,273.9,18.8,90.8,505435.1,1435.53
2009,Sorghum,Karnataka,Whole Year,90.19,802.6,26.5,52.4,9.38,65.6,104041.4,1153.58
2014,Sorghum,Bihar,Zaid,182.3,1847.1,31.1,294.8,2.17,30.3,223372.44,1225.3
2015,Soybean,Bihar,Whole Year,146.36,855.2,36.3,133.5,18.8,81.6,119362.96,815.54
2014,Potato,Punjab,Rabi,301.17,2304.3,16.1,70.0,2.07,74.9,10269922.82,34100.09
2012,Cotton,Karnataka,Whole Year,82.21,1462.7,37.2,294.0,3.6,51.2,48225.34,586.61
2006,Sorghum,Punjab,Rabi,274.8,2215.1,18.7,314.6,17.42,60.2,289243.26,1052.56
2012,Maize,Rajasthan,Zaid,428.92,939.6,24.7,280.8,11.25,59.2,780752.67,1820.28
2020,Maize,Tamil Nadu,Kharif,257.57,2075.6,27.8,177.8,7.38,47.9,935354.44,3631.46
2009,Wheat,Uttar Pradesh,Rabi,342.06,550.1,39.2,228.9,18.65,93.7,680055.27,1988.12
2007,Cotton,Rajasthan,Kharif,38.55,1987.0,15.6,377.2,19.23,65.4,9096.16,235.96
2016,Maize,Haryana,Kharif,225.05,1151.3,30.1,305.4,6.95,88.3,510891.97,2270.13
2017,Maize,Bihar,Kharif,48.35,1334.0,32.3,226.6,17.43,68.0,73754.01,1525.42
2017,Soybean,Tamil Nadu,Kharif,300.13,667.0,23.5,257.7,13.73,74.9,218916.16,729.4
2014,Sorghum,Rajasthan,Rabi,141.25,341.0,22.8,374.7,5.85,31.9,70951.45,502.31
2008,Wheat,Andhra Pradesh,Zaid,144.35,1765.6,28.2,187.8,18.86,63.3,522498.96,3619.67
2013,Sugarcane,Gujarat,Whole Year,39.31,1593.0,20.1,85.6,1.73,76.9,4926553.71,125325.71
2006,Sunflower,Karnataka,Rabi,155.81,1669.3,27.6,164.0,6.7,37.9,262223.33,1682.97
2023,Barley,Bihar,Zaid,253.83,861.0,35.7,195.3,8.23,74.1,583747.93,2299.76
2005,Rice,Tamil Nadu,Whole Year,292.75,826.4,37.8,145.5,13.97,35.5,501043.22,1711.51
2011,Rice,Andhra Pradesh,Kharif,34.27,2126.7,25.4,235.1,1.25,82.5,135092.71,3942.01
2021,Potato,Karnataka,Whole Year,326.08,1974.8,31.7,156.7,17.85,93.6,7974486.8,24455.61
2007,Groundnut,Haryana,Whole Year,244.95,1040.9,15.0,86.1,13.35,70.7,321275.63,1311.6
2007,Barley,West Bengal,Zaid,268.92,1703.2,29.9,115.8,5.86,35.0,968361.2,3600.93
2007,Barley,Tamil Nadu,Whole Year,416.57,2121.9,41.3,371.4,13.34,68.1,531069.33,1274.86
2021,Rice,Andhra Pradesh,Kharif,171.77,2255.4,23.4,270.4,10.97,78.2,563941.07,3283.12
2011,Rice,Karnataka,Rabi,87.85,312.8,31.1,160.0,7.06,90.7,182624.56,2078.82
2018,Sugarcane,Karnataka,Rabi,276.35,2089.6,35.6,178.4,1.06,33.0,30806304.72,111475.68
2021,Cotton,Rajasthan,Zaid,472.57,1070.9,31.4,222.7,11.25,80.4,226241.3,478.75
2022,Cotton,Punjab,Kharif,259.42,1880.4,26.3,285.6,2.1,38.6,208453.77,803.54
2017,Sugarcane,Rajasthan,Kharif,416.12,1117.1,19.1,253.8,16.3,81.4,21288038.72,51158.41
2022,Sorghum,Andhra Pradesh,Whole Year,378.76,1633.7,27.5,376.4,2.23,87.8,246961.05,652.03
2008,Barley,Maharashtra,Zaid,259.65,1722.9,23.0,269.0,8.86,86.0,669720.85,2579.32
2005,Millet,Gujarat,Kharif,324.13,1191.0,33.8,368.8,8.97,72.4,112342.28,346.6
2022,Barley,Tamil Nadu,Kharif,203.93,1428.1,26.9,51.9,11.35,62.5,581034.17,2849.18
2005,Groundnut,Rajasthan,Kharif,265.78,1897.9,37.9,361.7,1.27,86.8,429145.64,1614.66
2017,Rice,Karnataka,Rabi,254.14,1347.9,20.2,302.5,4.47,63.7,514931.38,2026.17
2014,Barley,Karnataka,Rabi,354.85,330.8,26.3,110.3,4.39,42.4,869930.66,2451.54
2015,Rice,West Bengal,Rabi,205.58,328.4,30.1,142.1,12.18,91.3,407255.33,1981.01
2013,Barley,Tamil Nadu,Whole Year,50.78,1754.9,18.4,240.0,5.64,54.3,128665.33,2533.78
2013,Groundnut,West Bengal,Whole Year,394.57,2163.9,30.9,93.7,3.31,70.6,948701.28,2404.39
2009,Sorghum,Madhya Pradesh,Whole Year,342.74,2027.6,22.9,324.9,0.86,42.9,399584.34,1165.85
2005,Sunflower,Bihar,Kharif,475.11,982.9,21.2,326.9,16.89,37.2,403080.57,848.39
2021,Millet,Gujarat,Rabi,214.93,1336.5,18.8,155.3,19.45,65.8,161774.43,752.68
2006,Potato,Haryana,Kharif,40.02,815.2,24.4,74.4,14.21,66.0,808947.81,20213.59
2017,Maize,Rajasthan,Kharif,61.69,2476.1,40.1,396.1,8.55,54.0,63039.22,1021.87
2013,Sugarcane,Uttar Pradesh,Zaid,386.89,873.1,15.8,137.8,2.88,50.3,34295225.25,88643.35
2008,Sugarcane,Andhra Pradesh,Kharif,34.81,1215.8,38.0,73.6,9.76,54.3,2804284.56,80559.74
2009,Potato,Andhra Pradesh,Whole Year,454.01,1798.5,25.7,165.5,9.42,81.7,13533908.56,29809.71
2015,Millet,Haryana,Rabi,141.54,2227.2,30.2,389.2,8.69,53.3,84039.12,593.75
2023,Barley,Bihar,Rabi,449.54,413.2,28.8,327.5,7.88,89.9,236349.82,525.76
2007,Maize,Tamil Nadu,Kharif,386.98,962.2,40.0,218.1,10.19,37.3,1252249.44,3235.95
2016,Groundnut,Rajasthan,Whole Year,435.73,1551.8,35.8,156.9,1.93,90.6,935884.74,2147.85
2023,Cotton,Bihar,Whole Year,107.81,1660.3,41.6,198.2,1.25,74.8,73649.89,683.15
2023,Barley,Gujarat,Whole Year,298.25,454.1,36.4,56.1,1.75,52.4,873975.7,2930.35
2017,Sorghum,Madhya Pradesh,Rabi,47.7,1761.0,23.0,301.4,4.4,30.4,49677.21,1041.45
2011,Rice,Punjab,Whole Year,101.94,1461.7,41.0,84.9,5.92,82.2,267619.57,2625.27
2019,Potato,West Bengal,Whole Year,155.64,2120.8,41.6,231.7,3.8,93.0,3603304.71,23151.53
2011,Wheat,Haryana,Kharif,370.67,788.8,18.3,248.0,5.41,93.9,1042482.99,2812.43
2012,Barley,Punjab,Zaid,13.33,729.1,39.3,50.6,4.12,57.5,30845.93,2314.02
2009,Sunflower,West Bengal,Whole Year,451.66,2045.3,32.9,393.0,3.44,34.6,472587.39,1046.33
2018,Wheat,Haryana,Kharif,36.33,1848.5,39.9,155.7,6.21,50.4,153546.74,4226.44
2008,Barley,Andhra Pradesh,Kharif,188.87,2041.7,39.7,77.0,8.25,50.1,489079.42,2589.5
2014,Millet,Andhra Pradesh,Whole Year,41.46,2020.3,39.1,349.0,15.01,36.7,18000.63,434.17
2019,Sunflower,Karnataka,Zaid,384.71,528.8,38.9,103.2,19.13,64.1,274083.5,712.44
2022,Wheat,West Bengal,Rabi,71.52,912.9,18.2,58.7,18.42,69.3,188927.42,2641.6
2017,Barley,Uttar Pradesh,Zaid,442.49,872.2,18.9,223.1,9.78,77.4,825923.91,1866.54
2012,Sugarcane,Gujarat,Whole Year,265.58,2356.1,18.2,95.5,9.5,33.3,25394320.39,95618.35
2013,Sunflower,Maharashtra,Zaid,474.29,1372.4,17.5,393.8,2.95,47.9,280113.77,590.6
2020,Wheat,Tamil Nadu,Kharif,145.89,544.3,24.5,53.6,19.45,53.1,340947.6,2337.02
2023,Barley,Tamil Nadu,Kharif,227.7,937.1,33.5,67.9,15.32,88.0,395856.28,1738.5
2020,Cotton,Bihar,Zaid,347.43,2218.2,24.6,341.6,17.03,88.6,187227.26,538.89
2011,Rice,West Bengal,Rabi,416.12,2163.5,34.4,133.9,5.07,46.9,1594315.7,3831.38
2018,Cotton,Haryana,Zaid,211.26,2280.7,37.1,369.1,8.32,61.7,113149.25,535.59
2018,Potato,Madhya Pradesh,Whole Year,446.32,1154.8,33.0,158.9,2.5,57.6,12949846.28,29014.71
2008,Potato,Bihar,Rabi,59.88,1711.0,27.6,74.4,18.85,64.2,1358760.47,22691.39
2019,Maize,Haryana,Zaid,354.63,912.0,23.0,53.7,6.07,48.6,1477203.98,4165.48
2007,Barley,Maharashtra,Zaid,174.75,697.8,18.4,148.9,12.12,60.1,439373.01,2514.29
2009,Soybean,Gujarat,Rabi,51.57,348.2,28.3,215.8,3.47,39.4,54542.86,1057.65
2005,Sorghum,Rajasthan,Zaid,193.95,791.6,34.4,50.4,16.15,76.1,164594.83,848.65
2007,Cotton,Gujarat,Whole Year,440.23,1629.6,29.8,253.4,4.13,54.0,279057.7,633.89
2019,Wheat,Bihar,Kharif,490.29,2289.3,34.5,166.8,16.28,65.3,1896405.1,3867.93
2012,Millet,Rajasthan,Whole Year,197.01,593.5,24.1,186.6,8.33,69.3,186315.9,945.72
2008,Sunflower,Maharashtra,Zaid,443.32,2319.6,16.8,141.5,11.77,84.4,741306.54,1672.17
2006,Sorghum,Rajasthan,Kharif,255.32,1059.8,35.8,235.2,5.76,35.3,298552.3,1169.33
2014,Soybean,Uttar Pradesh,Rabi,358.79,1239.0,20.9,130.5,17.71,61.4,500418.15,1394.74
2008,Groundnut,Bihar,Whole Year,23.64,1103.0,31.6,97.2,15.32,88.1,33918.03,1434.77
2007,Barley,Karnataka,Rabi,279.1,1198.9,36.7,361.7,7.41,51.4,164177.24,588.24
2006,Millet,Gujarat,Kharif,36.01,870.2,18.8,186.7,11.91,58.9,25243.02,701.0
2021,Barley,Rajasthan,Zaid,135.04,1836.9,31.2,76.9,3.02,35.5,546704.86,4048.47
2017,Maize,Andhra Pradesh,Kharif,283.84,1968.0,33.6,130.6,3.63,78.8,1326765.6,4674.34
2009,Soybean,Uttar Pradesh,Kharif,403.77,2110.8,35.2,158.5,10.91,35.5,676734.18,1676.04
2013,Sunflower,Gujarat,Rabi,280.89,1050.8,19.0,319.4,12.99,71.0,254153.95,904.82
2010,Sunflower,Rajasthan,Whole Year,468.16,1982.2,37.3,57.8,11.37,54.3,685643.98,1464.55
2009,Barley,Andhra Pradesh,Kharif,405.36,1702.9,17.5,217.4,11.41,52.0,1058449.43,2611.13
2014,Wheat,Maharashtra,Zaid,78.96,2407.4,29.0,192.7,14.97,68.1,344545.88,4363.55
2012,Maize,Maharashtra,Kharif,195.09,1234.5,27.0,388.9,18.1,66.9,104922.02,537.81
2011,Sugarcane,West Bengal,Rabi,334.57,2483.1,21.0,113.0,8.06,56.4,35333905.32,105609.9
2011,Groundnut,Tamil Nadu,Whole Year,469.26,1928.9,23.2,269.8,10.97,48.1,857707.76,1827.79
2010,Soybean,Punjab,Zaid,493.87,2007.8,19.4,120.8,17.91,63.0,762721.2,1544.38
2007,Rice,Andhra Pradesh,Rabi,381.83,356.6,26.5,241.9,9.55,47.4,729294.81,1910.0
2023,Millet,West Bengal,Kharif,287.31,1394.3,16.0,244.3,9.18,36.7,256704.09,893.47
2019,Cotton,Uttar Pradesh,Kharif,378.55,1462.3,39.0,76.4,15.45,81.9,194487.71,513.77
2008,Potato,Rajasthan,Whole Year,137.34,389.3,19.4,209.8,17.61,75.7,2214728.29,16125.88
2016,Barley,Gujarat,Rabi,142.52,986.7,38.9,211.4,14.88,35.5,205195.24,1439.76
2010,Millet,Haryana,Rabi,327.52,2402.4,38.3,161.7,2.45,40.6,369264.13,1127.46
2023,Millet,Andhra Pradesh,Whole Year,436.05,1237.4,27.2,147.0,9.56,36.5,362084.19,830.37
2008,Rice,Bihar,Zaid,484.93,710.7,28.4,128.5,4.63,81.4,1430801.21,2950.53
2019,Rice,Punjab,Rabi,171.33,1429.3,23.2,52.1,6.69,80.2,493590.71,2880.94
2013,Maize,Bihar,Whole Year,398.48,374.3,41.9,50.6,9.64,56.5,1213162.3,3044.47
2009,Soybean,Madhya Pradesh,Rabi,425.91,1435.2,33.1,256.4,4.82,83.4,697210.98,1636.99
2017,Wheat,Haryana,Whole Year,311.96,1607.4,40.7,152.0,10.56,93.3,1166476.9,3739.19
2022,Groundnut,Karnataka,Kharif,174.45,1086.9,26.2,108.8,13.04,93.1,337972.73,1937.36
2009,Potato,Punjab,Kharif,309.93,1977.7,38.8,289.7,17.56,93.8,4441310.67,14330.04
2020,Sunflower,West Bengal,Rabi,292.64,598.6,27.1,235.1,4.62,85.0,372599.96,1273.24
2023,Rice,Punjab,Rabi,303.66,2232.0,38.4,370.2,6.56,44.1,553086.52,1821.4
2018,Rice,Rajasthan,Kharif,310.01,2402.0,18.5,340.9,8.41,33.7,774666.56,2498.84
2020,Cotton,Gujarat,Zaid,423.68,302.7,32.2,304.4,4.88,82.8,121649.52,287.13
2019,Sugarcane,Madhya Pradesh,Whole Year,85.87,2154.0,33.3,94.3,6.97,50.1,8515186.51,99163.7
2008,Rice,Uttar Pradesh,Zaid,184.28,1413.4,32.7,283.1,17.73,52.0,389128.26,2111.61
2011,Sugarcane,Bihar,Zaid,293.41,1315.1,27.1,292.9,3.2,34.7,19640903.35,66940.13
2020,Maize,Haryana,Zaid,142.38,825.1,33.5,317.2,9.15,76.5,226559.82,1591.23
2012,Wheat,Punjab,Kharif,489.1,1284.1,21.5,142.1,6.56,58.0,1409954.23,2882.75
2021,Millet,Rajasthan,Rabi,132.31,2390.9,31.1,274.1,2.0,43.3,155532.92,1175.52
2020,Sunflower,Maharashtra,Zaid,235.34,763.7,30.0,266.4,2.37,72.4,243184.37,1033.33
2014,Rice,Bihar,Kharif,438.81,693.9,23.6,184.9,15.81,93.7,839239.32,1912.53
2014,Barley,Punjab,Whole Year,40.95,832.2,36.0,282.2,17.12,62.4,47705.17,1164.96
2006,Sugarcane,Punjab,Rabi,410.52,1514.0,17.2,80.3,14.96,69.4,31703221.74,77226.98
2013,Cotton,Tamil Nadu,Whole Year,285.93,2346.7,19.6,275.2,11.01,40.6,141673.91,495.48
2021,Groundnut,Haryana,Zaid,16.87,1562.5,27.7,262.1,15.57,40.5,30647.5,1816.69
2015,Cotton,Tamil Nadu,Rabi,451.55,835.7,39.1,123.7,3.46,59.8,304187.8,673.65
2014,Rice,Bihar,Zaid,20.56,1269.0,30.5,336.4,15.71,84.9,33908.71,1649.26
2021,Soybean,Tamil Nadu,Rabi,258.09,1158.9,37.7,356.0,8.76,89.1,209815.76,812.96
2008,Millet,Gujarat,Zaid,25.47,402.5,29.0,123.7,15.13,71.7,16255.95,638.24
2020,Wheat,Rajasthan,Whole Year,36.53,1423.4,36.2,76.6,4.94,53.4,143496.9,3928.19
2019,Barley,Tamil Nadu,Whole Year,443.71,577.2,23.8,261.3,16.73,78.8,572131.51,1289.43
2009,Soybean,Punjab,Zaid,383.15,2152.9,37.0,218.0,11.58,49.0,594403.19,1551.36
2010,Cotton,Bihar,Rabi,99.27,1507.7,25.8,199.7,0.64,44.3,78188.15,787.63
2021,Sugarcane,West Bengal,Whole Year,310.61,2158.1,30.1,316.4,10.63,81.7,21835694.33,70299.39
2005,Sugarcane,West Bengal,Rabi,397.55,2403.3,19.7,389.4,6.55,78.8,16869032.92,42432.48
2023,Soybean,Maharashtra,Rabi,444.91,2375.0,39.9,217.2,1.62,87.3,830706.8,1867.13
2008,Sugarcane,West Bengal,Whole Year,234.69,520.9,33.9,52.2,9.22,67.5,14280786.88,60849.58
2021,Cotton,Maharashtra,Kharif,448.85,2378.6,38.2,258.7,6.57,88.3,322797.92,719.17
2013,Soybean,West Bengal,Kharif,254.42,2050.6,20.6,278.9,4.49,31.7,470942.31,1851.04
2006,Cotton,Karnataka,Rabi,344.43,2010.8,16.8,339.8,7.31,46.5,182539.39,529.98
2012,Barley,Maharashtra,Whole Year,489.54,498.3,24.1,119.8,4.0,82.3,1210776.78,2473.29
2019,Millet,Andhra Pradesh,Kharif,118.74,694.9,29.0,233.5,6.35,57.5,93133.19,784.35
2011,Groundnut,Haryana,Zaid,85.09,2445.4,36.7,206.5,2.75,45.6,195775.71,2300.81
2010,Barley,Bihar,Rabi,171.67,769.4,25.7,282.6,2.14,81.7,306999.78,1788.31
2005,Barley,Haryana,Kharif,83.04,671.9,22.3,72.4,18.25,83.4,150244.0,1809.3
2019,Sugarcane,Haryana,Whole Year,142.8,1097.2,25.1,359.4,18.1,59.7,3703001.92,25931.39
2011,Rice,Rajasthan,Whole Year,371.75,2309.4,34.0,228.9,16.65,60.3,1087595.23,2925.61
2021,Sorghum,Gujarat,Rabi,239.28,1347.6,24.1,357.0,4.99,80.8,131923.78,551.34
2006,Sugarcane,Uttar Pradesh,Whole Year,188.15,2325.3,41.4,169.1,14.65,80.1,17116574.54,90973.02
2013,Rice,Gujarat,Zaid,184.99,1035.5,19.7,278.7,12.0,86.3,365136.27,1973.82
2013,Cotton,Maharashtra,Zaid,98.07,798.4,35.3,384.9,1.5,72.0,2787.0,28.42
2017,Sorghum,Gujarat,Kharif,224.26,1389.4,30.9,380.2,18.04,42.1,65778.55,293.31
2010,Sugarcane,Bihar,Whole Year,312.69,1654.0,21.3,380.4,19.96,65.7,469779.28,1502.38
2010,Potato,West Bengal,Zaid,70.44,1161.3,35.3,65.0,14.32,54.9,1259503.96,17880.52
2007,Sorghum,Maharashtra,Rabi,486.43,1061.3,27.1,191.1,5.01,31.8,504286.23,1036.71
2021,Sorghum,Madhya Pradesh,Whole Year,222.2,779.7,33.4,71.3,11.31,42.8,217910.92,980.7
2021,Maize,Gujarat,Kharif,474.03,905.0,32.9,158.3,2.63,43.4,1464787.28,3090.07
2016,Millet,Gujarat,Rabi,68.19,1780.9,18.0,111.1,6.33,35.4,75601.52,1108.69
2020,Maize,Tamil Nadu,Rabi,383.84,1113.7,37.7,267.0,14.49,59.5,1099585.74,2864.7
2019,Rice,Karnataka,Rabi,309.2,475.5,33.4,323.3,6.37,63.0,299589.54,968.92
2017,Wheat,Rajasthan,Zaid,410.21,603.9,36.1,229.7,3.37,52.1,1353056.88,3298.45
2005,Soybean,Maharashtra,Rabi,300.74,1119.2,27.1,328.4,0.65,56.8,350028.88,1163.89
2021,Potato,Uttar Pradesh,Zaid,481.46,2333.9,20.3,54.5,11.66,65.7,14988880.03,31132.14
2007,Groundnut,Haryana,Rabi,313.84,1133.9,23.8,337.2,19.39,37.8,311900.37,993.82
2019,Wheat,Punjab,Zaid,392.52,433.4,39.3,112.4,9.94,66.5,963678.05,2455.11
2008,Soybean,Madhya Pradesh,Whole Year,438.91,1219.6,40.3,211.3,4.65,76.1,565480.05,1288.37
2008,Rice,Andhra Pradesh,Zaid,357.58,1771.4,28.0,204.9,9.53,86.9,1049261.41,2934.34
2022,Sunflower,Gujarat,Zaid,262.59,1605.9,23.1,355.6,12.24,49.6,88702.11,337.8
2021,Rice,Haryana,Whole Year,137.14,913.4,34.7,388.1,16.13,78.6,48020.81,350.16
2023,Cotton,West Bengal,Rabi,427.39,1813.8,35.7,139.3,9.33,69.4,340465.48,796.62
2015,Groundnut,Andhra Pradesh,Whole Year,240.81,1687.4,37.0,73.6,3.87,62.7,431406.05,1791.48
2007,Sunflower,Bihar,Rabi,310.73,678.8,15.8,277.7,4.17,89.8,211887.54,681.9
2012,Millet,Bihar,Zaid,40.53,656.7,15.3,226.0,18.04,70.3,23520.85,580.33
2018,Sorghum,Karnataka,Rabi,249.18,1503.8,24.6,248.0,5.11,53.8,297033.09,1192.04
2005,Maize,Haryana,Zaid,349.38,1750.8,19.1,66.2,14.7,76.3,1453765.65,4160.99
2018,Maize,Tamil Nadu,Rabi,292.45,2416.2,36.7,321.4,5.74,92.4,840360.66,2873.52
2006,Rice,Haryana,Zaid,224.83,1228.2,29.4,131.3,14.55,89.7,760773.0,3383.77
2008,Maize,Karnataka,Zaid,112.49,1982.9,37.3,167.2,2.03,93.7,489099.36,4347.94
2023,Potato,Haryana,Kharif,155.53,556.3,19.8,129.9,4.54,36.2,3996195.92,25694.05
2010,Potato,Madhya Pradesh,Rabi,350.61,2257.1,31.9,381.1,8.47,58.8,4404119.14,12561.3
2005,Potato,Gujarat,Rabi,112.87,1692.8,30.7,109.1,10.55,58.1,2947378.61,26113.04
2021,Sunflower,Madhya Pradesh,Kharif,311.24,1683.9,24.2,306.3,7.38,54.9,358940.59,1153.26
2012,Rice,Madhya Pradesh,Zaid,295.28,613.4,29.0,136.0,11.68,41.6,775373.16,2625.89
2023,Sorghum,Haryana,Zaid,485.24,387.1,30.9,198.7,6.84,84.1,394782.43,813.58
2005,Rice,Tamil Nadu,Kharif,31.33,1843.2,39.0,398.6,13.73,73.8,21249.07,678.23
2009,Cotton,Rajasthan,Kharif,54.95,557.5,16.5,85.2,10.47,69.4,33017.78,600.87
2020,Millet,Karnataka,Whole Year,253.54,579.3,37.2,358.5,14.25,59.0,67730.57,267.14
2010,Barley,Tamil Nadu,Zaid,264.03,712.5,41.5,381.1,8.9,55.3,2263.97,8.57
2012,Sugarcane,Maharashtra,Whole Year,20.92,515.0,34.8,294.4,17.59,81.1,683010.61,32648.69
2017,Sunflower,Haryana,Rabi,413.1,1675.9,34.9,53.5,7.95,64.2,683647.87,1654.92
2020,Millet,Uttar Pradesh,Whole Year,247.87,1228.4,20.9,337.3,6.51,69.5,123800.39,499.46
2007,Millet,Haryana,Kharif,173.98,885.4,29.1,358.8,11.36,36.5,70559.95,405.56
2023,Wheat,Karnataka,Kharif,160.11,1269.6,34.1,393.3,10.43,60.6,195312.77,1219.87
2016,Groundnut,Andhra Pradesh,Kharif,430.84,2157.1,31.3,343.8,10.6,38.5,403477.26,936.49
2020,Groundnut,Tamil Nadu,Kharif,99.17,2339.6,25.4,206.0,16.02,33.5,185755.53,1873.1
2015,Sunflower,Uttar Pradesh,Whole Year,81.05,1372.4,40.4,291.0,11.98,74.8,60108.59,741.62
2014,Potato,Maharashtra,Whole Year,107.38,1546.9,28.9,219.8,17.76,47.9,2204234.67,20527.42
2008,Soybean,West Bengal,Whole Year,312.89,865.8,41.2,173.6,12.57,92.7,304025.96,971.67
2016,Sugarcane,Maharashtra,Kharif,405.65,1429.9,30.2,269.2,0.92,69.4,34960491.02,86183.88
2006,Sorghum,Tamil Nadu,Kharif,166.16,1945.9,36.4,319.4,17.47,71.9,114811.2,690.97
2023,Potato,Bihar,Zaid,87.56,1382.7,35.0,272.6,16.88,42.8,955085.75,10907.79
2009,Sunflower,Andhra Pradesh,Zaid,105.39,964.6,32.8,339.3,1.45,38.4,35100.78,333.06
2012,Barley,Tamil Nadu,Kharif,309.97,1580.5,15.4,111.7,2.94,64.2,911908.13,2941.92
2011,Barley,Punjab,Zaid,123.77,2382.6,17.1,180.8,11.35,90.2,399361.45,3226.64
2018,Sunflower,Uttar Pradesh,Rabi,438.76,2253.6,30.7,159.4,1.34,33.6,799386.06,1821.92
2007,Groundnut,Andhra Pradesh,Rabi,52.84,1992.3,39.6,117.9,8.52,63.0,96338.31,1823.21
2022,Millet,Uttar Pradesh,Kharif,17.15,907.7,31.2,205.1,19.52,42.9,12820.05,747.52
2020,Cotton,Tamil Nadu,Whole Year,45.1,831.4,21.4,381.8,3.87,80.8,8617.35,191.07
2023,Soybean,Rajasthan,Rabi,422.98,2144.8,23.6,238.3,4.52,74.3,799663.66,1890.55
2023,Rice,Uttar Pradesh,Rabi,325.96,698.9,31.8,150.2,13.69,36.3,876983.29,2690.46
2022,Soybean,Punjab,Whole Year,478.91,1632.3,31.1,173.9,1.36,70.1,902209.98,1883.88
2020,Wheat,Gujarat,Zaid,168.81,1265.6,40.8,264.6,16.5,93.9,413595.54,2450.07
2012,Soybean,Andhra Pradesh,Whole Year,107.13,1329.6,29.3,173.5,4.38,64.3,146022.96,1363.04
2005,Millet,Bihar,Zaid,281.43,1300.0,24.6,238.4,10.87,48.6,235648.58,837.33
2021,Sorghum,Punjab,Zaid,269.38,2279.9,29.2,146.0,5.35,39.9,494983.38,1837.49
2016,Millet,Punjab,Whole Year,295.92,491.6,36.2,171.1,13.35,94.3,184849.93,624.66
2015,Groundnut,West Bengal,Zaid,174.42,2022.4,29.6,297.0,11.95,66.6,209983.7,1203.9
2009,Sorghum,Rajasthan,Rabi,3.94,2137.0,23.8,254.6,18.96,54.4,4799.95,1218.26
2016,Maize,Haryana,Kharif,18.48,2374.3,24.1,82.7,9.19,43.9,87815.09,4751.9
2021,Sorghum,Rajasthan,Zaid,332.25,1295.7,35.4,390.6,17.56,91.8,57309.24,172.49
2010,Soybean,Karnataka,Rabi,262.11,1400.1,16.8,67.3,11.73,70.8,361649.86,1379.76
2005,Soybean,West Bengal,Whole Year,410.68,2414.8,22.4,79.0,18.33,33.7,720560.34,1754.55
2009,Soybean,Tamil Nadu,Zaid,150.9,1308.6,19.1,295.5,6.19,33.9,188396.92,1248.49
2018,Maize,Tamil Nadu,Rabi,407.92,1407.8,40.5,297.8,11.22,91.1,872137.02,2138.01
2009,Groundnut,Maharashtra,Zaid,213.32,1031.0,17.4,56.6,8.11,76.2,396581.37,1859.09
2005,Rice,Haryana,Whole Year,49.25,369.6,35.5,275.0,1.78,36.7,124848.34,2534.99
2022,Potato,Karnataka,Kharif,488.98,1252.7,32.0,61.6,11.7,70.5,10918142.57,22328.4
2020,Sugarcane,Madhya Pradesh,Zaid,256.46,1741.2,32.1,386.3,15.99,57.3,14635838.83,57068.7
2013,Groundnut,Madhya Pradesh,Kharif,315.11,1817.9,35.6,293.6,11.35,81.3,571873.24,1814.84
2023,Potato,Uttar Pradesh,Zaid,335.73,314.3,25.8,115.3,5.95,47.8,6674132.93,19879.47
2009,Soybean,Rajasthan,Zaid,181.84,2062.3,25.8,105.3,5.64,54.9,415394.24,2284.39
2006,Sunflower,Andhra Pradesh,Whole Year,374.02,1383.3,22.8,249.4,5.14,40.9,447161.49,1195.56
2019,Potato,Punjab,Zaid,435.26,1445.6,31.1,271.7,19.6,46.4,10024281.33,23030.56
2011,Groundnut,Uttar Pradesh,Rabi,194.21,2415.8,40.1,340.9,8.28,42.3,259061.89,1333.93
2008,Wheat,Bihar,Rabi,328.84,925.8,39.9,366.2,6.68,31.6,457451.25,1391.11
2005,Barley,Maharashtra,Kharif,378.8,1975.6,34.0,187.4,8.66,33.0,1189507.08,3140.2
2017,Barley,Rajasthan,Kharif,95.87,1564.5,39.5,345.4,2.76,84.3,149660.75,1561.08
2011,Sunflower,Madhya Pradesh,Rabi,166.97,1841.8,41.0,239.8,4.32,82.2,234744.94,1405.91
2019,Sugarcane,Andhra Pradesh,Kharif,55.29,1219.2,36.5,214.7,10.42,39.1,4585859.63,82941.94
2018,Sugarcane,Maharashtra,Kharif,301.5,914.3,26.0,294.6,16.08,73.4,14284500.51,47378.11
2023,Rice,Punjab,Rabi,400.67,1501.5,28.0,86.1,17.59,78.5,1208011.2,3014.98
2022,Wheat,West Bengal,Rabi,305.81,1124.9,40.1,142.9,17.39,33.3,955924.56,3125.88
2014,Millet,Madhya Pradesh,Rabi,90.71,790.4,33.1,335.9,18.92,35.8,11222.25,123.72
2013,Groundnut,Haryana,Whole Year,273.64,2146.3,37.2,226.4,2.95,66.6,581109.62,2123.63
2012,Sorghum,Madhya Pradesh,Whole Year,417.63,1346.8,18.1,367.8,1.3,54.3,367773.87,880.62
2014,Sorghum,Madhya Pradesh,Rabi,152.06,2164.1,20.2,81.0,2.56,75.5,244013.68,1604.72
2021,Millet,West Bengal,Zaid,416.49,1342.9,24.3,159.7,12.21,66.2,435130.56,1044.76
2006,Barley,Andhra Pradesh,Rabi,392.53,1525.0,20.1,174.4,11.34,32.0,844398.91,2151.17
2010,Millet,West Bengal,Whole Year,11.85,2489.6,39.5,198.0,13.59,74.4,12794.7,1079.72
2009,Groundnut,Andhra Pradesh,Kharif,120.49,2393.3,20.9,395.4,7.74,43.3,131670.89,1092.8
2013,Potato,Karnataka,Zaid,271.93,897.7,30.0,158.7,8.14,50.3,6143501.76,22592.22
2009,Wheat,Karnataka,Zaid,359.09,2211.0,17.3,231.5,11.14,77.9,1363299.94,3796.54
2022,Soybean,Gujarat,Kharif,440.38,1158.9,19.2,237.6,2.04,80.1,710798.55,1614.06
2013,Maize,Gujarat,Zaid,320.88,456.7,21.7,319.8,16.1,52.5,236063.78,735.68
2021,Sunflower,Madhya Pradesh,Kharif,190.79,1566.7,41.5,231.3,18.5,35.8,170008.7,891.08
2021,Soybean,West Bengal,Whole Year,93.13,2449.5,36.5,262.0,8.05,80.0,131761.43,1414.81
2016,Maize,Tamil Nadu,Zaid,380.26,2443.5,33.2,313.7,14.92,86.6,849446.88,2233.86
2011,Sorghum,West Bengal,Zaid,104.18,578.2,39.7,85.4,11.2,92.7,92724.13,890.04
2007,Sunflower,Bihar,Kharif,348.02,1996.7,40.8,387.2,5.1,50.7,181062.7,520.27
2014,Sugarcane,West Bengal,Kharif,91.42,2066.2,27.2,346.2,1.82,38.1,6989211.03,76451.66
2006,Potato,Tamil Nadu,Whole Year,46.44,1111.2,23.8,186.1,5.3,90.9,1190731.06,25640.2
2007,Groundnut,Haryana,Kharif,126.3,1748.9,23.5,304.9,12.3,56.0,183301.83,1451.32
2020,Soybean,Madhya Pradesh,Kharif,143.18,1374.0,16.0,316.8,1.28,36.1,174089.32,1215.88
2006,Millet,Rajasthan,Whole Year,323.96,801.4,22.6,347.6,16.81,62.4,4329.97,13.37
2014,Wheat,Tamil Nadu,Rabi,81.28,1974.8,24.6,115.9,19.42,42.4,371079.2,4565.44
2010,Wheat,Bihar,Rabi,465.22,878.1,16.0,296.3,2.13,53.1,1167421.22,2509.4
2015,Barley,Madhya Pradesh,Kharif,277.63,1049.0,38.8,61.7,5.31,50.8,768833.79,2769.27
2011,Wheat,Andhra Pradesh,Whole Year,245.97,718.0,37.9,90.5,13.67,94.2,562466.83,2286.73
2019,Wheat,Rajasthan,Rabi,217.91,1882.4,21.8,321.6,16.22,71.6,409246.65,1878.05
2010,Sugarcane,Punjab,Whole Year,283.73,1309.2,36.7,334.6,7.25,62.0,15030065.39,52973.13
2013,Millet,Madhya Pradesh,Kharif,12.2,1275.4,36.5,257.4,10.55,63.4,9931.2,814.03
2016,Sorghum,Haryana,Kharif,495.05,1630.0,24.0,253.6,17.89,69.3,396550.88,801.03
2023,Wheat,Punjab,Whole Year,279.2,646.0,33.8,312.3,8.0,86.7,573501.2,2054.09
2007,Sorghum,Gujarat,Zaid,18.56,2275.9,22.8,367.1,2.09,39.5,20613.91,1110.66
2019,Sugarcane,Bihar,Kharif,295.4,1323.2,16.9,197.4,19.9,69.0,21038131.25,71219.13
2006,Wheat,Uttar Pradesh,Kharif,219.1,1106.4,28.6,90.2,4.02,50.9,879138.41,4012.5
2006,Sunflower,Madhya Pradesh,Kharif,12.99,578.7,26.8,343.6,1.45,67.1,9713.04,747.73
2007,Groundnut,Karnataka,Kharif,462.29,669.5,18.7,169.6,8.51,63.7,884705.27,1913.75
2010,Barley,Punjab,Whole Year,6.27,2324.8,28.2,96.8,2.87,31.9,22357.96,3565.86
2019,Soybean,Maharashtra,Whole Year,289.36,1304.6,40.6,265.1,19.59,67.9,278632.3,962.93
2014,Groundnut,West Bengal,Whole Year,480.93,1888.8,34.7,252.3,7.93,76.1,896162.49,1863.39
2013,Cotton,Andhra Pradesh,Whole Year,119.56,477.1,34.9,216.0,16.6,46.0,28203.32,235.89
2005,Sunflower,Punjab,Zaid,127.84,1715.6,35.5,350.9,3.94,36.9,82645.74,646.48
2020,Rice,Bihar,Whole Year,1.21,2327.3,35.1,145.3,3.21,43.8,4954.02,4094.23
2010,Wheat,Punjab,Whole Year,34.11,959.9,15.5,54.6,13.16,71.4,78714.8,2307.68
2013,Sorghum,Uttar Pradesh,Kharif,23.4,1574.1,40.0,163.2,18.23,60.5,15403.41,658.27
2008,Rice,Gujarat,Zaid,411.51,2368.5,37.4,53.4,2.73,86.2,2166095.37,5263.77
2006,Maize,West Bengal,Kharif,418.53,1882.5,22.4,240.3,11.99,48.5,1238867.53,2960.04
2008,Wheat,Madhya Pradesh,Zaid,363.62,437.1,29.9,182.4,2.16,53.7,1318728.74,3626.67
2005,Cotton,Madhya Pradesh,Rabi,177.02,1133.2,31.6,334.9,16.34,64.3,46954.54,265.25
2023,Sugarcane,West Bengal,Zaid,410.81,488.7,18.6,329.2,18.23,59.9,18452727.26,44917.91
2014,Barley,Uttar Pradesh,Zaid,270.35,2194.9,21.9,202.1,12.76,65.6,982442.32,3633.96
2019,Cotton,Tamil Nadu,Kharif,152.85,1667.7,15.6,125.8,13.92,50.3,99770.22,652.73
2023,Sorghum,Bihar,Zaid,219.2,2404.0,38.3,197.9,1.58,40.8,295473.25,1347.96
2020,Sugarcane,Uttar Pradesh,Zaid,33.82,343.5,15.7,274.5,1.92,82.2,2360767.06,69803.88
2008,Potato,Maharashtra,Kharif,472.51,1230.8,23.6,116.6,4.0,32.6,11209921.7,23724.2
2006,Soybean,Rajasthan,Rabi,309.94,529.6,17.1,320.6,5.84,54.0,274186.05,884.64
2017,Sugarcane,Maharashtra,Rabi,365.89,1071.1,36.1,165.7,15.32,35.7,20804278.95,56859.38
2005,Wheat,Uttar Pradesh,Rabi,338.62,656.2,40.0,376.3,8.99,77.9,130841.62,386.4
2021,Rice,Karnataka,Zaid,334.21,1023.3,30.2,229.2,2.03,53.8,1250139.37,3740.58
2017,Rice,Tamil Nadu,Kharif,9.61,2102.4,18.8,346.5,17.13,32.0,18147.95,1888.44
2008,Sorghum,Karnataka,Rabi,263.16,653.5,30.1,265.6,19.88,34.9,120017.41,456.06
2011,Sugarcane,Maharashtra,Rabi,411.03,1342.1,35.8,244.1,9.37,42.9,27817996.9,67678.75
2021,Cotton,West Bengal,Rabi,23.21,2327.5,34.4,288.7,10.48,81.1,13628.18,587.17
2013,Sunflower,Maharashtra,Rabi,478.13,2497.3,35.0,334.0,2.03,81.9,543327.05,1136.36
2008,Sorghum,Haryana,Kharif,212.66,851.4,22.5,275.6,7.97,94.8,204262.95,960.51
2023,Potato,Gujarat,Rabi,145.66,2358.2,17.0,329.0,7.75,45.7,2697110.76,18516.48
2005,Barley,Andhra Pradesh,Zaid,266.38,875.1,19.0,116.7,19.33,33.9,346926.2,1302.37
2014,Sorghum,Haryana,Zaid,400.81,1209.8,40.8,147.1,13.38,48.4,393773.53,982.44
2008,Sorghum,Uttar Pradesh,Kharif,237.9,2231.4,31.6,130.4,15.75,41.6,306468.17,1288.22
2013,Soybean,Punjab,Whole Year,322.91,2029.6,34.7,329.4,3.0,76.2,405886.37,1256.96
2017,Groundnut,Karnataka,Rabi,250.46,2186.5,39.3,80.1,8.63,93.0,528367.56,2109.59
2018,Wheat,Rajasthan,Rabi,316.0,2060.6,38.0,328.6,4.24,47.7,1052911.56,3332.0
2014,Soybean,Haryana,Zaid,69.88,817.1,20.9,186.2,17.27,51.4,83179.64,1190.32
2010,Rice,Bihar,Kharif,20.29,1529.3,16.6,77.8,3.47,52.8,55752.34,2747.77
2020,Rice,Tamil Nadu,Whole Year,69.31,1147.6,40.0,198.5,9.06,85.7,174804.47,2522.07
2010,Sunflower,Karnataka,Zaid,143.63,1311.4,41.5,155.2,1.55,67.6,189633.83,1320.29
2021,Maize,Haryana,Whole Year,127.42,638.7,30.3,257.2,12.87,93.3,245534.44,1926.97
2014,Maize,West Bengal,Kharif,307.97,994.7,39.0,215.4,9.9,70.8,567755.02,1843.54
2022,Sunflower,Madhya Pradesh,Kharif,228.49,2186.8,21.3,153.9,10.21,75.9,253859.72,1111.03
2022,Cotton,Andhra Pradesh,Kharif,20.37,2274.6,18.0,351.8,2.48,35.8,12763.62,626.59
2007,Rice,Maharashtra,Zaid,18.4,1642.3,28.5,192.4,10.52,91.9,56414.07,3065.98
2019,Groundnut,Maharashtra,Kharif,46.2,1396.2,36.9,214.7,11.49,70.8,75005.44,1623.49
2019,Soybean,Haryana,Zaid,177.19,1868.2,32.7,346.3,19.28,63.8,103771.22,585.65
2008,Barley,Uttar Pradesh,Zaid,4.09,1639.5,32.2,81.2,1.15,55.2,11498.36,2811.33
2013,Groundnut,Tamil Nadu,Rabi,247.5,2464.1,15.5,186.5,18.49,35.0,452088.58,1826.62
2023,Potato,Uttar Pradesh,Zaid,180.97,718.2,23.6,191.0,9.85,38.7,3147809.93,17394.1
2021,Sunflower,Karnataka,Zaid,278.17,1287.9,40.4,223.5,4.6,30.8,360794.02,1297.03
2015,Maize,Gujarat,Rabi,360.69,2320.1,18.6,87.1,13.48,94.9,1526078.68,4231.0
2013,Sugarcane,Andhra Pradesh,Whole Year,126.24,2312.4,34.6,85.9,10.58,81.1,13991395.14,110831.71
2014,Groundnut,Andhra Pradesh,Rabi,79.38,1389.8,35.5,195.7,4.92,81.8,152406.03,1919.96
2022,Sunflower,Maharashtra,Rabi,139.75,596.6,34.8,61.6,12.72,77.5,95423.25,682.81
2017,Groundnut,Andhra Pradesh,Kharif,1.88,2092.9,41.7,139.2,9.73,61.5,3655.13,1944.22
2012,Potato,Uttar Pradesh,Kharif,60.89,1587.4,26.0,120.4,13.94,35.7,1412804.69,23202.57
2011,Groundnut,Tamil Nadu,Rabi,375.66,2001.0,33.4,221.3,13.94,34.7,684911.99,1823.22
2021,Groundnut,Tamil Nadu,Kharif,112.18,1317.6,20.2,53.9,9.72,89.6,190693.12,1699.89
2019,Groundnut,Maharashtra,Rabi,497.16,748.5,25.8,286.5,8.12,30.0,635887.31,1279.04
2019,Maize,Haryana,Kharif,84.75,352.8,28.3,349.5,1.73,75.4,135091.17,1594.0
2005,Rice,Madhya Pradesh,Zaid,394.6,1530.1,20.8,297.4,10.13,70.9,874450.82,2216.04
2018,Sorghum,Tamil Nadu,Kharif,352.82,654.3,39.5,336.3,5.24,62.6,187020.52,530.07
2009,Groundnut,Uttar Pradesh,Kharif,161.74,711.7,34.3,275.2,1.54,93.4,227860.2,1408.81
2015,Groundnut,Punjab,Zaid,166.04,1259.9,22.7,227.6,6.94,42.9,291873.37,1757.85
2020,Wheat,Haryana,Rabi,282.21,1272.6,18.6,126.7,2.21,81.0,1202109.02,4259.63
2006,Rice,Gujarat,Kharif,426.33,903.7,22.8,147.9,11.8,73.9,1267713.19,2973.55
2012,Sorghum,Rajasthan,Kharif,193.71,590.2,31.8,161.2,10.32,93.3,176342.88,910.34
2015,Barley,Bihar,Zaid,31.53,2378.9,37.3,63.3,15.95,90.7,86487.9,2743.04
2022,Barley,West Bengal,Zaid,187.84,589.6,28.6,369.6,5.72,38.4,186689.63,993.88
2007,Sugarcane,Andhra Pradesh,Zaid,104.45,1071.7,17.8,365.1,7.74,50.0,2962462.11,28362.49
2005,Sunflower,Andhra Pradesh,Whole Year,469.66,970.7,21.7,87.7,13.93,85.3,556229.79,1184.32
2015,Millet,Punjab,Zaid,348.94,2205.9,24.3,244.8,19.86,44.9,314818.76,902.21
2020,Soybean,Haryana,Rabi,26.37,1202.1,32.2,213.7,18.13,54.6,36382.37,1379.69
2022,Wheat,Maharashtra,Kharif,147.2,572.9,21.7,289.2,10.66,70.7,345103.43,2344.45
2020,Rice,Uttar Pradesh,Kharif,26.06,322.6,21.3,261.1,13.72,66.6,52827.56,2027.15
2014,Rice,Punjab,Whole Year,415.18,1888.3,22.7,93.5,10.87,71.6,1543797.37,3718.38
2022,Millet,West Bengal,Kharif,453.24,1871.9,31.0,281.0,8.98,76.4,412419.56,909.94
2010,Sugarcane,Tamil Nadu,Kharif,57.03,1219.1,28.3,263.1,12.24,77.4,3929259.67,68898.12
2023,Cotton,Maharashtra,Rabi,220.7,577.9,37.7,235.9,8.04,77.9,80805.29,366.13
2008,Maize,Bihar,Kharif,466.01,1117.6,33.8,190.8,5.96,94.5,1271479.9,2728.44
2017,Sugarcane,Bihar,Rabi,73.46,1597.7,33.0,384.2,14.26,53.2,2537866.71,34547.6
2018,Potato,Rajasthan,Whole Year,146.66,1848.7,19.2,347.3,17.5,32.9,2087584.95,14234.18
2007,Sorghum,Madhya Pradesh,Rabi,152.83,472.1,16.5,254.8,6.12,52.7,154159.17,1008.7
2014,Sugarcane,Maharashtra,Zaid,16.0,1523.9,28.8,52.2,14.28,89.3,1500235.08,93764.69
2010,Millet,Punjab,Zaid,19.1,907.5,16.9,201.2,8.96,35.4,14427.96,755.39
2005,Millet,Gujarat,Whole Year,476.44,1658.0,24.8,295.1,6.39,72.1,350578.3,735.83
2018,Soybean,Punjab,Kharif,285.98,1725.9,15.7,91.1,12.61,57.5,454397.85,1588.91
2012,Wheat,Punjab,Rabi,154.02,2303.3,19.8,192.3,18.82,89.9,591965.1,3843.43
2023,Potato,Punjab,Zaid,189.96,1202.8,18.0,117.1,7.36,90.4,4394033.29,23131.36
2018,Groundnut,Maharashtra,Rabi,357.71,1482.7,36.6,168.4,15.31,81.0,621201.22,1736.61
2014,Sunflower,Punjab,Zaid,183.89,890.1,24.3,59.3,6.64,36.4,208852.09,1135.74
2021,Barley,Haryana,Rabi,114.65,930.4,17.1,94.4,16.18,31.6,222799.43,1943.3
2013,Millet,Maharashtra,Kharif,51.82,401.3,22.2,209.2,15.32,38.9,49521.42,955.64
2010,Soybean,Tamil Nadu,Whole Year,364.74,929.4,33.4,364.4,15.43,50.9,61049.96,167.38
2015,Maize,Haryana,Kharif,91.1,440.4,35.1,221.7,19.96,45.7,165823.53,1820.24
2011,Barley,West Bengal,Rabi,35.75,2420.6,18.2,208.6,3.24,54.0,135767.13,3797.68
2021,Cotton,Tamil Nadu,Zaid,214.05,1673.4,36.0,325.6,8.08,39.3,101514.77,474.26
2005,Rice,Rajasthan,Zaid,20.75,680.9,25.0,143.7,12.8,78.9,58655.07,2826.75
2009,Maize,Andhra Pradesh,Whole Year,482.53,556.9,33.3,83.3,12.01,84.9,1363038.07,2824.77
2013,Cotton,Maharashtra,Kharif,314.02,1114.3,33.1,123.4,15.72,61.7,161876.07,515.5
2022,Barley,Andhra Pradesh,Kharif,77.2,976.8,36.4,327.0,1.41,92.2,161527.05,2092.32
2006,Maize,Maharashtra,Kharif,87.05,914.4,33.8,287.0,14.25,37.8,209340.45,2404.83
2015,Soybean,Tamil Nadu,Zaid,285.34,1330.0,16.0,82.0,14.89,36.9,430916.98,1510.19
2010,Cotton,Rajasthan,Whole Year,178.93,2308.3,29.0,283.5,1.69,43.0,145114.12,811.01
2012,Rice,Uttar Pradesh,Zaid,387.36,1549.7,19.5,376.0,11.0,93.8,649848.93,1677.64
2008,Groundnut,Uttar Pradesh,Kharif,273.36,1446.7,41.2,65.7,5.28,57.1,493984.56,1807.08
2022,Soybean,Haryana,Rabi,217.23,2074.4,21.9,265.7,16.13,90.1,258208.71,1188.64
2015,Sorghum,Punjab,Zaid,481.53,308.9,26.3,182.7,1.47,43.1,547689.35,1137.39
2009,Rice,Punjab,Whole Year,195.97,734.2,20.3,225.4,3.35,85.0,535319.5,2731.64
2019,Wheat,Uttar Pradesh,Kharif,200.9,1391.6,18.6,234.9,2.54,50.2,777549.94,3870.33
2022,Sugarcane,Tamil Nadu,Rabi,333.22,1851.7,31.2,319.9,1.77,77.7,30427176.39,91312.58
2006,Potato,Madhya Pradesh,Zaid,404.93,1367.1,28.3,245.0,12.2,93.3,7825247.31,19324.94
2015,Wheat,Rajasthan,Rabi,313.48,660.2,25.1,257.6,17.44,90.6,636754.67,2031.24
2017,Sunflower,Haryana,Rabi,349.61,2346.0,17.3,166.5,10.46,84.0,583884.6,1670.1
2008,Millet,Tamil Nadu,Whole Year,187.09,1023.1,34.9,94.1,4.61,33.3,178577.29,954.5
2011,Groundnut,Punjab,Zaid,240.27,2034.1,15.2,289.0,7.2,69.5,301381.03,1254.34
2015,Sorghum,Haryana,Whole Year,99.32,2261.1,27.4,50.2,7.53,84.3,149953.47,1509.8
2008,Sorghum,Andhra Pradesh,Kharif,340.44,1062.2,32.1,165.1,9.31,56.0,330730.29,971.48
2019,Sugarcane,Madhya Pradesh,Rabi,111.5,2159.7,26.6,126.3,8.7,77.5,13707187.84,122934.42
2005,Cotton,Karnataka,Whole Year,1.63,1863.7,18.4,186.0,13.59,39.0,915.45,561.63
2007,Sugarcane,West Bengal,Whole Year,466.95,2289.4,36.0,158.9,7.13,41.5,48807060.19,104523.1
2018,Millet,Bihar,Kharif,153.7,852.9,23.7,296.5,13.43,71.8,85567.85,556.72
2010,Wheat,Madhya Pradesh,Zaid,99.12,2348.8,18.6,141.1,11.16,58.4,468442.78,4726.02
2022,Sunflower,Haryana,Whole Year,134.81,443.7,29.9,246.3,1.45,44.2,145337.42,1078.09
2005,Sorghum,Punjab,Rabi,165.89,2046.1,15.5,209.5,18.43,48.4,195315.27,1177.38
2010,Wheat,Tamil Nadu,Rabi,237.8,1258.5,23.7,330.4,3.97,70.2,515345.65,2167.14
2010,Rice,Andhra Pradesh,Rabi,35.61,691.4,35.3,199.8,9.3,77.1,78135.4,2194.2
2020,Groundnut,West Bengal,Rabi,27.28,474.7,39.6,352.4,18.98,43.5,5248.81,192.41
2009,Maize,Madhya Pradesh,Whole Year,147.16,1157.0,31.0,50.1,5.32,92.1,540866.78,3675.37
2021,Millet,West Bengal,Rabi,148.59,1156.5,20.9,261.7,0.93,30.5,120105.59,808.3
2014,Potato,Haryana,Whole Year,59.71,805.9,20.9,53.4,10.06,75.5,1528736.93,25602.7
2022,Maize,West Bengal,Zaid,202.99,774.1,31.3,299.9,4.87,48.9,270312.11,1331.65
2011,Millet,Andhra Pradesh,Rabi,142.73,1178.9,26.0,132.2,11.85,61.1,169559.78,1187.98
2007,Barley,Rajasthan,Zaid,14.0,1202.3,19.8,183.0,16.43,67.0,32223.98,2301.71
2017,Groundnut,Bihar,Whole Year,442.97,1273.2,36.3,183.2,10.47,66.5,693932.03,1566.54
2019,Rice,Tamil Nadu,Kharif,443.12,2211.3,20.4,346.2,13.08,80.5,1032711.31,2330.55
2023,Groundnut,Haryana,Zaid,105.38,1644.8,23.7,85.7,13.49,83.5,241514.06,2291.84
2007,Cotton,West Bengal,Rabi,82.27,345.0,16.7,283.4,16.5,34.8,30319.09,368.53
2008,Millet,Rajasthan,Kharif,274.1,1442.0,33.9,393.4,13.91,75.7,66637.97,243.12
2009,Potato,Tamil Nadu,Zaid,315.75,1977.4,22.4,57.8,19.54,55.9,6058345.38,19187.16
2005,Maize,Maharashtra,Whole Year,478.81,424.1,21.3,388.1,9.4,83.2,213948.85,446.83
2008,Millet,Rajasthan,Whole Year,189.3,1229.7,23.2,56.4,1.48,69.6,200334.6,1058.29
2016,Cotton,Maharashtra,Whole Year,309.48,1292.7,38.6,344.4,8.18,30.7,106653.51,344.62
2014,Millet,Bihar,Zaid,439.21,2398.8,29.0,386.4,16.88,73.3,196691.01,447.83
2017,Groundnut,Maharashtra,Whole Year,225.53,1346.5,19.3,397.6,3.09,90.2,111555.17,494.64
2018,Soybean,Rajasthan,Zaid,62.05,1949.8,35.9,210.7,14.85,35.4,80265.82,1293.57
2009,Millet,West Bengal,Rabi,189.35,966.4,20.6,353.4,10.95,62.1,104465.27,551.7
2008,Barley,Maharashtra,Rabi,69.15,2014.5,26.1,92.8,18.06,70.7,205554.32,2972.59
2018,Barley,West Bengal,Zaid,9.3,1009.9,30.3,198.9,14.76,42.7,22595.63,2429.64
2014,Sorghum,West Bengal,Zaid,376.02,1246.1,30.8,157.8,13.38,72.3,395867.31,1052.78
2021,Barley,Tamil Nadu,Kharif,119.97,1354.9,16.9,188.3,17.79,33.2,308346.76,2570.2
2014,Potato,Gujarat,Whole Year,2.0,2338.0,37.6,295.7,18.21,88.9,31916.25,15958.12
2011,Millet,Andhra Pradesh,Rabi,436.34,417.6,27.9,80.6,8.01,79.6,320710.35,735.0
2020,Sunflower,West Bengal,Rabi,222.45,733.1,41.7,399.4,18.59,91.2,21959.27,98.72
2005,Millet,Tamil Nadu,Kharif,120.19,1852.6,34.4,272.3,1.57,57.2,137663.3,1145.38
2021,Soybean,Karnataka,Zaid,132.13,1570.7,41.8,355.7,15.37,32.2,24726.64,187.14
2013,Barley,Bihar,Zaid,121.03,853.4,27.2,340.4,7.06,52.2,203464.13,1681.1
2010,Wheat,Maharashtra,Kharif,98.08,936.2,18.8,318.1,10.0,63.5,130147.0,1326.95
2023,Millet,Bihar,Whole Year,420.77,1108.1,34.6,63.7,16.8,90.8,386050.22,917.49
2017,Potato,Haryana,Zaid,86.0,1290.8,36.0,230.8,12.92,87.4,1897753.23,22066.9
2007,Rice,Madhya Pradesh,Zaid,281.37,2099.7,38.0,164.9,9.42,68.6,1129619.51,4014.71
2011,Rice,West Bengal,Whole Year,39.58,330.4,23.1,89.5,3.7,77.4,134630.3,3401.47
2013,Maize,Rajasthan,Whole Year,474.81,2275.6,28.8,170.0,18.82,92.0,1800931.66,3792.95
2009,Potato,Maharashtra,Kharif,302.05,1208.7,38.2,275.7,6.98,85.3,5105462.64,16902.71
2014,Soybean,Maharashtra,Kharif,451.67,807.1,38.3,130.7,2.47,72.8,621754.52,1376.57
2021,Cotton,Karnataka,Kharif,199.54,1418.5,15.7,205.6,11.5,65.1,106971.21,536.09
2016,Wheat,Haryana,Zaid,405.53,1751.3,33.1,191.6,8.42,60.9,1524562.62,3759.43
2020,Millet,Tamil Nadu,Kharif,426.97,398.5,31.2,68.4,12.01,79.2,300366.7,703.48
2007,Groundnut,Karnataka,Zaid,351.77,1874.7,17.3,269.8,5.05,82.6,720345.5,2047.77
2013,Sugarcane,Andhra Pradesh,Rabi,47.38,1973.7,40.1,266.6,7.89,44.1,3023322.6,63810.1
2019,Sugarcane,Maharashtra,Whole Year,9.02,665.6,27.0,388.2,19.46,60.8,140095.02,15531.6
2009,Cotton,West Bengal,Whole Year,85.11,669.3,33.2,154.3,18.76,80.1,34590.41,406.42
2017,Sorghum,West Bengal,Rabi,59.93,748.3,38.8,196.6,17.36,73.9,31471.47,525.14
2018,Groundnut,Bihar,Kharif,362.84,2052.6,18.5,191.3,15.69,68.5,730831.27,2014.2
2019,Sugarcane,Karnataka,Zaid,278.95,898.4,38.1,371.9,3.55,51.0,3812405.24,13666.98
2020,Cotton,Bihar,Zaid,263.45,2051.1,34.6,193.0,9.61,69.6,178309.3,676.82
2017,Potato,Andhra Pradesh,Zaid,127.18,1489.2,37.7,205.0,14.69,69.8,3392517.59,26674.93
2021,Sugarcane,Uttar Pradesh,Whole Year,78.15,1987.8,28.4,138.3,5.6,58.1,8033070.64,102790.41
2012,Soybean,Punjab,Kharif,104.07,1518.1,15.9,50.4,1.14,92.4,169948.93,1633.03
2006,Potato,Rajasthan,Zaid,200.74,1038.7,33.1,88.7,8.65,72.5,5116061.32,25486.01
2009,Maize,Rajasthan,Zaid,370.33,2303.6,25.1,296.4,8.79,85.3,1372707.96,3706.72
2010,Sorghum,Uttar Pradesh,Zaid,128.0,1873.7,25.9,288.9,1.77,38.4,173596.15,1356.22
2016,Soybean,Maharashtra,Rabi,349.61,1364.9,26.9,162.9,6.75,79.2,523439.24,1497.21
2022,Groundnut,Tamil Nadu,Zaid,246.26,1702.3,28.3,215.6,18.39,69.1,423856.27,1721.17
2005,Cotton,Haryana,Rabi,442.83,1654.9,32.9,154.1,5.38,50.0,286777.91,647.6
2021,Wheat,Bihar,Zaid,117.22,1087.9,34.6,305.8,11.6,38.9,261928.62,2234.5
2015,Groundnut,Uttar Pradesh,Zaid,225.98,1232.3,36.0,344.9,10.01,54.7,183125.96,810.36
2014,Groundnut,Andhra Pradesh,Zaid,49.24,1000.2,33.1,364.7,17.31,58.7,28567.14,580.16
2023,Barley,Madhya Pradesh,Rabi,168.24,2498.9,36.7,110.9,13.24,39.1,593063.43,3525.1
2018,Wheat,West Bengal,Zaid,253.93,1576.1,18.3,293.3,3.59,73.6,857550.61,3377.11
2014,Rice,Punjab,Kharif,366.64,502.5,37.6,387.1,3.29,50.0,109366.23,298.29
2019,Barley,Maharashtra,Zaid,99.84,1442.0,25.5,277.7,11.37,82.4,166549.67,1668.17
2023,Cotton,Punjab,Rabi,109.83,409.9,29.3,172.8,1.41,72.1,51009.66,464.44
2008,Rice,Haryana,Rabi,316.16,935.0,26.7,272.6,8.17,50.2,597687.27,1890.46
2006,Sugarcane,West Bengal,Kharif,191.85,1281.1,27.8,290.9,8.28,53.4,18466267.61,96253.68
2013,Potato,Andhra Pradesh,Whole Year,241.57,1475.4,22.7,189.0,4.33,91.2,7018592.29,29054.07
2014,Sugarcane,Rajasthan,Kharif,418.23,2447.6,19.6,86.4,6.37,91.6,49330353.43,117950.3
2015,Groundnut,Haryana,Kharif,250.04,2460.9,17.8,262.3,6.93,57.2,480562.01,1921.94
2018,Barley,Uttar Pradesh,Rabi,326.6,515.8,27.2,330.7,0.73,74.1,593889.65,1818.4
2011,Millet,Rajasthan,Zaid,328.73,1483.9,18.4,399.2,16.21,93.7,60718.25,184.71
2019,Wheat,Rajasthan,Zaid,402.0,2097.6,21.6,128.1,19.17,94.6,1634471.35,4065.85
2023,Potato,Andhra Pradesh,Whole Year,319.43,823.0,18.6,295.1,6.14,34.7,5553720.67,17386.35
2019,Rice,Uttar Pradesh,Whole Year,33.34,1951.2,17.9,59.8,2.68,66.0,133952.37,4017.77
2012,Wheat,Karnataka,Whole Year,171.74,2233.0,38.8,389.4,19.09,77.2,217844.89,1268.46
2015,Barley,Haryana,Whole Year,494.67,1757.5,33.2,54.4,14.94,42.1,1168227.53,2361.63
2013,Groundnut,Tamil Nadu,Kharif,99.06,1020.9,39.9,175.6,17.88,83.4,126524.22,1277.25
2019,Soybean,Gujarat,Kharif,293.78,2330.9,32.4,76.7,7.54,60.4,610591.26,2078.4
2005,Sugarcane,Madhya Pradesh,Zaid,421.63,2243.7,37.8,267.3,9.94,62.4,37764122.74,89566.97
2005,Rice,West Bengal,Kharif,293.69,1874.8,30.0,168.8,18.64,47.8,910433.46,3099.98
2023,Rice,Andhra Pradesh,Zaid,186.76,1100.1,27.5,306.5,9.46,49.5,425669.75,2279.23
2007,Cotton,West Bengal,Zaid,41.03,2042.2,29.3,220.2,13.61,35.5,22019.82,536.68
2014,Rice,Haryana,Zaid,181.47,995.4,23.6,196.8,14.24,90.5,445553.43,2455.25
2012,Potato,Uttar Pradesh,Zaid,91.85,856.5,32.8,172.0,16.82,54.8,1624950.74,17691.35
2019,Barley,Tamil Nadu,Rabi,480.47,1433.0,39.2,80.1,19.52,40.5,880378.24,1832.33
2014,Sunflower,Gujarat,Zaid,357.8,2493.7,36.1,121.7,7.03,39.3,656891.39,1835.92
2005,Rice,Bihar,Kharif,374.94,2069.5,27.5,273.7,5.33,56.5,1302869.11,3474.87
2022,Rice,Punjab,Kharif,218.55,1905.5,40.8,223.9,2.02,71.1,734522.48,3360.89
2006,Wheat,Tamil Nadu,Kharif,55.87,1294.4,41.6,74.5,17.2,80.6,167938.82,3005.89
2023,Sunflower,Andhra Pradesh,Kharif,134.09,986.3,28.3,240.4,6.21,90.1,140469.35,1047.58
2017,Potato,West Bengal,Rabi,130.6,2183.0,38.3,68.9,1.47,71.3,3905283.63,29902.63
2005,Groundnut,Tamil Nadu,Whole Year,243.9,1549.0,15.1,229.1,17.37,57.3,273389.05,1120.91
2006,Maize,Maharashtra,Whole Year,231.03,2089.2,16.8,387.7,10.44,57.4,375493.31,1625.3
2020,Sunflower,Uttar Pradesh,Zaid,217.27,1373.1,15.6,157.6,16.85,67.3,229023.47,1054.1
2019,Rice,Uttar Pradesh,Zaid,248.49,1958.7,35.9,303.2,11.31,65.0,508833.07,2047.7
2017,Millet,Maharashtra,Kharif,493.52,2209.0,17.2,310.9,6.62,71.7,440544.95,892.66
2020,Groundnut,Rajasthan,Kharif,149.88,1161.1,15.5,191.7,3.03,62.7,259221.82,1729.53
2021,Sorghum,Rajasthan,Whole Year,308.02,329.9,19.0,257.7,9.02,33.8,153633.37,498.78
2011,Cotton,Haryana,Whole Year,120.51,860.8,23.3,215.2,1.02,62.5,66582.67,552.51
2021,Sunflower,Karnataka,Kharif,233.84,2312.8,27.5,149.2,12.25,31.5,380631.92,1627.75
2011,Wheat,Punjab,Zaid,100.82,1812.6,16.8,314.2,8.84,41.7,230347.91,2284.74
2017,Cotton,Maharashtra,Rabi,279.54,1921.9,28.5,296.0,3.26,55.2,173995.69,622.44
2009,Soybean,Haryana,Rabi,133.24,1015.6,21.7,365.2,10.84,65.8,74014.47,555.5
2021,Rice,West Bengal,Whole Year,19.36,1842.8,22.4,266.3,16.12,42.0,43398.84,2241.68
2007,Sunflower,Maharashtra,Whole Year,407.82,1721.8,37.2,186.1,19.51,48.0,514611.06,1261.86
2011,Sugarcane,Karnataka,Whole Year,65.0,692.4,41.6,299.9,10.78,54.3,3342567.81,51424.12
2021,Millet,Madhya Pradesh,Rabi,184.65,2431.1,27.5,266.7,3.03,42.8,214964.52,1164.17
2011,Wheat,Maharashtra,Rabi,239.11,1078.9,23.7,265.8,16.31,94.9,557996.61,2333.64
2005,Cotton,Karnataka,Kharif,216.81,1024.4,40.1,347.4,14.07,82.3,34150.24,157.51
2021,Rice,Karnataka,Zaid,363.11,1112.2,28.5,368.7,19.1,82.7,195994.37,539.77
2021,Sugarcane,Karnataka,Whole Year,298.79,501.8,34.7,113.1,10.94,67.0,16577755.69,55482.97
2015,Sugarcane,Madhya Pradesh,Kharif,148.39,1674.9,26.2,159.9,7.46,92.5,14777311.29,99584.28
2007,Soybean,Uttar Pradesh,Rabi,26.8,825.0,20.5,277.6,19.28,77.6,15669.17,584.67
2019,Groundnut,Tamil Nadu,Kharif,384.03,2067.3,32.7,245.0,11.0,51.5,474092.95,1234.52
2015,Millet,Uttar Pradesh,Rabi,176.91,1167.1,33.0,278.3,0.81,69.7,189752.22,1072.59
2020,Maize,Haryana,Zaid,444.97,1308.8,27.4,201.6,9.74,65.3,1775699.06,3990.6
2013,Millet,Uttar Pradesh,Rabi,198.13,1722.1,22.3,194.4,0.55,67.7,238746.82,1205.0
2005,Soybean,Madhya Pradesh,Kharif,359.11,1976.1,37.5,91.2,14.89,83.2,462953.07,1289.17
2020,Barley,Uttar Pradesh,Zaid,469.84,808.5,22.4,268.3,11.54,63.1,1185970.31,2524.2
2013,Potato,West Bengal,Rabi,325.93,2425.8,32.8,111.5,2.64,77.4,11561040.19,35470.93
2023,Groundnut,Maharashtra,Whole Year,207.33,1669.1,25.4,284.9,16.35,46.3,271443.71,1309.24
2016,Wheat,Uttar Pradesh,Rabi,284.13,312.4,27.8,388.5,10.96,90.6,290805.23,1023.49
2023,Sunflower,Gujarat,Zaid,272.18,1214.4,20.7,139.7,2.72,35.6,359823.87,1322.01
2013,Groundnut,Karnataka,Kharif,292.83,1261.0,32.5,99.8,3.62,94.6,447757.35,1529.07
2011,Soybean,Maharashtra,Zaid,74.26,2080.2,21.1,58.5,16.53,71.1,110432.48,1487.11
2018,Soybean,Rajasthan,Kharif,349.56,971.3,28.1,182.6,7.43,60.5,524990.76,1501.86
2023,Wheat,West Bengal,Rabi,73.38,1028.7,23.9,125.1,16.51,50.2,308851.91,4208.94
2023,Wheat,Madhya Pradesh,Rabi,8.29,455.1,41.0,222.2,1.86,56.3,19475.14,2349.23
2006,Wheat,Tamil Nadu,Zaid,312.77,923.8,41.5,233.5,5.26,80.9,707497.17,2262.04
2013,Groundnut,West Bengal,Whole Year,59.34,1877.3,35.3,172.3,15.41,39.1,107224.71,1806.96
2017,Potato,Karnataka,Rabi,385.44,1696.5,41.6,312.5,13.01,46.4,5623391.2,14589.54
2019,Rice,Maharashtra,Whole Year,433.12,479.1,18.1,366.7,6.48,38.0,667446.05,1541.02
2007,Cotton,Tamil Nadu,Whole Year,472.42,552.3,41.8,124.0,18.75,57.7,178350.44,377.53
2015,Sorghum,Punjab,Zaid,332.57,1129.2,17.8,342.7,4.62,55.2,333329.56,1002.28
2018,Wheat,Andhra Pradesh,Rabi,241.53,1936.3,26.2,95.9,17.07,72.2,1111297.85,4601.08
2012,Cotton,West Bengal,Whole Year,176.79,2132.4,21.5,130.0,14.07,94.7,137264.71,776.43
2022,Potato,Tamil Nadu,Rabi,245.97,332.2,40.8,246.5,2.86,88.0,2706760.35,11004.43
2023,Sorghum,Haryana,Kharif,95.99,1023.8,32.2,157.3,11.32,87.2,97598.06,1016.75
2020,Groundnut,Tamil Nadu,Whole Year,174.86,1233.4,31.1,64.6,18.63,72.0,278634.6,1593.47
2006,Cotton,Andhra Pradesh,Zaid,359.25,2304.5,41.9,153.2,12.57,47.6,170619.0,474.93
2012,Wheat,Karnataka,Zaid,109.49,1403.1,31.5,366.7,10.81,55.0,140743.77,1285.45
2010,Maize,Maharashtra,Whole Year,132.77,893.3,32.4,111.0,7.64,46.3,405829.8,3056.64
2016,Soybean,Punjab,Rabi,374.91,1158.1,16.2,317.3,15.88,38.8,203343.94,542.38
2019,Sunflower,Haryana,Kharif,89.74,1260.2,38.2,302.8,18.3,58.3,87438.57,974.35
2012,Sunflower,Tamil Nadu,Kharif,123.7,1774.0,41.2,87.2,15.19,88.3,168613.79,1363.09
2008,Cotton,Gujarat,Zaid,9.76,390.4,40.9,165.3,14.64,78.3,3375.56,345.86
2019,Sunflower,Uttar Pradesh,Zaid,360.31,1156.8,21.0,116.3,4.25,94.0,413604.52,1147.91
2021,Sugarcane,Karnataka,Rabi,309.33,1722.4,21.1,58.1,16.76,42.7,24802963.87,80182.86
2017,Sugarcane,West Bengal,Zaid,347.5,923.3,24.9,110.6,1.29,62.5,38637610.89,111187.37
2022,Cotton,West Bengal,Rabi,107.95,1601.9,23.4,120.6,15.27,81.5,62806.27,581.81
2006,Wheat,Andhra Pradesh,Whole Year,344.0,1086.0,23.3,108.1,4.61,59.9,1296424.67,3768.68
2017,Millet,Karnataka,Kharif,298.59,1969.2,31.3,81.9,10.0,53.1,293658.43,983.48
2017,Wheat,Haryana,Whole Year,183.7,433.3,36.8,234.2,14.06,83.0,372359.97,2027.0
2019,Groundnut,Rajasthan,Zaid,219.48,2319.5,40.3,162.9,15.3,58.0,442889.68,2017.9
2014,Wheat,Punjab,Kharif,284.39,677.5,16.8,367.9,17.82,89.3,149206.15,524.65
2007,Groundnut,Madhya Pradesh,Kharif,247.15,648.8,22.5,115.5,6.01,47.4,359742.3,1455.56
2023,Millet,Haryana,Whole Year,321.27,2149.4,21.9,261.0,4.87,88.3,368514.54,1147.06
2007,Maize,Punjab,Rabi,91.31,2212.4,24.7,365.2,19.93,48.1,152669.02,1671.99
2018,Groundnut,Bihar,Kharif,270.81,504.5,26.5,66.5,4.55,48.8,475183.99,1754.68
2012,Barley,Maharashtra,Rabi,225.69,2299.2,25.5,230.7,13.48,57.3,726365.33,3218.42
2008,Sugarcane,Maharashtra,Whole Year,231.05,901.3,40.7,207.7,19.08,63.5,12597043.91,54520.86
2015,Soybean,Karnataka,Whole Year,235.22,1661.0,26.8,375.1,17.98,57.2,158624.08,674.36
2015,Sugarcane,Karnataka,Rabi,440.85,450.9,29.9,282.3,9.14,86.0,23906478.71,54228.15
2015,Groundnut,West Bengal,Whole Year,409.5,1137.5,35.2,172.2,12.93,81.7,712257.97,1739.34
2006,Barley,Madhya Pradesh,Kharif,315.16,1291.6,34.6,299.0,10.82,50.1,641596.76,2035.78
2021,Rice,Madhya Pradesh,Whole Year,358.53,1619.6,30.7,253.9,7.26,63.2,1189361.91,3317.33
2013,Maize,Uttar Pradesh,Whole Year,22.36,1455.6,38.2,171.5,3.32,58.0,84668.64,3786.61
2006,Maize,Andhra Pradesh,Kharif,372.25,1315.3,31.9,324.8,16.17,33.6,753656.36,2024.6
2019,Rice,Bihar,Rabi,243.6,2411.2,38.6,283.9,2.26,78.6,809760.35,3324.14
2020,Soybean,Bihar,Whole Year,159.56,707.1,23.2,51.9,12.39,41.8,215674.79,1351.68
2008,Sunflower,Uttar Pradesh,Rabi,70.75,647.6,18.6,352.8,12.09,90.7,21853.46,308.88
2012,Millet,Haryana,Kharif,38.53,1869.5,37.1,189.0,7.03,55.9,32547.58,844.73
2013,Sorghum,West Bengal,Rabi,23.4,464.0,25.3,275.9,3.14,70.4,25310.47,1081.64
2009,Sunflower,Punjab,Rabi,81.74,1362.4,32.6,188.9,16.09,83.2,95396.74,1167.08
2020,Barley,Rajasthan,Zaid,16.04,1364.9,34.9,358.5,9.51,41.7,20377.74,1270.43
2017,Groundnut,Madhya Pradesh,Zaid,366.59,982.1,23.8,277.8,14.64,65.2,499582.06,1362.78
2011,Sorghum,Tamil Nadu,Whole Year,125.06,2347.0,28.6,252.8,0.82,45.4,177423.47,1418.71
2021,Soybean,Bihar,Zaid,185.0,921.6,39.2,393.1,1.95,63.1,71124.97,384.46
2007,Millet,Gujarat,Zaid,411.54,934.6,38.8,148.2,3.93,67.7,346655.31,842.34
2009,Maize,Bihar,Zaid,58.21,815.5,35.2,72.8,2.72,41.0,187885.5,3227.72
2023,Groundnut,Madhya Pradesh,Rabi,417.96,620.7,35.6,230.6,4.24,67.8,543067.41,1299.33
2016,Groundnut,Maharashtra,Rabi,320.13,1100.8,39.2,198.4,13.89,59.6,398808.72,1245.77
2011,Millet,Uttar Pradesh,Zaid,171.67,1798.0,34.9,209.0,1.42,63.9,199315.89,1161.04
2013,Sugarcane,Andhra Pradesh,Kharif,59.79,1932.8,24.2,267.0,1.24,88.8,4557393.04,76223.33
2010,Barley,Rajasthan,Zaid,46.65,2089.5,18.3,265.3,1.12,61.4,160294.51,3436.11
2021,Millet,Rajasthan,Kharif,168.42,734.6,26.4,187.3,14.1,60.9,113366.64,673.12
2020,Wheat,Maharashtra,Rabi,71.03,378.4,17.4,352.0,10.95,60.6,75943.93,1069.18
2007,Wheat,Gujarat,Kharif,134.59,2444.3,18.1,278.0,7.72,70.5,554981.48,4123.5
2008,Millet,Karnataka,Rabi,27.42,331.5,40.7,361.5,13.67,53.9,891.98,32.53
2014,Potato,Madhya Pradesh,Kharif,297.91,2413.5,33.2,369.6,11.3,82.1,5090335.36,17086.82
2009,Maize,Rajasthan,Rabi,73.49,2123.4,38.0,108.6,0.64,48.6,294469.37,4006.93
2014,Millet,Haryana,Rabi,378.61,2306.6,32.4,288.2,16.85,49.5,286126.38,755.73
2016,Cotton,Haryana,Zaid,109.87,1151.8,26.3,161.1,7.33,68.3,66597.68,606.15
2014,Soybean,Karnataka,Whole Year,399.19,733.8,15.7,342.8,8.29,46.9,258670.03,647.99
2017,Wheat,Punjab,Whole Year,95.75,1634.2,40.8,306.5,15.75,35.8,183796.37,1919.54
2015,Sorghum,West Bengal,Rabi,360.96,1930.8,16.9,119.6,4.15,43.4,536788.79,1487.11
2020,Sunflower,Karnataka,Zaid,167.2,587.9,31.5,378.6,0.7,89.4,100338.37,600.11
2012,Millet,Bihar,Whole Year,291.98,2054.8,17.8,289.2,18.22,30.7,229268.52,785.22
2012,Wheat,Gujarat,Whole Year,20.29,758.9,22.7,382.0,10.36,38.7,39740.99,1958.65
2012,Soybean,Haryana,Zaid,248.13,1381.7,20.0,120.7,7.32,79.3,350753.44,1413.59
2017,Soybean,Bihar,Zaid,75.2,2184.3,30.0,354.4,16.47,93.7,48358.17,643.06
2006,Sorghum,Rajasthan,Whole Year,243.67,725.5,39.0,283.8,1.01,74.7,269574.81,1106.31
2016,Groundnut,Haryana,Whole Year,71.54,832.1,32.2,243.3,4.44,90.0,109760.86,1534.26
2014,Potato,Tamil Nadu,Kharif,219.11,438.1,32.9,337.2,3.53,85.6,3150768.01,14379.85
2016,Cotton,West Bengal,Kharif,56.2,622.6,39.5,271.5,14.89,61.2,11213.17,199.52
2015,Millet,Andhra Pradesh,Rabi,110.76,622.4,35.2,284.4,6.59,51.7,56679.7,511.73
2019,Rice,Madhya Pradesh,Whole Year,297.94,747.5,38.4,138.8,15.57,71.1,658347.05,2209.66
2020,Millet,Tamil Nadu,Zaid,488.35,929.6,26.2,336.0,1.31,64.7,306201.59,627.01
2021,Groundnut,Madhya Pradesh,Zaid,225.14,2093.0,38.4,277.6,12.36,31.7,344419.22,1529.8
2006,Barley,Punjab,Whole Year,343.9,2314.7,32.4,345.5,6.71,92.2,564393.33,1641.16
2022,Sugarcane,Maharashtra,Rabi,270.17,1193.8,18.7,173.0,4.14,67.1,23485815.02,86929.77
2016,Maize,Tamil Nadu,Zaid,249.68,582.1,16.0,166.1,16.43,86.8,603688.76,2417.85
2023,Groundnut,Punjab,Whole Year,33.29,792.4,21.6,58.4,8.54,77.8,53182.81,1597.56
2022,Sunflower,Punjab,Whole Year,73.0,1919.7,25.2,319.0,11.65,52.2,88996.7,1219.13
2021,Soybean,Madhya Pradesh,Rabi,441.65,1790.3,37.6,165.6,1.15,88.6,844036.83,1911.1
2010,Potato,Andhra Pradesh,Whole Year,205.67,2427.9,35.0,164.5,15.94,81.4,5761621.69,28013.91
2019,Rice,Maharashtra,Zaid,307.55,331.9,40.8,291.0,6.09,57.9,342889.2,1114.91
2007,Maize,Uttar Pradesh,Kharif,264.59,1951.7,30.1,138.5,14.02,84.6,1031983.0,3900.31
2010,Wheat,Bihar,Rabi,190.06,1412.7,35.2,368.2,15.33,47.7,268263.52,1411.47
2007,Sunflower,Karnataka,Whole Year,194.52,2285.9,22.4,238.3,2.78,73.6,326884.79,1680.47
2005,Millet,Rajasthan,Rabi,278.18,1567.6,33.3,389.3,6.27,37.4,91920.87,330.44
2017,Maize,Gujarat,Whole Year,71.43,1282.7,34.1,76.8,14.61,86.3,244581.82,3424.08
2018,Wheat,Gujarat,Kharif,194.24,1764.9,37.9,167.9,5.03,77.4,826319.62,4254.12
2017,Sugarcane,Bihar,Rabi,224.04,2133.8,29.5,183.5,17.04,39.9,19207668.24,85733.21
2008,Wheat,Bihar,Whole Year,492.58,921.5,32.5,305.6,6.58,31.4,1138512.89,2311.33
2011,Rice,Madhya Pradesh,Kharif,176.38,536.6,20.5,124.5,8.35,55.3,398908.76,2261.64
2014,Soybean,Gujarat,Zaid,322.64,1252.6,34.9,181.4,2.44,73.9,378912.99,1174.41
2011,Groundnut,Uttar Pradesh,Whole Year,69.57,771.9,37.6,368.7,3.38,48.4,19501.0,280.31
2019,Sorghum,Karnataka,Kharif,33.68,1245.0,31.0,90.1,5.87,93.3,44943.26,1334.42
2019,Groundnut,Gujarat,Kharif,435.9,2480.3,18.1,310.9,1.45,90.8,821539.19,1884.7
2008,Groundnut,Karnataka,Rabi,365.64,1563.1,23.4,295.9,4.26,68.9,629060.69,1720.44
2010,Wheat,Rajasthan,Whole Year,159.43,1825.9,27.8,95.7,8.47,50.5,753206.61,4724.37
2009,Millet,Madhya Pradesh,Zaid,252.78,1791.4,33.3,291.0,7.91,88.3,219120.21,866.84
2016,Maize,Bihar,Whole Year,68.74,2105.5,23.6,249.4,4.37,82.2,252230.17,3669.34
2005,Sorghum,Gujarat,Kharif,353.87,2377.1,37.7,150.6,2.07,35.6,594817.9,1680.89
2012,Potato,Madhya Pradesh,Zaid,36.09,1749.4,25.0,158.9,6.7,61.0,1009015.53,27958.31
2005,Sorghum,Maharashtra,Kharif,378.76,1347.4,16.2,341.5,15.03,93.8,183319.82,484.0
2009,Maize,Punjab,Rabi,273.87,999.2,36.4,130.9,10.45,59.5,939212.58,3429.41
2010,Maize,Gujarat,Whole Year,140.15,1092.6,32.4,229.5,18.96,90.6,350210.78,2498.83
2007,Potato,Karnataka,Kharif,431.42,1035.9,36.7,288.4,3.23,93.5,7003063.83,16232.59
2019,Soybean,Punjab,Kharif,493.05,1013.8,24.4,95.5,4.54,55.2,700821.01,1421.4
2009,Rice,Andhra Pradesh,Whole Year,127.92,1828.2,15.5,376.3,5.97,92.7,280995.85,2196.65
2018,Sugarcane,Bihar,Zaid,403.32,1593.0,17.0,141.2,0.75,39.0,41202324.42,102157.9
2022,Rice,Gujarat,Kharif,375.33,744.4,18.0,161.6,18.9,40.4,624546.98,1663.99
2020,Maize,Gujarat,Whole Year,373.85,2433.2,36.7,283.1,9.18,48.0,1180614.1,3157.99
2010,Millet,Tamil Nadu,Rabi,478.66,1241.0,23.1,77.4,9.89,60.4,378242.05,790.21
2018,Cotton,Punjab,Rabi,243.82,1545.4,41.9,269.7,3.58,41.8,78419.2,321.63
2012,Potato,Gujarat,Whole Year,337.41,1845.7,35.5,370.6,17.52,52.1,4111351.25,12185.03
2011,Cotton,Maharashtra,Kharif,412.11,1650.1,31.2,137.2,14.01,36.7,228103.14,553.5
2012,Sunflower,Rajasthan,Whole Year,240.29,984.3,41.6,176.7,8.91,58.0,213947.93,890.37
2017,Sugarcane,Punjab,Whole Year,241.23,2055.0,23.5,131.3,17.62,83.8,21183011.55,87812.51
2010,Maize,Rajasthan,Kharif,160.01,542.3,19.5,336.6,18.16,68.7,104901.23,655.59
2022,Cotton,West Bengal,Zaid,390.63,1551.8,34.9,108.7,1.46,82.7,263174.4,673.72
2006,Sunflower,Karnataka,Zaid,343.41,901.3,22.5,171.3,2.83,38.8,416295.37,1212.24
2012,Sugarcane,Andhra Pradesh,Rabi,226.12,1654.7,40.9,260.4,1.04,56.0,18252112.49,80718.7
2015,Sorghum,Tamil Nadu,Zaid,210.25,779.6,41.7,191.6,11.84,32.6,170341.28,810.18
2005,Sugarcane,Maharashtra,Whole Year,37.22,1998.8,40.0,72.9,4.75,54.0,4433140.16,119106.4
2010,Sunflower,Andhra Pradesh,Kharif,4.24,800.6,40.5,381.7,16.98,69.9,13.02,3.07
2020,Potato,Tamil Nadu,Rabi,264.92,2258.9,31.6,168.3,9.59,67.0,7772549.32,29339.23
2016,Sorghum,Madhya Pradesh,Zaid,209.33,2195.4,33.7,206.0,16.84,33.9,227162.47,1085.19
2015,Soybean,Andhra Pradesh,Whole Year,398.22,1097.3,17.5,108.6,11.33,34.0,584901.16,1468.79
2014,Potato,Madhya Pradesh,Rabi,271.78,1148.8,35.6,352.9,16.03,49.8,3415049.46,12565.49
2007,Sunflower,Bihar,Kharif,468.42,1843.3,20.5,152.0,7.75,80.1,727295.79,1552.66
2017,Cotton,Andhra Pradesh,Zaid,98.87,498.8,37.7,56.9,18.94,31.3,31181.71,315.38
2007,Sugarcane,Haryana,Whole Year,495.09,478.0,41.0,160.7,13.51,70.0,27843994.16,56240.27
2019,Sugarcane,Karnataka,Kharif,149.66,599.9,20.7,394.4,12.11,41.9,2091410.87,13974.41
2020,Potato,Uttar Pradesh,Whole Year,321.57,1537.4,17.1,101.4,7.37,91.4,11373422.57,35368.42
2017,Sugarcane,Tamil Nadu,Whole Year,251.43,627.8,28.1,60.9,18.78,58.0,14855554.37,59084.26
2021,Sunflower,Maharashtra,Whole Year,180.43,910.8,36.4,252.4,7.09,33.1,165533.95,917.44
2007,Millet,Punjab,Kharif,70.52,1723.2,35.8,180.1,16.8,76.4,52777.57,748.41
2015,Sugarcane,Bihar,Rabi,68.28,334.4,33.8,328.2,8.38,61.5,1811837.9,26535.41
2023,Potato,Bihar,Whole Year,356.04,696.5,37.2,306.2,15.46,87.3,2772803.62,7787.9
2015,Millet,Andhra Pradesh,Rabi,189.44,2345.8,19.7,114.9,18.28,72.4,222011.15,1171.93
2020,Groundnut,Andhra Pradesh,Rabi,480.69,1759.9,32.6,247.6,9.58,75.0,794636.48,1653.12
2007,Soybean,Tamil Nadu,Zaid,163.5,972.2,31.4,61.4,10.76,79.9,185333.14,1133.54
2010,Groundnut,Madhya Pradesh,Zaid,491.78,399.7,19.1,203.8,6.94,57.3,557451.23,1133.54
2018,Barley,West Bengal,Rabi,103.51,1589.3,26.2,299.9,1.57,81.5,243763.67,2354.98
2022,Potato,Uttar Pradesh,Zaid,52.3,790.3,38.0,195.2,13.22,33.3,1009817.4,19308.17
2021,Groundnut,Andhra Pradesh,Zaid,156.97,2412.4,41.2,91.3,2.83,79.8,384056.03,2446.68
2008,Maize,Gujarat,Rabi,442.91,1811.3,33.0,71.5,7.4,71.4,1832654.83,4137.76
2019,Sorghum,Haryana,Kharif,261.4,2443.1,39.9,348.8,7.32,66.8,240634.78,920.56
2015,Maize,Rajasthan,Zaid,68.69,2167.6,18.6,362.0,3.44,50.7,190536.99,2773.87
2007,Rice,Haryana,Zaid,102.05,1362.7,41.3,170.1,13.5,37.4,248431.12,2434.41
2007,Groundnut,Uttar Pradesh,Kharif,156.32,1773.0,15.9,107.5,3.9,72.1,312598.26,1999.73
2020,Potato,Bihar,Kharif,295.49,2086.6,29.2,392.5,15.68,60.7,2298511.94,7778.65
2009,Cotton,Gujarat,Kharif,166.86,1572.0,22.9,241.1,5.36,44.2,92683.0,555.45
2014,Wheat,Bihar,Rabi,373.78,435.3,37.0,216.8,6.1,32.8,1168183.39,3125.32
2023,Groundnut,Bihar,Kharif,308.53,1335.0,20.9,309.6,7.2,65.0,473340.5,1534.18
2008,Soybean,Haryana,Rabi,437.04,587.3,15.3,109.1,3.48,38.2,547908.28,1253.68
2023,Groundnut,Rajasthan,Whole Year,250.98,1872.7,26.2,253.0,8.97,90.4,474871.18,1892.07
2015,Millet,Punjab,Whole Year,166.26,1797.4,16.7,361.6,2.07,39.8,124373.45,748.07
2006,Rice,Karnataka,Kharif,498.14,2484.4,22.8,58.1,8.83,32.1,1918489.66,3851.31
2014,Sugarcane,Punjab,Kharif,178.46,1683.4,32.4,285.5,7.13,47.0,12814967.59,71808.63
2015,Rice,Karnataka,Whole Year,214.87,2060.3,23.0,243.0,7.1,41.4,649524.04,3022.87
2020,Rice,West Bengal,Rabi,404.75,890.2,21.6,382.8,13.38,81.4,136442.81,337.1
2023,Sorghum,West Bengal,Rabi,45.23,1048.1,19.2,140.5,15.5,48.8,51146.72,1130.81
2015,Sunflower,Madhya Pradesh,Kharif,193.86,2317.5,18.6,350.6,7.44,45.9,205607.15,1060.6
2018,Wheat,West Bengal,Kharif,43.77,1961.4,29.2,158.1,5.61,94.7,197593.47,4514.36
2006,Rice,Haryana,Kharif,70.51,1741.6,33.4,200.5,10.14,39.8,247714.85,3513.19
2009,Sunflower,West Bengal,Whole Year,3.32,858.9,27.2,124.7,15.86,35.5,3462.19,1042.83
2009,Sorghum,Bihar,Zaid,5.76,1836.9,18.3,352.3,13.07,49.9,4569.28,793.28
2023,Sugarcane,Karnataka,Kharif,190.76,2250.9,32.5,118.4,1.24,56.3,20672271.58,108367.96
2016,Maize,Punjab,Rabi,404.77,807.8,30.0,350.7,9.86,79.4,457910.79,1131.29
2022,Potato,Tamil Nadu,Zaid,293.92,1853.5,25.3,209.5,19.82,92.1,6044296.93,20564.43
2008,Sugarcane,Andhra Pradesh,Rabi,317.82,1166.1,23.9,342.3,7.39,79.6,13016427.12,40955.34
2021,Sunflower,Karnataka,Zaid,260.11,561.3,19.9,142.6,9.09,77.2,367493.07,1412.84
2014,Cotton,Punjab,Whole Year,410.08,1979.6,19.0,96.5,6.1,94.4,270897.54,660.6
2010,Rice,Punjab,Zaid,440.31,667.7,24.1,244.2,10.21,79.7,852350.28,1935.8
2018,Sunflower,Andhra Pradesh,Rabi,425.02,856.4,16.1,228.3,3.64,39.1,338207.21,795.74
2015,Rice,Gujarat,Zaid,406.25,2022.5,26.8,174.8,5.32,60.0,1470524.7,3619.75
2015,Maize,Bihar,Whole Year,92.17,1932.7,31.2,282.0,14.38,62.7,250783.05,2720.88
2022,Soybean,Tamil Nadu,Rabi,297.34,859.2,40.4,83.3,3.2,49.8,450966.48,1516.67
2022,Rice,Gujarat,Kharif,291.5,2370.1,31.9,267.7,18.56,40.7,739172.59,2535.76
2015,Sunflower,Gujarat,Zaid,264.44,773.6,31.9,124.1,6.51,76.3,277063.76,1047.74
2016,Potato,Punjab,Rabi,240.93,2486.0,25.1,95.1,11.71,48.0,7394730.95,30692.45
2009,Wheat,Rajasthan,Zaid,45.5,1923.4,18.6,368.4,6.78,70.6,108720.44,2389.46
2013,Potato,Maharashtra,Whole Year,51.98,1163.5,27.1,210.9,9.82,51.0,1270905.29,24449.89
2013,Barley,Karnataka,Rabi,451.24,586.8,31.2,317.2,18.12,62.9,282245.4,625.49
2014,Rice,Haryana,Kharif,315.46,1005.1,34.5,81.2,1.84,51.9,886819.92,2811.2
2023,Barley,Bihar,Kharif,131.9,726.2,37.3,70.1,17.2,56.8,227657.58,1725.99
2005,Sugarcane,Gujarat,Zaid,140.37,1668.0,21.9,223.2,11.37,77.6,12200562.96,86917.17
2011,Groundnut,West Bengal,Whole Year,305.49,1085.1,21.5,160.4,13.47,87.4,551832.53,1806.38
2008,Soybean,Haryana,Whole Year,204.06,949.0,30.3,51.7,1.59,63.1,274986.19,1347.58
2005,Sorghum,Uttar Pradesh,Zaid,221.22,1965.7,30.3,114.2,15.35,69.7,269792.05,1219.56
2019,Millet,Bihar,Rabi,31.26,807.3,20.9,126.6,2.99,86.2,22971.39,734.85
2012,Soybean,Rajasthan,Rabi,70.23,1591.2,30.9,151.0,19.31,39.3,67242.19,957.46
2016,Potato,Haryana,Zaid,197.28,728.1,24.3,357.1,16.09,40.5,640723.15,3247.79
2022,Sunflower,Andhra Pradesh,Rabi,350.14,1872.6,32.3,197.2,10.11,53.4,440502.32,1258.07
2019,Millet,Bihar,Rabi,24.96,1675.3,22.9,287.8,18.52,50.1,15699.29,628.98
2021,Sugarcane,Maharashtra,Rabi,167.94,2055.9,31.0,56.4,3.8,94.1,18889575.26,112478.12
2018,Soybean,Tamil Nadu,Zaid,347.84,450.7,35.7,334.9,19.84,66.7,69612.96,200.13
2018,Sorghum,Andhra Pradesh,Kharif,396.23,762.2,41.5,134.1,14.48,64.1,358223.41,904.08
2022,Millet,Gujarat,Whole Year,95.92,639.8,39.6,158.2,2.42,67.6,92031.18,959.46
2022,Maize,Rajasthan,Kharif,366.01,719.2,28.6,65.8,10.96,86.9,1112738.9,3040.19
2020,Wheat,Rajasthan,Rabi,477.75,526.6,28.2,193.4,14.36,45.8,1177550.81,2464.78
2005,Soybean,Gujarat,Zaid,453.5,1536.6,26.8,348.4,12.45,63.2,405947.15,895.14
2015,Sugarcane,Maharashtra,Whole Year,394.9,1605.5,15.7,182.6,8.77,47.6,26566875.08,67274.94
2019,Rice,Punjab,Rabi,356.45,2155.7,19.5,368.0,5.34,80.7,737900.65,2070.14
2016,Sorghum,Haryana,Whole Year,118.33,1219.0,16.6,353.6,5.15,80.5,86589.38,731.76
2012,Millet,West Bengal,Whole Year,317.32,1471.2,33.8,71.7,18.58,92.2,267017.76,841.48
2010,Millet,Gujarat,Kharif,321.99,2480.9,26.2,156.8,5.08,59.0,446301.14,1386.07
2007,Wheat,West Bengal,Rabi,204.0,1470.1,16.7,368.6,19.27,40.3,196533.93,963.4
2017,Millet,Haryana,Whole Year,247.01,1561.9,33.6,60.4,4.6,88.3,289692.68,1172.8
2017,Barley,Maharashtra,Kharif,347.32,2491.0,32.4,318.0,7.99,87.9,971548.39,2797.27
2006,Cotton,Punjab,Zaid,476.1,2487.1,34.4,367.2,0.74,45.3,168587.34,354.1
2009,Barley,Tamil Nadu,Whole Year,148.36,1232.9,31.2,319.7,18.11,48.0,151356.02,1020.19
2021,Millet,Maharashtra,Rabi,123.94,1696.9,19.4,310.3,2.53,50.4,75020.32,605.3
2010,Sorghum,Madhya Pradesh,Zaid,301.3,1357.8,16.7,345.2,7.47,59.4,23945.11,79.47
2006,Soybean,West Bengal,Whole Year,66.27,1885.6,37.1,283.0,16.93,83.9,76247.41,1150.56
2008,Sugarcane,Rajasthan,Whole Year,291.68,2364.5,20.8,198.1,15.94,39.4,30040665.04,102991.86
2015,Rice,Bihar,Rabi,45.34,981.3,29.6,72.0,16.91,75.5,105017.66,2316.23
2012,Soybean,Rajasthan,Whole Year,245.8,2101.5,28.1,325.8,18.33,52.9,212148.0,863.09
2016,Maize,Uttar Pradesh,Rabi,310.59,1740.7,39.9,366.8,18.27,42.7,321541.94,1035.26
2012,Soybean,Karnataka,Rabi,35.98,916.4,29.9,229.1,15.52,52.0,54783.19,1522.6
2015,Soybean,Andhra Pradesh,Rabi,104.27,2054.1,30.7,236.4,11.86,64.7,135038.58,1295.09
2012,Sugarcane,Andhra Pradesh,Rabi,168.35,1239.7,23.6,191.2,11.45,89.9,11116430.44,66031.66
2012,Wheat,Gujarat,Whole Year,184.93,564.9,40.9,349.9,0.75,70.8,311183.8,1682.71
2021,Millet,West Bengal,Zaid,338.38,2485.5,31.5,55.2,14.59,69.5,424128.5,1253.41
2020,Wheat,Andhra Pradesh,Zaid,264.98,1236.4,15.1,268.6,4.92,37.1,832387.9,3141.32
2018,Maize,Andhra Pradesh,Kharif,191.67,1491.4,30.0,367.6,16.66,35.2,246519.65,1286.17
2015,Groundnut,Maharashtra,Rabi,225.89,2077.5,24.8,86.1,11.3,38.4,490061.37,2169.47
2011,Rice,Tamil Nadu,Whole Year,7.48,2413.9,15.9,385.7,19.75,36.2,5553.54,742.45
2020,Barley,West Bengal,Whole Year,385.49,2220.4,26.7,388.7,4.6,67.5,935142.12,2425.85
2017,Rice,Uttar Pradesh,Kharif,21.46,1455.1,35.9,375.4,14.61,59.4,35741.53,1665.5
2019,Sunflower,Tamil Nadu,Zaid,414.83,1500.5,28.6,211.9,11.18,30.3,497632.8,1199.61
2020,Millet,Uttar Pradesh,Whole Year,270.96,918.0,32.3,184.0,18.67,52.8,231839.69,855.62
2013,Sunflower,West Bengal,Kharif,264.38,1318.2,32.3,297.1,5.69,38.3,282537.39,1068.68
2007,Sunflower,Punjab,Zaid,352.58,2383.0,33.1,161.5,1.66,94.2,542222.39,1537.87
2023,Rice,Punjab,Whole Year,429.92,1899.3,25.5,73.9,11.11,59.9,1273400.47,2961.95
2009,Cotton,Andhra Pradesh,Rabi,471.38,326.1,25.0,365.5,10.67,57.7,92808.51,196.89
2014,Barley,Gujarat,Kharif,272.14,556.3,15.1,272.2,6.58,71.9,558515.56,2052.31
2021,Maize,Rajasthan,Whole Year,76.18,2332.4,19.2,122.5,19.74,53.2,297579.38,3906.27
2019,Millet,Bihar,Kharif,439.44,2167.2,40.7,56.4,1.86,76.5,553761.47,1260.15
2012,Sorghum,Maharashtra,Kharif,21.3,1369.6,37.7,303.2,11.61,88.8,12925.98,606.85
2019,Maize,Andhra Pradesh,Kharif,403.86,1657.4,22.4,348.5,5.57,62.4,761654.23,1885.94
2018,Cotton,Bihar,Rabi,340.53,937.2,25.8,192.0,0.54,54.9,237150.96,696.42
2011,Barley,Karnataka,Zaid,452.46,2044.2,40.4,78.3,19.76,63.9,1161206.27,2566.43
2016,Potato,Bihar,Zaid,448.83,1627.3,21.8,277.0,9.89,69.2,9222180.96,20547.16
2021,Sugarcane,Punjab,Whole Year,27.52,1828.6,29.4,153.9,17.22,85.1,2734165.75,99351.95
2021,Cotton,Andhra Pradesh,Rabi,305.11,1124.8,15.6,100.4,16.88,55.6,192161.98,629.81
2014,Maize,Rajasthan,Zaid,63.21,1247.0,31.7,228.6,16.34,33.3,177399.21,2806.51
2023,Millet,Bihar,Whole Year,40.16,756.9,40.1,218.6,9.45,71.0,22703.72,565.33
2018,Groundnut,Uttar Pradesh,Whole Year,224.69,2385.7,38.9,230.9,17.97,94.1,388889.49,1730.78
2015,Millet,Madhya Pradesh,Kharif,49.7,2382.4,28.6,338.4,7.66,85.5,39504.46,794.86
2006,Barley,Uttar Pradesh,Rabi,364.22,2099.1,32.5,219.6,8.46,79.3,1059124.83,2907.93
2022,Groundnut,Haryana,Zaid,484.5,2358.2,30.4,365.2,5.49,41.5,552406.97,1140.16
2011,Wheat,Maharashtra,Rabi,285.22,1763.7,16.8,344.6,9.24,78.7,814585.31,2855.99
2016,Barley,Gujarat,Rabi,118.35,816.2,19.3,277.9,19.74,35.3,131650.09,1112.38
2006,Barley,Uttar Pradesh,Zaid,421.76,1972.5,41.0,69.9,11.68,62.1,1419354.46,3365.31
2022,Sunflower,Bihar,Zaid,426.7,1015.6,21.9,352.7,16.71,54.1,179217.41,420.01
2010,Cotton,Haryana,Rabi,366.66,1269.1,25.4,367.0,5.64,88.8,106150.41,289.51
2014,Millet,Punjab,Whole Year,307.95,903.6,28.7,181.3,19.14,40.4,193328.58,627.79
2019,Potato,Uttar Pradesh,Rabi,434.03,1232.0,41.4,234.2,0.76,81.3,8779635.38,20228.18
2009,Sunflower,Gujarat,Zaid,82.48,1794.5,33.6,148.4,18.64,33.2,107853.55,1307.63
2007,Maize,Andhra Pradesh,Rabi,465.87,543.3,32.0,55.2,18.01,75.6,1049248.95,2252.24
2009,Sugarcane,Rajasthan,Zaid,473.65,531.5,29.2,217.8,1.81,49.1,38551286.73,81391.93
2012,Rice,Madhya Pradesh,Whole Year,436.12,1804.3,33.9,95.3,12.29,93.4,1297773.57,2975.73
2012,Soybean,Karnataka,Rabi,126.08,2015.1,32.9,114.2,15.81,73.7,203051.52,1610.5
2012,Sugarcane,Uttar Pradesh,Whole Year,429.23,1513.2,39.4,218.2,8.37,50.1,38596036.52,89919.24
2016,Rice,Karnataka,Rabi,249.32,699.6,29.6,353.5,2.29,45.3,487843.92,1956.7
2012,Wheat,Karnataka,Rabi,297.87,1247.7,26.4,345.6,16.67,71.6,370433.32,1243.61
2015,Maize,Karnataka,Zaid,420.46,1968.0,36.8,387.8,9.6,47.7,589254.66,1401.45
2018,Millet,Bihar,Kharif,15.76,1808.6,36.6,218.9,5.63,42.1,14869.07,943.47
2012,Sorghum,Bihar,Zaid,182.11,541.7,19.6,243.2,1.88,72.1,152314.94,836.39
2014,Barley,Tamil Nadu,Rabi,408.03,2432.1,21.4,337.7,12.98,77.1,960180.03,2353.21
2011,Sunflower,Karnataka,Kharif,407.16,791.4,40.9,294.9,1.32,45.5,270331.07,663.94
2021,Potato,Tamil Nadu,Kharif,424.5,784.9,27.0,114.0,15.93,64.8,11198965.71,26381.54
2008,Sugarcane,Rajasthan,Whole Year,85.44,1311.7,29.0,189.4,15.53,73.1,6566829.51,76858.96
2017,Rice,Karnataka,Rabi,353.24,1019.9,23.4,375.2,6.8,91.2,414878.97,1174.5
2008,Sorghum,Haryana,Zaid,74.11,2464.8,28.0,101.1,9.71,82.2,142080.31,1917.15
2009,Sugarcane,Karnataka,Kharif,392.76,468.3,35.1,123.3,13.55,57.4,18313691.39,46628.2
2008,Maize,West Bengal,Kharif,123.32,974.2,28.0,190.2,19.2,84.9,269473.0,2185.15
2022,Millet,Bihar,Zaid,369.17,1142.0,23.5,379.0,10.64,58.7,73421.2,198.88
2010,Groundnut,Maharashtra,Zaid,228.05,1385.6,17.6,89.8,19.94,38.5,355165.86,1557.4
2006,Sugarcane,Haryana,Kharif,493.15,336.1,40.1,285.5,6.84,52.2,16327778.99,33109.15
2015,Sugarcane,Gujarat,Zaid,290.37,481.2,38.5,96.2,10.77,82.3,14199038.32,48899.81
2018,Millet,Uttar Pradesh,Whole Year,316.66,867.2,36.4,233.6,2.75,92.1,211553.51,668.08
2009,Potato,Rajasthan,Kharif,184.71,1518.8,33.7,237.8,11.35,93.9,4068933.62,22028.77
2010,Sunflower,Rajasthan,Whole Year,367.53,1989.1,28.9,64.9,10.96,71.5,615013.94,1673.37
2014,Potato,West Bengal,Rabi,247.95,1810.3,39.2,383.9,17.05,61.1,729185.0,2940.86
2012,Wheat,West Bengal,Whole Year,10.02,1547.5,36.4,332.3,19.93,40.5,14518.64,1448.97
2018,Potato,West Bengal,Zaid,304.68,1173.9,37.0,156.0,19.73,36.7,5144069.19,16883.51
2007,Cotton,West Bengal,Kharif,415.4,2215.5,23.4,95.7,5.11,63.7,321515.51,773.99
2016,Sugarcane,West Bengal,Whole Year,119.16,1311.5,26.4,171.0,7.1,77.3,12750160.25,107000.34
2020,Millet,Punjab,Zaid,111.31,958.4,34.1,363.0,5.86,51.1,42716.39,383.76
2021,Potato,Andhra Pradesh,Zaid,304.83,1684.5,25.0,96.4,4.39,73.9,9404037.46,30850.1
2005,Cotton,Bihar,Whole Year,409.17,1822.7,28.3,172.3,3.43,67.1,326391.46,797.69
2014,Millet,Rajasthan,Kharif,125.56,1176.6,32.5,223.0,10.48,91.1,103402.23,823.53
2014,Sunflower,West Bengal,Whole Year,466.2,361.9,26.8,61.5,17.51,43.6,421851.3,904.87
2006,Millet,Uttar Pradesh,Rabi,463.77,507.1,36.4,143.8,12.0,68.4,372067.78,802.27
2013,Wheat,Madhya Pradesh,Whole Year,101.07,2160.3,18.1,258.5,17.52,56.9,300361.92,2971.82
2017,Millet,Punjab,Whole Year,132.63,424.4,34.4,163.4,19.21,47.0,68037.14,512.98
2020,Maize,Haryana,Kharif,350.6,1602.4,18.9,354.7,7.97,53.2,552003.08,1574.45
2022,Sugarcane,Madhya Pradesh,Whole Year,475.91,704.2,40.3,377.9,16.8,49.1,8726078.39,18335.56
2023,Rice,Haryana,Zaid,355.23,803.6,23.5,204.5,1.52,64.3,1127674.01,3174.49
2016,Rice,Tamil Nadu,Kharif,223.01,901.3,36.5,236.2,9.88,66.3,505790.48,2268.02
2012,Rice,Bihar,Zaid,85.33,384.2,29.1,270.8,7.68,86.3,205344.39,2406.47
2021,Millet,Andhra Pradesh,Kharif,231.04,689.9,17.5,282.6,4.49,80.8,115528.97,500.04
2019,Sunflower,Madhya Pradesh,Rabi,303.78,1731.1,30.7,72.1,9.05,49.7,454807.48,1497.16
2014,Sorghum,Haryana,Rabi,166.15,1397.2,39.6,68.8,9.15,90.5,159103.06,957.59
2019,Cotton,West Bengal,Rabi,255.62,2054.1,19.2,353.0,16.27,86.4,61555.19,240.81
2019,Cotton,Rajasthan,Whole Year,65.98,434.7,23.7,127.0,17.44,70.7,33990.01,515.16
2011,Millet,Tamil Nadu,Rabi,226.64,2255.6,26.9,254.4,13.31,31.2,273156.76,1205.25
2017,Maize,Maharashtra,Kharif,46.3,2492.1,22.4,268.6,12.85,43.6,157892.38,3410.2
2021,Maize,Punjab,Rabi,25.5,334.6,40.5,107.6,2.65,81.3,66440.95,2605.53
2013,Barley,Maharashtra,Kharif,428.76,2428.8,25.2,316.6,11.72,59.5,996936.79,2325.16
2012,Millet,Maharashtra,Zaid,103.34,818.9,32.8,353.1,5.85,38.2,63093.76,610.55
2022,Soybean,West Bengal,Whole Year,288.0,1823.6,21.0,149.9,6.25,56.5,473311.49,1643.44
2017,Wheat,Maharashtra,Zaid,75.34,943.5,20.9,357.2,2.35,43.8,199676.23,2650.33
2020,Rice,Maharashtra,Zaid,132.0,1448.0,19.7,78.4,12.9,88.0,404494.01,3064.35
2013,Wheat,Haryana,Rabi,181.31,1422.9,26.7,330.2,11.88,87.8,364212.68,2008.78
2016,Rice,Bihar,Rabi,72.69,1094.4,29.4,274.0,4.8,55.2,186411.13,2564.47
2016,Groundnut,Gujarat,Rabi,23.94,1878.6,15.3,254.1,5.63,38.9,53866.3,2250.05
2010,Groundnut,Tamil Nadu,Zaid,438.7,1619.2,37.5,130.5,15.57,53.3,766362.13,1746.89
2023,Millet,Maharashtra,Whole Year,6.9,1418.2,28.8,176.6,15.96,38.4,5963.21,864.23
2011,Groundnut,Madhya Pradesh,Whole Year,31.6,2462.2,19.2,368.6,10.12,49.8,44406.38,1405.27
2007,Potato,Andhra Pradesh,Zaid,402.73,2368.0,16.8,213.0,3.41,80.1,12063946.05,29955.42
2020,Sorghum,Uttar Pradesh,Whole Year,141.72,2402.0,16.7,258.0,1.58,49.0,182429.6,1287.25
2022,Barley,Tamil Nadu,Zaid,361.69,2238.9,22.0,377.5,5.79,65.4,672211.46,1858.53
2020,Maize,Andhra Pradesh,Zaid,73.97,861.3,28.5,213.3,14.76,37.7,213401.92,2884.98
2011,Sorghum,Uttar Pradesh,Whole Year,119.4,1069.9,38.2,185.9,12.22,52.6,123783.13,1036.71
2008,Wheat,Maharashtra,Kharif,286.82,808.3,39.4,362.6,14.5,32.6,22161.23,77.27
2012,Wheat,Gujarat,Kharif,494.33,2469.6,37.5,368.8,9.7,65.6,1362853.34,2756.97
2017,Sunflower,Karnataka,Rabi,37.65,635.9,23.9,174.1,15.22,52.6,41289.09,1096.66
2017,Groundnut,Rajasthan,Whole Year,200.88,1106.3,23.3,257.2,9.88,86.7,297972.45,1483.34
2021,Maize,Andhra Pradesh,Rabi,22.5,737.9,41.7,387.3,2.14,55.5,28263.12,1256.14
2021,Barley,Maharashtra,Zaid,100.41,791.6,33.4,69.4,2.06,66.3,296114.6,2949.05
2009,Rice,Madhya Pradesh,Kharif,453.83,843.6,23.2,63.9,16.71,93.5,1271009.99,2800.63
2010,Sorghum,Madhya Pradesh,Whole Year,49.13,1707.3,23.9,230.8,12.78,71.8,44797.47,911.81
2023,Potato,Tamil Nadu,Whole Year,428.57,467.3,26.7,151.9,5.94,62.5,10059991.28,23473.39
2017,Barley,Haryana,Whole Year,89.72,1559.6,31.8,253.6,15.26,36.4,180570.53,2012.6
2018,Sugarcane,Maharashtra,Kharif,431.03,2102.4,39.2,303.5,3.15,83.4,35060922.0,81342.18
2008,Cotton,Karnataka,Rabi,269.47,1986.4,20.4,74.2,13.08,71.8,167244.26,620.64
2011,Groundnut,Maharashtra,Kharif,439.23,632.6,17.3,358.8,19.79,37.1,187751.55,427.46
2012,Rice,Maharashtra,Rabi,76.7,2312.4,26.0,146.9,3.43,46.0,355378.97,4633.36
2017,Sugarcane,Madhya Pradesh,Zaid,381.26,1994.2,21.6,183.5,3.27,64.9,40419219.83,106014.85
2010,Rice,Rajasthan,Zaid,340.67,311.7,30.6,168.0,9.62,32.9,548922.43,1611.3
2010,Rice,Madhya Pradesh,Rabi,271.92,1922.2,33.9,343.9,13.03,76.7,552185.66,2030.69
2007,Groundnut,Haryana,Zaid,405.48,1922.3,23.4,109.7,1.02,44.8,1015548.79,2504.56
2007,Rice,Andhra Pradesh,Zaid,324.49,1393.0,33.5,60.0,10.24,61.8,750003.89,2311.33
2017,Barley,West Bengal,Whole Year,438.65,401.2,24.3,390.1,2.12,45.7,317388.49,723.56
2006,Barley,West Bengal,Whole Year,191.15,1575.8,32.1,393.2,5.21,61.8,277642.59,1452.49
2020,Sugarcane,Madhya Pradesh,Kharif,295.37,1984.6,32.1,140.2,14.39,42.3,20353670.54,68909.07
2010,Potato,Tamil Nadu,Kharif,435.43,895.9,22.5,53.3,14.91,68.6,8994209.25,20655.92
2012,Wheat,Gujarat,Kharif,108.19,1767.6,32.2,276.1,14.73,89.2,320384.91,2961.32
2012,Potato,Madhya Pradesh,Whole Year,243.38,1078.6,25.3,277.0,1.77,82.5,5386035.53,22130.15
2010,Maize,Maharashtra,Kharif,480.41,1562.5,24.1,379.1,15.84,45.7,577271.11,1201.62
2018,Sorghum,Tamil Nadu,Kharif,237.33,1146.0,22.8,154.5,8.93,62.4,293384.02,1236.19
2007,Sorghum,Gujarat,Whole Year,127.16,968.3,24.3,116.3,9.77,57.5,146708.45,1153.73
2014,Sunflower,Andhra Pradesh,Rabi,176.19,2183.0,36.2,265.7,8.68,92.8,223604.0,1269.11
2007,Sunflower,Madhya Pradesh,Whole Year,442.66,1958.4,21.6,247.3,17.21,81.9,566507.34,1279.78
2016,Soybean,Andhra Pradesh,Rabi,477.49,1060.0,33.4,301.2,13.76,37.0,594645.36,1245.36
2021,Groundnut,Haryana,Whole Year,475.1,1256.2,39.3,359.8,10.25,41.0,318153.65,669.66
2009,Millet,West Bengal,Kharif,349.77,1821.7,24.5,245.9,16.77,75.6,276990.17,791.92
2013,Sunflower,West Bengal,Zaid,255.29,2084.4,15.8,102.5,16.2,40.4,362235.95,1418.92
2011,Potato,Madhya Pradesh,Zaid,92.16,1805.6,15.7,259.3,0.6,91.8,2340071.89,25391.41
2008,Millet,Tamil Nadu,Rabi,62.49,1490.0,18.8,180.9,9.84,94.5,56169.4,898.85
2017,Sugarcane,Madhya Pradesh,Rabi,30.82,2399.6,18.0,208.5,1.32,80.6,3249065.79,105420.69
2017,Potato,Rajasthan,Rabi,9.84,2003.1,35.2,385.8,6.49,31.7,103280.29,10495.96
2014,Rice,West Bengal,Zaid,439.18,554.3,23.0,244.2,16.17,61.4,691415.56,1574.33
2022,Rice,Rajasthan,Rabi,404.73,1527.9,32.6,102.4,18.91,56.4,1128329.39,2787.86
2021,Potato,Rajasthan,Whole Year,284.34,1201.0,16.1,205.1,5.22,82.0,6497614.81,22851.57
2017,Groundnut,Andhra Pradesh,Whole Year,499.36,2048.9,23.0,130.0,0.92,48.7,1376553.97,2756.64
2021,Cotton,Haryana,Zaid,476.57,398.3,21.3,97.4,8.35,55.1,168801.9,354.2
2008,Wheat,Bihar,Whole Year,327.9,1203.6,22.5,299.3,7.03,36.1,857924.37,2616.42
2005,Soybean,Tamil Nadu,Rabi,232.82,1000.2,20.1,270.0,13.7,52.3,196100.07,842.28
2005,Barley,Uttar Pradesh,Zaid,76.93,610.6,31.7,224.2,10.15,93.3,114565.15,1489.21
2019,Rice,Tamil Nadu,Rabi,258.28,1133.4,32.9,198.1,8.28,91.2,629985.01,2439.16
2017,Soybean,Rajasthan,Whole Year,79.71,1780.2,19.0,162.8,4.98,78.8,111029.71,1392.92
2021,Sorghum,Gujarat,Rabi,199.83,1095.7,35.0,80.8,16.66,89.0,193432.02,967.98
2012,Potato,Gujarat,Zaid,471.38,1576.0,21.8,154.7,5.34,43.7,13240313.3,28088.41
2022,Cotton,Haryana,Rabi,171.65,1604.2,22.6,343.4,1.57,70.4,62047.81,361.48
2017,Potato,Andhra Pradesh,Whole Year,77.24,1591.6,37.4,324.3,11.51,62.5,1098421.85,14220.89
2018,Barley,Andhra Pradesh,Kharif,291.62,1465.0,39.3,390.3,6.69,57.5,276785.27,949.13
2012,Groundnut,Rajasthan,Zaid,301.58,557.4,37.3,279.6,14.39,51.1,178872.17,593.12
2012,Soybean,Rajasthan,Rabi,97.71,780.6,19.0,243.8,2.08,86.3,121892.44,1247.49
2019,Sugarcane,Karnataka,Zaid,99.1,2060.1,42.0,153.6,19.34,61.5,7909842.43,79816.78
2017,Barley,Karnataka,Rabi,494.79,1405.2,33.1,76.9,4.14,77.1,1440829.98,2912.0
2011,Groundnut,Rajasthan,Kharif,122.4,1853.4,28.8,266.3,7.46,75.9,240492.47,1964.81
2009,Millet,West Bengal,Whole Year,419.26,1553.8,40.8,220.9,9.88,38.8,409584.6,976.92
2021,Groundnut,Tamil Nadu,Rabi,235.69,385.1,37.1,315.7,17.86,33.2,154002.98,653.41
2020,Groundnut,West Bengal,Rabi,218.06,2051.7,33.7,194.2,14.59,84.6,365835.68,1677.68
2006,Barley,Andhra Pradesh,Kharif,148.19,441.5,37.6,394.9,3.32,61.9,46313.12,312.53
2022,Potato,Uttar Pradesh,Zaid,387.14,2375.0,25.4,189.2,9.05,82.7,9692835.96,25037.03
2021,Cotton,Tamil Nadu,Whole Year,440.45,773.8,33.5,166.6,11.09,49.3,238662.23,541.86
2011,Barley,West Bengal,Rabi,131.3,1427.3,20.1,354.8,14.19,86.0,194529.81,1481.57
2017,Maize,West Bengal,Rabi,48.45,439.9,41.7,188.4,11.65,84.0,124858.15,2577.05
2022,Wheat,Punjab,Whole Year,69.32,2268.9,30.9,354.8,9.42,54.8,241868.58,3489.16
2018,Sunflower,Tamil Nadu,Kharif,396.61,2455.9,37.0,59.6,15.43,56.8,677017.07,1707.01
2022,Cotton,Uttar Pradesh,Zaid,218.48,621.8,26.0,292.4,7.87,52.8,90609.1,414.72
2017,Sugarcane,Haryana,Whole Year,66.83,950.7,35.5,75.1,19.75,32.3,4182188.57,62579.51
2015,Cotton,Haryana,Zaid,170.8,334.9,25.5,101.9,18.98,74.7,102980.6,602.93
2020,Sorghum,West Bengal,Kharif,257.6,2031.3,30.9,295.0,14.29,47.7,263741.03,1023.84
2021,Potato,Rajasthan,Kharif,426.17,985.2,36.0,151.4,17.71,87.5,10794940.89,25330.13
2012,Sugarcane,Uttar Pradesh,Whole Year,321.23,1595.4,18.1,123.7,8.17,88.3,27845533.36,86684.1
2023,Millet,Uttar Pradesh,Rabi,88.84,386.3,24.6,330.5,11.84,77.0,28219.1,317.64
2019,Barley,Andhra Pradesh,Kharif,80.19,1874.0,29.7,381.2,5.82,41.8,145025.54,1808.52
2013,Groundnut,Madhya Pradesh,Kharif,206.75,1464.7,24.0,131.3,17.77,35.8,221257.86,1070.17
2014,Potato,Gujarat,Whole Year,38.52,1895.0,23.3,161.0,9.68,83.1,1066812.54,27695.03
2016,Barley,Punjab,Whole Year,378.03,2037.0,22.6,299.9,10.95,88.0,1038068.19,2745.99
2005,Sorghum,Andhra Pradesh,Whole Year,201.33,496.3,21.2,335.4,17.36,52.9,50827.36,252.46
2013,Potato,Bihar,Kharif,172.17,1571.8,37.9,399.7,16.05,52.9,768796.35,4465.33
2019,Soybean,Uttar Pradesh,Zaid,255.05,1729.9,39.9,145.7,6.77,55.4,329569.98,1292.18
2005,Sorghum,Madhya Pradesh,Kharif,354.77,1436.8,33.9,244.8,2.2,83.8,399917.7,1127.26
2016,Maize,Maharashtra,Whole Year,285.1,701.3,15.8,96.9,3.66,76.0,815560.06,2860.61
2007,Groundnut,Rajasthan,Rabi,401.4,2050.3,36.2,165.8,7.11,37.9,921516.33,2295.76
2015,Groundnut,Uttar Pradesh,Rabi,315.05,2494.4,29.4,65.7,6.45,71.3,843425.11,2677.12
2006,Rice,Punjab,Whole Year,394.2,2432.4,35.5,123.8,1.25,30.6,1551895.15,3936.82
2020,Soybean,Uttar Pradesh,Rabi,348.69,2010.6,26.8,227.3,8.93,76.2,503139.8,1442.94
2013,Rice,Tamil Nadu,Kharif,97.37,1219.8,16.1,107.3,2.56,79.7,379593.35,3898.46
2019,Millet,Tamil Nadu,Zaid,27.12,1042.1,33.4,361.3,4.81,83.0,7634.48,281.51
2016,Wheat,Madhya Pradesh,Kharif,451.8,450.8,27.0,298.6,15.86,70.7,841365.04,1862.25
2005,Sunflower,Karnataka,Whole Year,472.88,1215.8,38.6,59.7,10.15,41.7,580155.05,1226.85
2017,Wheat,Punjab,Kharif,363.74,643.3,34.9,356.8,7.77,81.6,596122.78,1638.87
2018,Barley,Madhya Pradesh,Rabi,362.38,859.5,24.7,392.1,4.12,88.5,358342.36,988.86
2012,Wheat,West Bengal,Kharif,135.8,2262.2,34.6,225.7,17.39,71.2,447087.54,3292.25
2012,Groundnut,Gujarat,Zaid,271.68,2430.8,28.4,160.1,18.12,47.9,497993.07,1833.01
2016,Sorghum,West Bengal,Rabi,496.13,2386.8,20.4,142.2,10.61,41.7,679236.52,1369.07
2005,Soybean,Gujarat,Zaid,428.22,725.4,26.3,80.6,18.46,45.0,381502.04,890.9
2015,Barley,Bihar,Zaid,152.89,2282.0,21.0,222.1,9.56,31.1,466640.86,3052.13
2012,Barley,Gujarat,Zaid,151.22,611.3,15.1,67.5,2.59,30.7,413779.56,2736.28
2014,Soybean,Gujarat,Kharif,242.31,1416.9,21.7,226.3,0.83,49.3,342646.15,1414.08
2023,Groundnut,Haryana,Kharif,202.89,1716.1,20.7,138.4,3.0,90.0,408371.23,2012.77
2015,Sunflower,Gujarat,Kharif,186.21,1317.4,15.1,216.8,12.64,70.4,211773.9,1137.29
2011,Millet,Uttar Pradesh,Kharif,313.86,2394.0,36.2,196.4,6.76,55.1,423502.31,1349.34
2015,Millet,Maharashtra,Rabi,6.73,1033.1,17.1,156.8,13.14,30.7,6201.04,921.4
2021,Barley,Punjab,Kharif,381.91,1460.2,27.1,207.0,10.41,94.3,991990.95,2597.45
2005,Millet,Maharashtra,Rabi,370.29,466.0,26.3,215.9,6.99,59.6,236560.61,638.85
2012,Groundnut,Karnataka,Zaid,415.33,2174.9,19.9,341.8,4.76,94.4,640959.36,1543.25
2010,Maize,Uttar Pradesh,Rabi,420.88,1209.4,41.1,283.0,2.08,76.8,1246865.61,2962.52
2022,Maize,Madhya Pradesh,Whole Year,283.63,1841.2,31.3,201.6,15.76,33.3,999467.11,3523.84
2010,Rice,Gujarat,Kharif,390.26,1800.9,37.0,366.8,16.47,85.8,505149.53,1294.39
2009,Cotton,Haryana,Whole Year,246.71,1787.8,28.4,314.5,11.06,64.5,134148.25,543.75
2017,Sugarcane,Andhra Pradesh,Rabi,475.81,1415.3,34.5,76.5,3.56,59.4,52540501.39,110423.28
2023,Wheat,West Bengal,Kharif,96.16,910.5,41.2,103.8,5.64,79.3,352982.85,3670.79
2012,Millet,Tamil Nadu,Whole Year,457.89,1675.2,24.4,78.6,19.13,80.4,333025.13,727.3
2013,Maize,Madhya Pradesh,Kharif,130.01,2415.9,28.6,161.6,4.91,81.8,654389.45,5033.38
2021,Sorghum,Punjab,Rabi,52.26,2134.7,28.9,202.5,1.61,79.4,80587.38,1542.05
2007,Soybean,Maharashtra,Whole Year,220.11,539.3,41.8,226.5,11.23,71.7,192624.71,875.13
2023,Cotton,Uttar Pradesh,Rabi,307.84,351.0,21.3,348.0,5.61,73.9,62026.99,201.49
2015,Rice,Andhra Pradesh,Whole Year,116.26,1397.7,33.2,56.3,19.17,85.8,271158.99,2332.35
2021,Sugarcane,Rajasthan,Zaid,278.34,2006.8,18.7,199.9,11.71,74.9,18495415.45,66449.0
2023,Maize,Rajasthan,Zaid,404.14,990.6,40.0,193.8,19.33,36.6,924854.37,2288.45
2006,Rice,Tamil Nadu,Zaid,129.29,1842.7,30.9,381.6,15.82,72.0,93354.84,722.06
2012,Potato,Bihar,Zaid,290.58,2350.2,38.2,134.4,14.6,41.0,8411401.15,28946.94
2023,Cotton,Rajasthan,Zaid,170.32,1309.8,39.2,92.8,16.69,30.9,81519.27,478.62
2011,Soybean,West Bengal,Rabi,265.35,837.2,30.0,99.8,12.3,43.9,389552.34,1468.07
2021,Wheat,Karnataka,Zaid,333.79,2319.1,33.4,232.0,0.72,40.0,1786892.77,5353.34
2010,Maize,Rajasthan,Rabi,175.86,1339.0,33.9,186.8,8.15,36.6,568799.81,3234.39
2023,Sunflower,Tamil Nadu,Zaid,497.25,1197.2,27.4,313.9,4.77,44.0,440107.33,885.08
2010,Soybean,Karnataka,Kharif,282.32,1077.4,26.7,163.1,8.97,66.6,365205.53,1293.59
2006,Sugarcane,West Bengal,Zaid,412.41,1230.6,20.0,94.8,9.68,39.8,37320554.77,90493.82
2010,Millet,Tamil Nadu,Kharif,362.84,1782.0,25.4,185.4,2.99,48.2,409571.26,1128.79
2009,Cotton,Rajasthan,Rabi,426.55,1254.2,41.8,359.1,0.96,85.2,130933.46,306.96
2023,Sugarcane,Gujarat,Zaid,87.73,1013.3,22.3,191.9,3.19,87.7,6688683.39,76241.69
2008,Wheat,Punjab,Whole Year,112.05,1936.0,35.6,341.8,17.22,51.7,219667.49,1960.44
2021,Soybean,Rajasthan,Rabi,244.22,746.5,16.6,180.0,15.24,88.4,328458.6,1344.93
2015,Groundnut,Tamil Nadu,Zaid,426.31,744.3,27.6,148.5,16.08,68.1,538139.03,1262.32
2008,Wheat,Punjab,Rabi,99.61,1832.2,16.6,321.2,5.89,44.7,287105.54,2882.3
2017,Potato,Punjab,Whole Year,485.56,2206.8,27.8,123.2,5.1,79.0,16512166.92,34006.44
2021,Barley,Karnataka,Zaid,64.67,830.7,15.7,131.1,1.23,89.9,202353.03,3129.01
2013,Maize,West Bengal,Whole Year,88.36,720.5,31.6,67.4,9.71,72.9,301423.27,3411.31
2008,Millet,Rajasthan,Zaid,84.45,1774.7,30.8,115.7,7.96,43.1,102811.13,1217.42
2018,Sunflower,Bihar,Kharif,293.42,1665.8,36.5,182.6,16.8,35.6,368509.91,1255.91
2023,Cotton,Andhra Pradesh,Rabi,458.85,1284.0,30.7,189.9,13.8,44.9,344547.83,750.89
2007,Sorghum,Bihar,Whole Year,128.3,510.9,40.0,197.2,3.31,52.0,134560.01,1048.79
2018,Sunflower,Gujarat,Rabi,276.97,501.9,36.1,217.9,19.75,51.7,197694.01,713.77
2012,Soybean,Bihar,Whole Year,88.71,2010.2,18.6,250.2,15.53,62.4,136641.84,1540.32
2005,Potato,West Bengal,Rabi,315.94,1293.9,22.2,116.3,14.54,62.8,7920825.44,25070.66
2014,Groundnut,Andhra Pradesh,Rabi,62.5,2187.5,15.7,264.9,4.72,60.6,157355.94,2517.7
2022,Sorghum,Madhya Pradesh,Rabi,246.16,1564.4,25.4,167.8,18.15,52.3,263961.98,1072.32
2020,Sunflower,Andhra Pradesh,Kharif,327.94,1661.2,28.8,306.9,9.74,36.9,335589.22,1023.33
2012,Potato,Maharashtra,Zaid,289.98,2355.2,40.5,245.0,6.3,57.2,6466927.34,22301.29
2005,Maize,Madhya Pradesh,Kharif,70.86,662.2,29.1,244.0,13.27,94.1,152441.57,2151.31
2016,Maize,Karnataka,Rabi,81.53,1494.7,36.1,289.9,4.63,72.5,184386.91,2261.58
2012,Cotton,Haryana,Whole Year,336.02,427.9,22.2,166.6,18.2,58.6,136129.24,405.12
2020,Sunflower,Uttar Pradesh,Rabi,404.65,1089.6,19.1,200.2,17.16,35.4,365086.24,902.23
2022,Groundnut,Uttar Pradesh,Zaid,454.13,625.8,36.9,254.0,9.57,43.9,584832.79,1287.81
2008,Maize,Bihar,Kharif,406.99,713.2,21.7,197.5,4.22,67.4,1171040.02,2877.32
2010,Sorghum,Madhya Pradesh,Zaid,486.99,2356.5,38.5,205.5,10.18,62.4,712836.15,1463.76
2016,Groundnut,Karnataka,Whole Year,204.72,1643.5,19.6,145.4,3.41,31.2,435633.65,2127.95
2013,Potato,Karnataka,Zaid,166.25,2262.7,38.0,150.6,5.76,35.6,5608238.63,33733.77
2019,Sorghum,Andhra Pradesh,Kharif,15.06,1275.7,35.9,294.6,9.91,53.1,11790.96,782.93
2020,Wheat,Karnataka,Whole Year,225.5,1614.8,31.5,51.5,0.91,39.2,955592.5,4237.66
2016,Potato,Bihar,Zaid,326.03,370.6,38.0,83.4,15.43,92.3,3239867.67,9937.33
2018,Sugarcane,Andhra Pradesh,Kharif,407.89,1332.9,23.9,382.1,4.34,32.2,11532204.03,28272.83
2017,Groundnut,West Bengal,Kharif,134.46,1540.9,19.5,115.5,17.4,93.3,255933.4,1903.42
2006,Rice,Haryana,Rabi,257.28,336.9,19.2,196.3,0.93,72.7,539726.71,2097.82
2007,Sugarcane,Maharashtra,Zaid,331.34,2036.9,22.3,347.4,10.88,56.5,23141503.83,69842.17
2014,Potato,Andhra Pradesh,Whole Year,276.25,949.9,27.0,50.0,15.64,65.1,5314734.28,19238.86
2013,Sunflower,Bihar,Rabi,137.74,1295.5,38.7,373.8,5.14,56.7,75307.92,546.74
2012,Sugarcane,Karnataka,Zaid,398.34,1478.4,17.4,68.7,14.3,67.3,35026152.54,87930.29
2014,Groundnut,Punjab,Zaid,87.51,2482.8,39.7,109.8,14.56,39.9,205693.97,2350.52
2023,Millet,Rajasthan,Whole Year,452.58,518.2,40.0,60.2,12.94,37.8,221567.93,489.57
2007,Maize,Uttar Pradesh,Rabi,476.35,1521.6,34.6,231.8,7.6,64.4,1237352.04,2597.57
2009,Wheat,Haryana,Rabi,183.42,1467.3,39.3,380.1,15.81,34.6,141484.54,771.37
2007,Millet,Rajasthan,Whole Year,188.71,451.6,35.8,343.7,12.75,49.0,69142.68,366.4
2020,Millet,Tamil Nadu,Rabi,371.9,1694.7,29.3,273.9,12.01,90.2,305161.82,820.55
2021,Rice,Karnataka,Kharif,228.69,931.1,31.2,114.9,16.47,87.0,662987.55,2899.07
2019,Soybean,Bihar,Whole Year,15.28,528.3,32.0,354.4,5.27,84.0,3447.97,225.65
2007,Groundnut,Andhra Pradesh,Zaid,460.02,693.0,18.4,314.2,5.03,63.0,412653.29,897.03
2016,Sorghum,Bihar,Whole Year,215.94,2111.9,20.2,143.4,8.04,31.8,327601.86,1517.1
2013,Maize,Madhya Pradesh,Kharif,102.54,529.1,29.1,331.8,1.93,37.9,138059.69,1346.4
2016,Sunflower,Maharashtra,Whole Year,278.28,1327.2,18.1,357.0,7.08,89.8,139083.89,499.8
2019,Millet,Punjab,Zaid,110.23,729.6,41.1,294.4,8.42,84.4,43306.82,392.88
2006,Wheat,Maharashtra,Zaid,103.8,657.1,28.7,85.1,10.15,54.5,310574.64,2992.05
2022,Soybean,Rajasthan,Whole Year,273.32,752.6,25.3,394.5,5.45,77.4,57645.47,210.91
2016,Rice,Punjab,Whole Year,196.13,1384.1,19.3,76.6,18.18,85.5,623600.57,3179.53
2008,Barley,Gujarat,Kharif,286.92,823.1,26.2,279.1,6.06,70.3,582773.13,2031.13
2020,Maize,Uttar Pradesh,Kharif,498.42,512.8,23.2,88.7,17.11,85.5,1311142.1,2630.6
2020,Barley,Karnataka,Zaid,429.65,2063.1,17.4,366.9,9.18,45.9,746240.3,1736.86
2005,Sugarcane,Tamil Nadu,Rabi,4.83,1487.6,41.1,172.5,14.5,60.0,432568.82,89558.76
2006,Millet,Rajasthan,Rabi,26.23,645.1,22.2,229.0,2.66,67.6,28305.87,1079.14
2007,Cotton,Andhra Pradesh,Rabi,305.43,1337.1,33.6,112.6,11.12,71.0,175548.8,574.76
2021,Maize,Uttar Pradesh,Rabi,313.5,450.4,17.5,241.3,19.24,94.2,575321.47,1835.16
2005,Sorghum,Tamil Nadu,Zaid,439.22,1576.9,39.7,378.6,13.49,85.0,147319.05,335.41
2010,Soybean,Maharashtra,Rabi,314.9,1048.7,31.0,365.6,16.5,33.6,170782.45,542.34
2019,Wheat,Uttar Pradesh,Rabi,114.63,527.8,32.7,72.4,5.59,41.0,438182.67,3822.58
2018,Maize,Tamil Nadu,Whole Year,234.79,704.0,36.1,182.4,16.1,72.7,532116.01,2266.35
2019,Sorghum,Madhya Pradesh,Rabi,404.68,1060.5,31.4,143.6,7.35,45.6,538263.94,1330.1
2018,Groundnut,Madhya Pradesh,Whole Year,461.49,2074.1,16.9,218.5,9.96,40.3,867145.9,1879.01
2009,Barley,Tamil Nadu,Zaid,119.22,682.3,26.6,341.8,4.17,73.3,208428.98,1748.27
2010,Groundnut,Maharashtra,Whole Year,270.26,541.3,22.1,308.6,9.97,64.9,188629.7,697.96
2021,Soybean,Bihar,Kharif,80.3,1435.1,28.1,170.4,10.56,82.3,103847.71,1293.25
2015,Rice,Tamil Nadu,Whole Year,249.0,1529.1,25.9,183.9,12.64,50.8,819707.87,3292.0
2020,Millet,Madhya Pradesh,Rabi,45.97,498.5,37.3,279.0,17.44,51.4,23121.15,502.96
2016,Maize,Haryana,Whole Year,470.92,925.9,21.7,118.0,6.44,39.8,1727833.42,3669.06
2019,Cotton,Punjab,Whole Year,319.39,878.1,20.4,86.0,19.69,72.4,172547.94,540.24
2008,Barley,Bihar,Zaid,427.25,709.7,40.9,134.9,17.03,76.1,633035.41,1481.65
2022,Barley,Haryana,Zaid,499.15,994.4,40.6,93.4,8.36,39.0,1168862.86,2341.71
2007,Maize,Maharashtra,Rabi,92.15,381.6,41.8,173.2,4.92,46.5,169762.59,1842.24
2012,Sugarcane,West Bengal,Kharif,347.38,1733.4,30.3,378.1,1.89,40.0,14025392.15,40374.78
2007,Groundnut,Uttar Pradesh,Kharif,443.61,2474.7,18.1,92.1,5.07,78.6,1257403.09,2834.48
2012,Barley,Gujarat,Whole Year,288.39,1694.9,38.8,336.4,17.75,43.6,318055.59,1102.87
2022,Sorghum,Andhra Pradesh,Kharif,320.21,1094.4,18.9,237.1,6.19,39.9,427215.01,1334.17
2014,Wheat,Andhra Pradesh,Zaid,204.43,1769.4,19.2,271.5,3.19,34.5,760445.0,3719.83
2021,Millet,Rajasthan,Rabi,337.71,1557.3,20.2,109.5,0.94,84.0,396170.83,1173.11
2012,Barley,Rajasthan,Rabi,198.39,2162.9,32.6,103.0,6.3,38.1,658786.89,3320.67
2015,Sorghum,Maharashtra,Zaid,238.83,1668.1,17.9,107.0,4.71,31.9,378572.06,1585.11
2009,Soybean,Rajasthan,Rabi,52.35,1695.0,36.0,283.5,2.49,34.2,68735.11,1312.99
2017,Soybean,Andhra Pradesh,Whole Year,4.9,787.7,16.6,311.7,19.05,53.8,2525.04,515.31
2009,Millet,Haryana,Rabi,28.52,1214.4,18.0,372.1,5.72,68.8,13377.09,469.04
2017,Sugarcane,Gujarat,Kharif,97.07,1057.7,26.7,189.4,0.62,55.9,7518416.08,77453.55
2010,Sunflower,Madhya Pradesh,Rabi,228.85,325.1,25.2,211.7,18.91,59.6,178037.55,777.97
2009,Sunflower,Andhra Pradesh,Rabi,11.48,989.2,41.7,214.4,11.78,89.8,10807.33,941.41
2013,Cotton,Haryana,Zaid,78.81,1369.3,41.1,144.5,2.11,79.3,53443.73,678.13
2020,Millet,West Bengal,Zaid,390.94,1619.7,20.1,164.9,1.11,52.2,507125.06,1297.19
2006,Rice,Maharashtra,Kharif,381.32,2356.1,40.6,346.4,2.6,40.0,911618.99,2390.69
2005,Sugarcane,Karnataka,Zaid,395.08,826.1,33.7,170.3,12.03,78.7,28949345.6,73274.64
2012,Barley,West Bengal,Kharif,460.85,635.3,26.0,354.2,1.71,67.3,402394.11,873.16
2023,Sunflower,Madhya Pradesh,Whole Year,60.42,2212.8,35.0,156.8,11.58,92.5,112933.51,1869.14
2015,Millet,West Bengal,Kharif,82.41,2372.1,39.3,169.0,13.22,89.0,104678.54,1270.22
2016,Sunflower,Bihar,Rabi,167.44,1373.5,19.9,246.1,3.38,66.6,208127.2,1243.0
2016,Potato,Bihar,Kharif,457.66,553.5,20.3,86.1,10.02,34.5,9453744.25,20656.7
2011,Groundnut,Andhra Pradesh,Whole Year,387.96,1367.9,26.0,372.7,19.3,32.0,25799.49,66.5
2017,Soybean,Maharashtra,Rabi,162.74,540.8,19.6,337.1,16.81,84.4,80160.45,492.57
2012,Potato,Punjab,Kharif,44.73,2243.0,24.7,284.7,14.61,75.4,918295.57,20529.75
2013,Sorghum,Bihar,Zaid,308.57,1857.9,32.4,395.8,10.6,66.4,77860.62,252.33
2011,Millet,Tamil Nadu,Zaid,129.15,830.5,36.9,55.6,8.19,74.8,113484.98,878.71
2019,Groundnut,West Bengal,Zaid,266.05,2250.7,23.2,193.9,9.3,65.1,537476.53,2020.21
2006,Sugarcane,Rajasthan,Kharif,470.96,1703.4,22.6,350.4,15.41,67.6,16397017.93,34816.16
2016,Rice,Haryana,Kharif,286.74,2397.2,36.1,201.6,11.31,44.7,1072069.28,3738.82
2005,Sorghum,Punjab,Whole Year,461.99,2457.1,25.3,51.8,15.41,59.6,807314.33,1747.47
2012,Wheat,Maharashtra,Rabi,197.13,307.2,37.1,105.2,19.41,30.7,428510.27,2173.74
2009,Sunflower,Karnataka,Rabi,317.04,564.5,41.8,201.9,12.99,73.5,323090.05,1019.08
2019,Rice,Gujarat,Rabi,447.05,1503.2,41.5,283.8,12.26,51.6,840470.43,1880.04
2005,Barley,Bihar,Rabi,294.41,2402.9,32.9,106.9,8.42,72.7,1076406.13,3656.15
2005,Potato,Punjab,Kharif,307.83,2487.3,25.1,206.8,4.34,90.2,10347991.21,33615.93
2014,Groundnut,Karnataka,Kharif,358.44,1548.3,16.8,54.5,7.8,68.5,738830.8,2061.24
2014,Millet,Andhra Pradesh,Whole Year,441.17,682.4,34.9,217.1,10.64,51.3,252099.54,571.43
2019,Sunflower,Uttar Pradesh,Rabi,45.0,658.7,41.4,363.6,1.18,43.5,2511.1,55.8
2021,Potato,Bihar,Kharif,169.09,1980.5,16.8,258.9,9.78,46.4,4646297.6,27478.25
2010,Potato,Tamil Nadu,Kharif,199.44,1602.3,15.2,204.2,17.31,94.2,3948953.36,19800.21
2007,Millet,Andhra Pradesh,Kharif,454.95,1507.3,37.5,106.8,19.54,70.0,275228.8,604.96
2017,Maize,Maharashtra,Kharif,478.05,1324.7,17.8,120.8,17.18,58.6,1439500.07,3011.19
2020,Soybean,Uttar Pradesh,Rabi,61.07,1895.3,17.2,76.8,3.85,45.0,114646.78,1877.3
2012,Barley,Karnataka,Rabi,60.43,2187.7,39.6,309.8,3.52,80.2,147206.28,2435.98
2019,Groundnut,Uttar Pradesh,Kharif,467.5,966.5,17.1,77.0,8.17,55.2,828765.66,1772.76
2021,Millet,Gujarat,Zaid,148.59,786.0,18.1,184.4,4.9,49.6,132226.57,889.88
2021,Wheat,Rajasthan,Whole Year,121.67,1774.4,30.4,312.4,13.68,44.4,293927.07,2415.77
2017,Sorghum,Rajasthan,Rabi,18.78,2312.4,35.4,299.5,2.15,42.1,23947.51,1275.16
2021,Barley,Andhra Pradesh,Rabi,138.52,1065.9,25.8,252.1,9.15,47.8,296920.53,2143.52
2010,Sugarcane,Madhya Pradesh,Zaid,347.07,899.4,26.4,250.0,5.97,70.8,25297945.19,72890.04
2021,Wheat,Andhra Pradesh,Rabi,213.59,797.5,32.1,81.6,12.11,45.6,693454.41,3246.66
2020,Sorghum,Bihar,Zaid,258.92,859.9,28.6,111.2,16.04,33.9,281481.53,1087.14
2018,Sunflower,Maharashtra,Zaid,458.73,596.9,15.5,237.2,18.51,53.3,278195.53,606.45
2017,Cotton,Maharashtra,Kharif,58.23,1612.9,18.1,171.8,19.3,68.0,34339.36,589.72
2010,Soybean,Haryana,Rabi,36.55,917.8,30.7,56.6,7.35,33.9,53450.07,1462.38
2007,Sunflower,Gujarat,Whole Year,426.11,1652.9,36.4,329.4,17.19,59.4,373142.49,875.7
2018,Barley,Maharashtra,Zaid,387.65,482.7,35.6,278.8,12.04,33.4,517917.93,1336.05
2018,Groundnut,West Bengal,Whole Year,132.6,554.0,35.0,164.0,14.0,79.9,198286.01,1495.37
2019,Rice,Gujarat,Kharif,162.79,1479.5,35.8,84.4,17.1,86.7,308612.63,1895.77
2012,Sorghum,Haryana,Rabi,155.83,1425.4,16.2,256.9,3.04,92.6,151772.77,973.96
2019,Sugarcane,Rajasthan,Kharif,324.26,897.3,39.2,172.0,18.97,74.9,21854625.2,67398.46
2017,Millet,Punjab,Kharif,31.54,2119.7,39.0,139.4,11.17,71.1,35505.57,1125.73
2021,Rice,Haryana,Whole Year,245.21,711.5,29.4,302.5,7.05,75.1,343803.05,1402.08
2007,Sunflower,Haryana,Whole Year,67.8,1093.5,21.7,164.9,7.11,85.6,92388.02,1362.66
2010,Wheat,Madhya Pradesh,Zaid,410.05,1522.1,31.0,97.6,15.14,82.5,1666064.34,4063.08
2009,Soybean,Andhra Pradesh,Rabi,190.95,2207.9,30.1,218.6,13.73,58.5,254598.59,1333.33
2021,Sunflower,Tamil Nadu,Kharif,264.26,1220.8,21.0,340.0,14.72,72.3,173856.92,657.9
2006,Groundnut,Uttar Pradesh,Zaid,15.63,1176.9,31.3,347.4,5.43,40.5,23390.33,1496.5
2019,Sunflower,Madhya Pradesh,Zaid,30.07,1575.0,36.5,347.3,3.82,75.2,21471.89,714.06
2009,Rice,Rajasthan,Kharif,337.85,996.7,36.8,197.3,14.58,77.5,640702.11,1896.41
2010,Sugarcane,Karnataka,Kharif,383.62,1860.2,16.6,326.8,6.32,82.1,15158466.23,39514.28
2010,Sorghum,Karnataka,Zaid,355.31,847.1,20.3,347.6,4.84,83.1,192655.12,542.22
2022,Groundnut,Madhya Pradesh,Kharif,368.77,2111.0,33.0,210.8,4.68,58.6,871687.62,2363.77
2022,Cotton,Bihar,Kharif,53.21,899.2,38.2,161.6,3.39,88.7,28052.46,527.2
2008,Millet,Maharashtra,Whole Year,347.03,2483.9,29.1,295.7,8.82,93.8,453922.62,1308.02
2021,Sunflower,Rajasthan,Rabi,91.69,996.2,34.1,366.6,5.59,93.6,100490.8,1095.98
2018,Sunflower,West Bengal,Zaid,49.91,2233.4,15.6,390.3,17.93,68.1,40924.03,819.96
2018,Soybean,Bihar,Kharif,378.82,1174.2,31.4,151.6,13.94,66.4,443294.03,1170.2
2017,Rice,Maharashtra,Zaid,444.81,841.3,41.0,384.7,15.01,59.7,142796.48,321.03
2011,Soybean,Maharashtra,Rabi,358.64,797.6,32.8,224.7,8.37,49.5,366011.22,1020.55
2016,Soybean,Haryana,Zaid,402.98,2170.4,39.9,157.1,12.2,51.7,593846.8,1473.64
2019,Soybean,Rajasthan,Zaid,495.55,979.3,30.3,395.9,10.27,44.0,185183.08,373.69
2023,Sorghum,Uttar Pradesh,Zaid,68.24,1044.8,37.8,357.2,3.77,92.1,26659.96,390.68
2015,Soybean,Maharashtra,Whole Year,482.61,733.4,18.4,292.3,1.43,70.3,331106.1,686.07
2019,Cotton,Tamil Nadu,Rabi,301.0,2414.9,18.3,363.2,13.83,90.7,87075.12,289.29
2016,Sunflower,Gujarat,Rabi,406.81,838.4,18.2,288.5,2.86,55.2,407827.85,1002.5
2007,Wheat,West Bengal,Zaid,325.43,844.4,28.2,204.1,1.62,49.4,1430074.9,4394.42
2021,Sugarcane,West Bengal,Zaid,285.45,2376.6,23.9,381.8,9.12,38.6,19311294.93,67652.11
2007,Groundnut,Maharashtra,Rabi,352.11,2282.0,34.4,387.1,14.89,49.5,291474.79,827.79
2023,Cotton,Tamil Nadu,Kharif,160.81,847.6,39.4,160.0,15.49,87.9,78692.9,489.35
2008,Groundnut,Gujarat,Whole Year,462.21,2202.4,31.7,174.0,17.53,67.8,886190.42,1917.29
2007,Sugarcane,Punjab,Rabi,58.53,849.6,20.8,184.0,4.38,59.4,5387255.71,92042.64
2020,Wheat,Andhra Pradesh,Zaid,159.7,485.8,40.1,337.8,19.72,66.9,118928.15,744.7
2016,Barley,Andhra Pradesh,Kharif,16.55,2104.8,29.3,326.9,15.38,88.0,18467.65,1115.87
2012,Groundnut,Andhra Pradesh,Kharif,136.39,1997.4,34.4,394.1,3.57,42.5,116923.13,857.27
2021,Groundnut,Bihar,Kharif,109.89,948.3,39.0,212.8,16.89,92.8,145339.46,1322.59
2011,Wheat,Haryana,Whole Year,25.77,498.3,41.7,307.9,10.23,73.3,43911.31,1703.97
2015,Rice,West Bengal,Whole Year,246.4,754.2,28.7,349.9,1.8,85.6,344493.12,1398.11
2022,Cotton,Karnataka,Rabi,234.85,1996.3,36.8,127.4,3.07,64.2,139850.36,595.49
2005,Potato,Karnataka,Rabi,39.79,2422.4,30.3,267.2,8.96,45.4,1071551.44,26930.17
2007,Rice,Haryana,Rabi,131.66,869.8,28.1,241.7,10.84,66.9,224661.16,1706.37
2008,Rice,Maharashtra,Rabi,476.71,2100.2,29.5,310.0,18.98,34.4,881514.86,1849.16
2017,Rice,Bihar,Zaid,56.26,801.5,28.1,293.4,4.71,85.4,148039.32,2631.34
2010,Soybean,Rajasthan,Whole Year,153.2,1795.1,26.4,334.5,9.75,72.2,149096.33,973.21
2018,Millet,Rajasthan,Kharif,18.9,483.9,34.5,158.9,4.9,48.4,13780.47,729.13
2009,Groundnut,Andhra Pradesh,Zaid,75.29,1587.7,21.7,125.7,11.39,47.8,145661.89,1934.68
2020,Sunflower,Madhya Pradesh,Rabi,350.0,892.2,31.6,331.8,18.23,88.7,206422.84,589.78
2019,Potato,Rajasthan,Rabi,183.99,2336.9,34.2,176.2,11.57,84.7,5086403.97,27645.0
2019,Rice,Maharashtra,Zaid,226.59,937.5,39.1,150.7,10.45,79.6,694439.41,3064.74
2008,Cotton,Madhya Pradesh,Kharif,79.33,1176.6,24.0,167.9,15.13,57.0,37925.76,478.08
2012,Millet,Punjab,Whole Year,341.39,2149.5,38.2,73.2,3.38,86.7,377354.39,1105.35
2020,Millet,Haryana,Whole Year,376.01,1264.2,40.5,320.6,18.16,46.0,164006.46,436.18
2020,Rice,Punjab,Kharif,91.37,824.5,32.5,300.3,11.76,31.6,121361.68,1328.24
2008,Sorghum,West Bengal,Whole Year,23.45,1504.6,35.8,243.4,13.88,58.1,24203.13,1032.12
2017,Rice,Rajasthan,Rabi,41.39,2148.0,26.0,300.6,16.47,89.8,139313.63,3365.88
2017,Sorghum,Gujarat,Rabi,328.87,1253.0,40.7,180.6,12.88,67.1,265114.0,806.14
2006,Rice,Bihar,Rabi,68.62,592.4,33.1,153.4,13.0,44.9,164224.37,2393.24
2007,Potato,Andhra Pradesh,Rabi,247.47,1142.8,23.4,351.8,14.73,72.3,3151690.32,12735.65
2012,Cotton,Haryana,Kharif,77.17,2399.8,25.9,197.9,1.52,78.4,61192.52,792.96
2019,Sorghum,Andhra Pradesh,Whole Year,85.9,458.4,31.7,118.6,7.95,65.8,86759.3,1010.0
2015,Soybean,Rajasthan,Whole Year,3.18,1198.6,21.3,312.2,19.28,84.8,922.19,290.0
2013,Millet,Bihar,Zaid,161.09,1725.7,35.4,167.6,5.53,68.5,174882.42,1085.62
2011,Rice,Uttar Pradesh,Kharif,45.81,472.7,21.1,124.1,11.07,36.2,94643.47,2066.0
2017,Millet,Rajasthan,Whole Year,197.59,1058.9,31.0,59.5,3.92,82.6,176327.56,892.39
2006,Rice,Haryana,Whole Year,299.29,2369.3,33.8,389.7,6.8,39.5,536105.75,1791.26
2012,Groundnut,Madhya Pradesh,Zaid,184.4,367.4,38.2,213.6,14.48,87.4,163829.04,888.44
2011,Groundnut,Karnataka,Rabi,352.84,1953.8,34.8,106.6,13.04,63.9,603869.71,1711.45
2016,Maize,Madhya Pradesh,Whole Year,370.98,2151.0,36.6,315.2,8.58,77.6,1276765.57,3441.6
2023,Rice,Haryana,Rabi,348.61,909.5,39.6,360.7,18.79,93.2,168721.23,483.98
2011,Maize,Tamil Nadu,Zaid,468.42,772.4,31.1,234.8,15.61,58.1,1096337.98,2340.5
2014,Potato,Madhya Pradesh,Whole Year,119.41,2312.6,37.8,59.9,5.72,59.9,3464216.35,29011.11
2020,Sunflower,Gujarat,Rabi,95.54,1980.8,21.3,177.8,9.58,83.7,146707.72,1535.56
2007,Wheat,Rajasthan,Kharif,305.25,549.4,37.0,135.1,17.62,37.2,427986.83,1402.09
2014,Wheat,Tamil Nadu,Rabi,297.84,766.8,21.0,272.7,0.94,31.8,722612.64,2426.18
2010,Millet,Bihar,Rabi,255.54,1667.0,40.2,231.6,11.84,69.3,257957.69,1009.46
2022,Sorghum,Karnataka,Rabi,3.17,1222.7,23.9,174.5,5.02,40.9,4416.13,1393.1
2022,Rice,Maharashtra,Rabi,278.06,1409.2,19.6,277.0,1.74,46.6,728698.62,2620.65
2009,Potato,Bihar,Kharif,466.47,2393.4,19.0,254.6,18.3,93.5,11304670.34,24234.51
2011,Sugarcane,Maharashtra,Zaid,167.95,1224.5,20.1,367.3,16.42,72.5,1329604.15,7916.67
2006,Rice,Gujarat,Rabi,483.83,2239.7,27.1,258.9,4.11,85.6,1639644.65,3388.89
2015,Rice,West Bengal,Rabi,179.02,1753.6,29.1,227.7,16.82,88.4,486124.46,2715.48
2017,Potato,Gujarat,Whole Year,70.79,567.6,39.7,338.3,3.36,37.9,858798.76,12131.64
2009,Potato,Gujarat,Whole Year,199.8,1937.9,25.3,120.8,9.79,90.3,5422459.05,27139.43
2010,Sugarcane,Gujarat,Kharif,247.81,1444.5,20.9,135.2,14.65,86.3,20699819.22,83531.01
2018,Wheat,Gujarat,Kharif,315.1,795.2,35.1,324.3,10.91,32.9,453046.21,1437.79
2016,Maize,Gujarat,Kharif,252.93,937.0,18.6,204.8,17.09,93.5,652819.72,2581.03
2008,Sunflower,Punjab,Whole Year,268.82,1526.1,39.1,193.2,12.53,59.8,329644.39,1226.26
2010,Millet,Karnataka,Rabi,13.01,1623.7,26.1,360.5,8.92,93.3,7419.11,570.26
2014,Wheat,Haryana,Whole Year,127.56,2430.0,31.6,263.5,18.54,83.6,450020.69,3527.91
2022,Sugarcane,Madhya Pradesh,Zaid,156.04,2180.4,20.0,331.0,1.21,58.6,11534861.62,73922.47
2019,Rice,Rajasthan,Kharif,493.56,752.8,18.9,333.4,10.02,63.3,544324.59,1102.85
2012,Wheat,Tamil Nadu,Kharif,148.49,2002.8,36.6,92.0,13.39,47.9,481784.6,3244.56
2013,Cotton,Gujarat,Kharif,448.39,318.2,26.6,278.8,16.8,61.6,141073.25,314.62
2009,Groundnut,West Bengal,Zaid,153.06,585.6,41.6,383.4,11.05,37.0,15052.15,98.34
2014,Rice,Andhra Pradesh,Rabi,48.96,739.3,29.2,218.0,17.77,89.1,76277.08,1557.95
2010,Sunflower,Rajasthan,Rabi,124.56,1613.8,37.8,306.3,8.81,76.4,100832.04,809.51
2020,Barley,Andhra Pradesh,Rabi,137.14,728.3,41.5,248.4,6.68,82.3,315946.03,2303.82
2007,Sugarcane,Tamil Nadu,Kharif,489.15,1103.6,22.6,121.7,19.49,64.5,33335685.15,68150.23
2014,Soybean,Tamil Nadu,Rabi,337.47,834.1,36.6,118.3,13.51,38.2,414637.86,1228.67
2015,Sorghum,Rajasthan,Whole Year,465.91,1042.3,15.6,201.8,8.8,64.9,448292.41,962.19
2015,Soybean,Madhya Pradesh,Kharif,417.66,2373.4,33.4,219.0,17.62,51.4,532139.79,1274.1
2021,Wheat,West Bengal,Zaid,289.72,2494.2,35.1,226.1,13.82,30.7,1145487.96,3953.78
2008,Rice,Punjab,Zaid,338.02,1808.6,27.9,384.3,12.94,70.0,601399.09,1779.18
2008,Sorghum,Maharashtra,Rabi,312.79,1559.1,19.4,85.1,14.71,85.5,449348.78,1436.58
2021,Sorghum,Tamil Nadu,Kharif,333.47,1858.6,31.7,183.2,14.9,76.2,476062.29,1427.6
2013,Millet,Madhya Pradesh,Whole Year,133.12,1997.6,39.2,230.1,10.11,44.5,136731.2,1027.13
2023,Soybean,West Bengal,Whole Year,204.65,1925.8,40.1,387.1,8.68,83.2,150692.89,736.34
2009,Potato,Tamil Nadu,Kharif,296.72,480.2,35.1,226.5,18.23,50.1,2858320.62,9633.06
2010,Rice,Bihar,Rabi,18.93,982.6,22.1,321.3,10.2,44.2,32360.94,1709.51
2007,Millet,Uttar Pradesh,Zaid,241.93,1055.5,38.5,312.2,4.71,92.5,171753.15,709.93
2005,Potato,Maharashtra,Zaid,430.0,1112.4,39.0,248.3,10.67,31.1,9252642.22,21517.77
2020,Maize,Bihar,Whole Year,246.69,1057.5,24.9,95.7,1.17,40.9,954975.22,3871.15
2015,Sunflower,Tamil Nadu,Whole Year,276.61,2031.6,19.9,126.6,14.6,60.4,394761.1,1427.14
2017,Soybean,West Bengal,Whole Year,101.75,1944.7,38.6,134.0,2.98,40.9,163419.02,1606.08
2014,Groundnut,Tamil Nadu,Zaid,397.38,310.1,38.9,63.5,2.68,40.8,588318.07,1480.49
2007,Groundnut,Andhra Pradesh,Whole Year,180.08,952.0,17.7,182.7,18.95,71.2,281371.07,1562.48
2013,Sunflower,Rajasthan,Zaid,478.34,1672.1,41.1,263.7,15.56,83.2,414788.0,867.14
2016,Potato,Rajasthan,Zaid,496.86,564.6,29.4,100.5,8.58,73.0,11468822.16,23082.6
2018,Millet,Madhya Pradesh,Rabi,458.08,456.6,41.8,111.3,5.17,36.6,417520.05,911.46
2005,Sunflower,Tamil Nadu,Rabi,43.35,2122.5,27.0,297.4,16.95,88.2,44268.98,1021.2
2022,Maize,West Bengal,Rabi,167.26,1295.9,29.4,109.2,19.39,90.0,482481.71,2884.62
2021,Cotton,Andhra Pradesh,Whole Year,472.62,2182.5,22.2,97.4,10.41,48.3,403997.1,854.8
2013,Cotton,Punjab,Zaid,402.46,2111.8,39.3,392.2,11.81,66.0,111949.95,278.16
2013,Groundnut,Punjab,Whole Year,455.68,2265.4,27.0,55.2,5.24,61.5,1284564.65,2819.01
2014,Barley,Andhra Pradesh,Zaid,286.7,406.2,37.0,163.9,11.99,73.4,523680.73,1826.58
2023,Sugarcane,Haryana,Rabi,240.72,709.5,17.2,62.2,8.31,93.6,20736570.79,86143.95
2019,Sunflower,West Bengal,Rabi,54.14,951.5,36.3,343.3,16.99,94.1,10126.23,187.04
2009,Sugarcane,Punjab,Whole Year,419.9,599.7,28.2,254.2,7.85,63.1,28556604.91,68008.11
2019,Barley,Haryana,Zaid,372.83,1368.0,15.1,66.8,13.15,36.0,886431.23,2377.57
2006,Millet,West Bengal,Whole Year,30.38,2057.7,21.1,265.4,4.47,51.7,27333.48,899.72
2017,Sunflower,Bihar,Kharif,105.5,2392.6,20.2,93.1,2.27,56.9,192129.91,1821.14
2020,Sugarcane,Andhra Pradesh,Whole Year,279.08,2257.1,35.3,223.5,1.29,64.8,28831542.21,103309.24
2019,Sugarcane,Bihar,Rabi,342.52,1306.1,27.9,284.3,8.61,92.4,24913427.27,72735.69
2014,Soybean,Gujarat,Zaid,69.7,1700.3,19.3,102.0,3.69,47.1,122545.76,1758.19
2018,Soybean,Haryana,Zaid,123.17,807.5,21.9,224.0,19.87,64.9,70586.84,573.08
2014,Barley,Haryana,Whole Year,97.36,1186.6,28.6,210.1,16.07,48.9,199228.63,2046.31
2018,Rice,Madhya Pradesh,Rabi,110.78,2216.6,15.5,370.5,14.02,89.8,182546.01,1647.82
2013,Sunflower,Tamil Nadu,Kharif,460.44,364.2,26.5,398.5,16.16,94.3,39665.54,86.15
2018,Maize,Karnataka,Whole Year,358.19,1472.1,33.3,279.1,5.62,86.6,1169681.05,3265.53
2007,Millet,Karnataka,Zaid,368.82,2220.2,29.0,349.2,17.65,52.0,190643.87,516.9
2020,Soybean,West Bengal,Rabi,397.2,568.4,31.1,276.4,19.91,48.1,186496.54,469.53
2006,Soybean,Bihar,Zaid,178.93,2461.6,23.8,356.7,6.15,58.0,198663.1,1110.28
2014,Cotton,Bihar,Zaid,383.83,327.3,19.9,201.6,19.7,78.6,96783.52,252.15
2007,Sunflower,Tamil Nadu,Zaid,489.23,2249.5,36.9,262.8,6.75,30.6,544962.8,1113.92
2015,Maize,Bihar,Zaid,349.5,1078.1,39.5,345.8,0.73,94.7,716584.23,2050.31
2015,Sunflower,Rajasthan,Kharif,208.96,591.9,28.8,371.3,7.66,87.4,171013.11,818.4
2017,Cotton,Maharashtra,Rabi,358.46,646.2,23.2,58.6,19.95,31.5,177443.67,495.02
2011,Rice,Gujarat,Whole Year,450.5,1842.6,28.8,86.4,12.89,54.8,1690929.8,3753.45
2021,Maize,Maharashtra,Rabi,65.25,2215.6,38.7,375.9,14.06,74.7,119590.89,1832.81
2006,Sugarcane,Haryana,Rabi,133.38,1710.3,33.7,249.0,5.15,45.7,9327048.94,69928.39
2016,Cotton,Uttar Pradesh,Rabi,459.73,2343.2,38.2,396.6,3.35,39.3,155825.98,338.95
2014,Groundnut,Punjab,Whole Year,473.17,2153.5,23.9,327.4,17.77,70.9,686444.96,1450.74
2022,Millet,Punjab,Rabi,242.59,319.9,34.2,336.3,8.56,88.7,35505.37,146.36
2015,Sugarcane,Tamil Nadu,Whole Year,187.9,1772.7,32.6,185.1,0.58,92.1,18407033.1,97961.86
2020,Maize,Karnataka,Whole Year,142.11,970.2,30.4,140.1,6.24,30.7,397824.26,2799.41
2021,Groundnut,Uttar Pradesh,Kharif,249.88,1299.9,29.3,259.4,4.32,86.8,386779.6,1547.86
2023,Rice,Tamil Nadu,Zaid,467.33,506.9,29.9,357.7,12.27,66.4,690927.15,1478.46
2022,Groundnut,Haryana,Whole Year,75.76,920.6,37.9,304.0,15.24,45.5,87460.28,1154.44
2007,Soybean,Uttar Pradesh,Zaid,210.5,1691.9,39.7,215.3,10.2,70.1,289982.98,1377.59
2020,Barley,Punjab,Rabi,455.89,780.4,18.0,313.6,4.13,94.7,962599.4,2111.47
2010,Groundnut,West Bengal,Zaid,175.21,1724.6,30.4,291.6,1.63,48.0,332270.51,1896.41
2016,Sorghum,Haryana,Zaid,384.27,2330.7,39.8,369.6,6.61,48.0,289862.49,754.32
2015,Potato,Tamil Nadu,Zaid,195.24,310.9,18.6,142.2,16.22,75.4,2350746.6,12040.29
2019,Rice,Madhya Pradesh,Rabi,402.66,2028.7,26.1,91.8,8.68,32.8,1480648.13,3677.17
2019,Potato,Rajasthan,Rabi,490.52,1710.9,17.4,214.5,5.42,83.3,12307466.19,25090.65
2020,Sugarcane,Andhra Pradesh,Whole Year,194.52,402.6,18.1,176.4,0.9,72.4,13842825.18,71164.02
2014,Sunflower,Haryana,Whole Year,422.7,2038.4,39.4,391.2,10.17,84.7,232110.22,549.11
2016,Cotton,Haryana,Kharif,494.22,793.9,27.0,52.6,13.85,45.0,213172.57,431.33
2017,Wheat,Rajasthan,Rabi,491.93,884.8,33.6,376.7,4.21,85.1,347595.94,706.6
2008,Rice,Gujarat,Kharif,217.45,505.7,18.8,384.3,10.98,59.2,22598.96,103.93
2011,Sorghum,West Bengal,Rabi,243.39,1475.6,15.6,67.8,8.7,38.6,323981.12,1331.12
2006,Soybean,Rajasthan,Zaid,152.4,1396.1,39.0,361.3,14.23,88.6,49002.37,321.54
2019,Cotton,Maharashtra,Kharif,157.7,1063.8,30.5,214.8,17.28,75.8,72416.72,459.21
2012,Millet,Maharashtra,Kharif,246.74,671.3,15.5,318.2,6.49,40.9,119926.37,486.04
2011,Sunflower,Haryana,Kharif,101.06,2143.5,41.8,77.7,18.14,46.0,139966.55,1384.98
2019,Sunflower,Gujarat,Rabi,355.85,2228.0,28.3,384.3,14.29,47.5,230865.47,648.77
2018,Wheat,Punjab,Whole Year,268.62,1489.3,27.8,262.6,1.22,92.6,858954.9,3197.66
2012,Groundnut,Gujarat,Kharif,449.14,837.3,31.8,364.5,15.93,87.6,353543.92,787.16
2016,Potato,Maharashtra,Whole Year,405.48,511.4,15.2,285.5,10.15,52.5,4080156.54,10062.53
2017,Sorghum,Gujarat,Rabi,161.91,2210.8,30.4,237.9,18.94,60.3,231596.59,1430.4
2015,Sunflower,Gujarat,Kharif,253.4,511.3,32.0,110.4,6.81,48.5,235620.3,929.84
2021,Groundnut,Madhya Pradesh,Rabi,375.51,329.0,23.0,112.3,12.03,78.3,441883.09,1176.75
2021,Millet,West Bengal,Whole Year,97.41,1332.7,34.6,215.4,19.14,40.5,48204.57,494.86
2008,Rice,Haryana,Whole Year,16.77,1908.8,25.2,354.7,5.79,52.0,38511.66,2296.46
2012,Barley,Bihar,Kharif,426.3,1306.6,34.4,90.3,9.7,69.4,1219888.15,2861.57
2009,Sorghum,Madhya Pradesh,Whole Year,69.64,413.1,18.9,399.4,15.17,87.0,17972.74,258.08
2020,Maize,West Bengal,Zaid,444.82,1818.1,39.7,356.6,13.98,71.3,703515.99,1581.57
2008,Sugarcane,Punjab,Zaid,456.89,1713.1,38.7,187.4,16.85,91.1,32040041.25,70126.38
2019,Maize,Punjab,Kharif,230.89,1799.4,19.1,138.6,10.64,90.5,673191.86,2915.64
2016,Barley,Maharashtra,Rabi,403.58,764.6,40.3,372.7,6.72,76.7,251133.52,622.26
2009,Millet,Tamil Nadu,Rabi,182.23,2050.5,30.1,93.1,10.93,48.1,230795.43,1266.51
2020,Maize,Rajasthan,Rabi,429.27,1354.2,33.9,171.6,7.32,74.4,1730097.86,4030.33
2018,Soybean,Karnataka,Zaid,412.52,1480.0,37.7,79.4,3.94,42.5,536476.36,1300.49
2014,Sorghum,Haryana,Whole Year,40.18,1500.8,17.3,383.7,11.32,51.7,23919.88,595.32
2011,Soybean,Bihar,Zaid,291.72,931.0,19.6,266.2,1.44,79.3,399222.5,1368.51
2017,Wheat,Tamil Nadu,Whole Year,320.36,850.3,22.8,167.7,1.21,85.3,1160450.04,3622.33
2009,Barley,Madhya Pradesh,Zaid,1.43,310.5,27.9,146.4,1.76,57.1,2671.83,1868.41
2007,Wheat,Haryana,Rabi,489.98,1172.5,24.3,205.4,13.62,64.0,1633230.48,3333.26
2019,Wheat,Rajasthan,Rabi,203.88,1367.2,28.7,82.0,8.44,55.1,640016.69,3139.18
2008,Wheat,Rajasthan,Rabi,259.15,1934.2,20.0,361.3,10.14,61.2,615652.88,2375.66
2019,Sunflower,Uttar Pradesh,Kharif,98.21,446.6,33.4,228.8,7.2,63.3,81219.48,827.0
2018,Rice,West Bengal,Kharif,305.85,2332.8,16.5,303.8,5.45,75.0,812772.39,2657.42
2023,Sunflower,Madhya Pradesh,Whole Year,405.5,880.7,24.8,131.8,7.49,78.8,555234.05,1369.26
2017,Rice,Maharashtra,Kharif,293.36,1106.8,19.8,226.3,4.27,93.4,1086055.86,3702.13
2014,Barley,Uttar Pradesh,Zaid,394.23,406.4,34.7,123.9,13.74,58.4,922126.85,2339.06
2009,Potato,Punjab,Zaid,365.82,1736.9,38.9,335.6,2.48,35.4,6410096.61,17522.54
2010,Cotton,Karnataka,Whole Year,119.59,1859.6,17.1,321.3,10.58,74.7,55108.07,460.81
2008,Sunflower,Madhya Pradesh,Whole Year,218.47,2343.3,36.2,101.9,9.8,62.4,355343.59,1626.51
2006,Maize,Maharashtra,Rabi,75.16,1041.0,39.2,76.1,6.39,84.7,230065.45,3061.01
2020,Rice,Punjab,Kharif,21.93,866.2,41.3,338.5,2.49,39.5,44938.72,2049.19
2022,Sunflower,Gujarat,Rabi,32.47,1897.4,30.6,88.4,14.22,71.9,48935.64,1507.1
2009,Groundnut,West Bengal,Kharif,471.31,1855.0,23.8,242.0,11.61,59.9,911632.73,1934.25
2008,Soybean,West Bengal,Kharif,492.28,2361.7,23.7,237.1,16.28,57.3,793436.23,1611.76
2017,Sunflower,West Bengal,Whole Year,48.39,751.7,25.2,121.0,5.09,66.7,64318.46,1329.17
2023,Rice,Uttar Pradesh,Rabi,168.26,1851.6,31.5,257.0,15.94,74.5,365384.67,2171.55
2006,Millet,Andhra Pradesh,Rabi,58.1,447.1,28.2,226.0,6.19,85.3,36718.99,632.0
2017,Wheat,Bihar,Kharif,417.28,1356.8,32.6,228.2,2.7,45.3,1577249.98,3779.84
2015,Rice,Bihar,Kharif,248.65,562.7,16.1,175.9,3.13,49.1,714582.6,2873.85
2008,Potato,Tamil Nadu,Whole Year,311.01,1736.9,17.9,343.4,4.81,65.7,4238469.62,13628.08
2019,Barley,Rajasthan,Zaid,270.42,1623.2,41.4,79.5,13.81,52.5,618039.42,2285.48
2008,Soybean,Karnataka,Rabi,355.42,407.4,41.9,203.5,5.26,66.9,323782.25,910.98
2013,Soybean,Rajasthan,Rabi,160.25,1003.2,35.2,140.9,12.28,43.0,172208.11,1074.62
2011,Cotton,Andhra Pradesh,Whole Year,69.61,1169.1,21.9,347.0,5.5,50.0,13613.09,195.56
2023,Sunflower,Gujarat,Whole Year,9.79,845.7,40.7,128.8,7.62,51.1,9033.63,922.74
2023,Sugarcane,Gujarat,Rabi,223.4,385.1,20.8,318.5,17.85,94.5,5203776.57,23293.54
2010,Sunflower,Gujarat,Rabi,454.01,1001.4,34.7,264.0,10.26,85.5,456444.79,1005.36
2010,Sugarcane,Maharashtra,Kharif,153.33,2043.8,18.1,356.2,12.2,84.5,6876287.05,44846.33
2019,Maize,Punjab,Zaid,98.78,1092.2,32.5,257.8,4.19,63.4,300889.46,3046.06
2019,Groundnut,Punjab,Rabi,463.1,1011.4,35.5,244.8,3.06,60.3,723594.04,1562.5
2013,Sorghum,Gujarat,Whole Year,53.62,2371.9,38.2,330.4,8.56,34.6,58014.22,1081.95
2008,Barley,Karnataka,Kharif,26.85,391.6,34.8,246.9,17.18,42.8,47691.63,1776.22
2022,Millet,Uttar Pradesh,Kharif,439.83,1988.0,39.9,345.6,5.2,88.2,249235.05,566.66
2022,Rice,Karnataka,Whole Year,350.75,1362.8,29.1,67.3,12.62,64.2,993140.62,2831.48
2009,Barley,Karnataka,Whole Year,211.61,2377.8,33.3,223.3,17.51,94.2,485841.92,2295.93
2015,Groundnut,Punjab,Kharif,376.42,1165.6,25.0,334.4,18.72,68.5,424884.88,1128.75
2009,Sugarcane,West Bengal,Whole Year,370.98,1857.7,15.3,346.9,19.88,54.5,12663873.32,34136.27
2008,Barley,Karnataka,Kharif,20.99,453.9,35.4,341.9,15.38,47.8,12699.21,605.01
2016,Potato,Karnataka,Whole Year,338.45,2343.3,38.5,261.5,1.96,89.7,9917057.21,29301.4
2006,Rice,Rajasthan,Kharif,320.8,1058.0,19.7,397.9,17.49,54.1,274093.36,854.41
2017,Cotton,West Bengal,Rabi,481.93,1452.8,15.8,113.5,17.77,39.5,208080.02,431.76
2014,Maize,Punjab,Rabi,483.34,604.7,19.4,111.1,11.37,48.1,1539731.78,3185.61
2013,Cotton,Uttar Pradesh,Whole Year,189.52,2380.2,39.2,61.5,1.81,72.0,125898.55,664.3
2014,Sugarcane,Bihar,Zaid,295.33,1780.5,23.0,396.3,9.79,38.6,7632827.54,25845.08
2011,Wheat,Tamil Nadu,Rabi,71.54,418.7,21.3,171.8,4.61,36.0,217128.84,3035.07
2008,Sunflower,Punjab,Kharif,34.16,641.5,15.4,316.7,9.12,59.7,20348.98,595.7
2023,Sugarcane,Punjab,Zaid,216.96,1179.6,23.0,70.9,14.62,35.4,20674994.8,95294.04
2014,Maize,Karnataka,Kharif,345.25,776.9,34.3,154.5,13.52,55.5,915553.95,2651.86
2007,Rice,Rajasthan,Kharif,284.31,970.2,40.9,268.3,15.71,51.0,447061.11,1572.44
2023,Potato,Andhra Pradesh,Rabi,215.4,2494.5,23.4,233.7,9.79,55.4,6402846.72,29725.38
2006,Groundnut,Gujarat,Whole Year,409.24,1749.0,21.5,122.7,10.46,61.7,949229.55,2319.49
2014,Sorghum,Haryana,Whole Year,397.42,2328.9,39.0,211.6,18.75,42.0,417870.91,1051.46
2006,Cotton,Madhya Pradesh,Kharif,366.24,1258.8,38.0,88.1,12.81,58.8,154520.86,421.91
2006,Sugarcane,Rajasthan,Rabi,39.44,1862.6,23.9,239.9,15.08,53.5,3215517.09,81529.34
2021,Groundnut,Andhra Pradesh,Kharif,398.44,1311.3,16.9,83.9,13.46,81.7,689301.48,1730.0
2020,Potato,Karnataka,Zaid,459.79,1022.1,41.8,272.6,12.99,75.2,6013216.9,13078.18
2020,Cotton,Karnataka,Kharif,30.66,1442.2,33.4,104.4,18.31,86.7,20364.37,664.2
2018,Sugarcane,Bihar,Rabi,201.43,1240.1,40.0,241.5,7.45,73.5,15506490.21,76982.03
2011,Maize,Uttar Pradesh,Kharif,494.19,2457.2,24.2,95.2,8.84,37.9,1891206.97,3826.88
2015,Cotton,Andhra Pradesh,Rabi,300.02,1391.6,32.5,190.2,7.91,63.0,169152.76,563.8
2005,Sugarcane,Maharashtra,Whole Year,257.28,2084.4,33.2,173.1,15.42,78.3,24422606.8,94926.18
2015,Rice,Bihar,Rabi,89.55,1767.0,38.6,314.7,17.43,84.7,167362.33,1868.93
2008,Potato,Gujarat,Zaid,283.18,1355.2,41.8,274.4,7.47,41.8,5950919.43,21014.62
2011,Maize,Haryana,Rabi,220.08,1343.1,17.9,378.0,3.28,44.5,505352.11,2296.22
2019,Groundnut,Uttar Pradesh,Zaid,64.59,1052.2,32.0,372.7,10.14,86.0,44523.5,689.32
2022,Groundnut,Rajasthan,Zaid,232.7,535.4,24.1,303.7,19.69,61.6,186557.01,801.71
2016,Sorghum,Madhya Pradesh,Kharif,83.04,1975.2,36.9,319.7,4.47,59.4,65997.87,794.77
2021,Barley,Madhya Pradesh,Zaid,365.6,2319.8,35.4,268.7,9.31,62.1,899922.76,2461.5
2005,Wheat,Rajasthan,Rabi,486.85,779.5,39.1,292.1,5.79,41.3,913081.45,1875.49
2015,Rice,Andhra Pradesh,Whole Year,235.32,2336.5,24.3,266.0,18.49,70.8,550456.2,2339.18
2005,Maize,Gujarat,Rabi,316.55,811.1,20.0,159.1,11.24,82.5,1017020.99,3212.83
2019,Cotton,Gujarat,Whole Year,216.06,1466.2,15.6,172.7,11.79,84.4,127021.01,587.9
2014,Groundnut,Rajasthan,Zaid,70.09,1056.0,21.9,251.2,0.66,32.0,149193.1,2128.59
2011,Sunflower,Maharashtra,Kharif,485.31,551.9,24.9,302.1,13.23,76.5,368188.24,758.67
2006,Potato,Madhya Pradesh,Zaid,65.66,416.2,40.5,192.1,6.47,35.9,1187798.17,18090.13
2014,Rice,Karnataka,Zaid,56.7,1103.8,28.3,99.9,10.51,92.8,201587.47,3555.33
2008,Maize,Gujarat,Whole Year,230.13,404.2,30.0,210.8,10.86,61.3,465962.0,2024.78
2016,Maize,Andhra Pradesh,Rabi,329.78,529.3,38.8,387.1,12.05,80.4,200537.77,608.1
2023,Cotton,Rajasthan,Kharif,178.11,613.1,38.9,124.9,16.56,70.4,84466.6,474.24
2015,Maize,Karnataka,Kharif,97.07,304.2,29.3,277.2,6.33,91.9,209274.99,2155.92
2012,Millet,West Bengal,Kharif,409.66,637.2,18.1,393.9,5.5,93.3,74820.84,182.64
2022,Rice,Madhya Pradesh,Kharif,182.19,1570.0,22.3,181.7,16.02,48.1,494129.69,2712.17
2015,Sugarcane,Punjab,Rabi,97.97,2103.0,27.3,360.8,14.52,61.4,4309284.06,43985.75
2015,Groundnut,Karnataka,Kharif,183.18,725.5,35.3,352.4,4.9,62.8,131438.26,717.54
2017,Groundnut,Gujarat,Whole Year,108.06,477.9,34.2,168.7,0.52,41.6,182393.85,1687.89
2007,Sugarcane,Punjab,Whole Year,260.2,1904.9,32.4,84.5,13.49,88.8,26049472.12,100113.27
2016,Rice,Gujarat,Kharif,334.48,318.0,38.8,112.5,3.56,52.7,643435.72,1923.69
2007,Wheat,Andhra Pradesh,Kharif,399.98,1915.2,36.7,178.0,19.16,35.7,1535848.22,3839.81
2014,Sunflower,Tamil Nadu,Rabi,114.55,588.5,41.5,385.7,12.29,40.0,2494.28,21.77
2021,Rice,Bihar,Rabi,84.31,802.2,39.0,146.1,17.07,63.4,178639.11,2118.84
2006,Soybean,Karnataka,Kharif,10.78,564.2,20.3,374.4,16.21,87.3,437.4,40.58
2021,Maize,Punjab,Rabi,114.82,844.1,16.6,113.5,11.38,70.8,356670.06,3106.34
2020,Barley,Andhra Pradesh,Zaid,12.93,2056.0,26.2,389.4,9.05,44.0,27364.86,2116.39
2006,Cotton,Gujarat,Kharif,173.39,591.6,31.7,152.8,10.19,49.3,95121.06,548.6
2010,Millet,Karnataka,Rabi,73.7,2487.2,32.4,271.6,16.16,93.4,64156.41,870.51
2014,Barley,Andhra Pradesh,Whole Year,290.37,1019.6,22.2,74.4,12.99,33.4,542041.82,1866.73
2014,Sugarcane,Madhya Pradesh,Kharif,192.48,2328.3,38.2,154.9,4.51,94.6,19595053.26,101803.06
2012,Cotton,Gujarat,Kharif,47.7,718.1,23.9,123.7,12.38,88.9,23111.93,484.53
2005,Cotton,Tamil Nadu,Whole Year,200.53,713.4,39.8,51.2,8.39,74.1,103940.47,518.33
2017,Sunflower,Tamil Nadu,Whole Year,105.46,1543.7,27.7,104.9,1.7,91.3,162791.39,1543.63
2013,Cotton,Haryana,Rabi,340.41,411.3,15.3,257.6,7.93,39.9,102429.74,300.9
2014,Groundnut,Bihar,Whole Year,182.85,2062.2,19.4,186.5,4.94,91.3,393731.48,2153.3
2019,Millet,Uttar Pradesh,Zaid,74.37,1267.2,17.8,302.9,16.85,43.8,38804.03,521.77
2009,Groundnut,Bihar,Kharif,175.45,1838.2,16.2,284.9,2.55,65.5,295284.1,1683.01
2020,Maize,Andhra Pradesh,Zaid,112.96,684.2,34.3,329.8,7.53,61.8,149453.97,1323.07
2017,Soybean,Uttar Pradesh,Rabi,398.09,1713.2,20.2,353.5,14.06,63.3,209386.31,525.98
2022,Sorghum,Haryana,Whole Year,491.7,1607.0,37.6,336.9,18.0,47.4,295874.14,601.74
2015,Sunflower,Maharashtra,Kharif,13.72,1962.5,22.1,206.8,7.04,80.7,18860.39,1374.66
2013,Millet,Karnataka,Whole Year,345.32,954.3,15.9,158.1,12.33,78.3,318196.92,921.46
2020,Barley,Madhya Pradesh,Whole Year,132.71,2353.0,37.2,225.8,7.79,92.0,448573.77,3380.11
2006,Potato,Gujarat,Rabi,34.14,2414.9,27.6,237.3,4.46,63.0,912014.8,26713.97
2006,Maize,Rajasthan,Rabi,8.16,2209.9,31.2,159.6,6.85,65.6,40858.61,5007.18
2016,Rice,Uttar Pradesh,Rabi,440.62,1558.5,24.1,239.0,12.9,88.7,1401589.75,3180.95
2012,Sugarcane,Uttar Pradesh,Rabi,177.45,1224.6,16.2,87.0,14.47,89.8,13828236.05,77927.51
2013,Soybean,Andhra Pradesh,Kharif,497.28,427.6,25.0,130.9,7.73,72.2,546590.59,1099.16
2016,Maize,Karnataka,Zaid,221.75,2383.9,29.0,311.1,3.47,83.3,543983.02,2453.14
2013,Rice,Andhra Pradesh,Zaid,94.61,2393.9,15.3,114.0,3.22,62.8,391549.57,4138.56
2014,Soybean,Tamil Nadu,Kharif,388.79,341.1,30.5,98.7,16.35,55.2,391677.47,1007.43
2006,Rice,Madhya Pradesh,Whole Year,463.32,1085.2,39.1,150.6,13.24,86.2,1305776.67,2818.3
2020,Millet,Uttar Pradesh,Kharif,407.99,2236.1,20.9,179.9,14.7,80.5,351722.04,862.08
2011,Sunflower,Karnataka,Zaid,372.85,477.9,40.0,165.0,10.02,45.8,409699.83,1098.83
2006,Potato,West Bengal,Zaid,168.02,732.4,17.6,181.1,9.42,33.1,3900411.5,23213.97
2005,Rice,Maharashtra,Kharif,33.18,2453.1,37.3,99.0,4.62,66.8,139733.6,4211.38
2023,Soybean,Gujarat,Rabi,101.45,2164.0,37.7,107.9,3.78,84.7,163532.83,1611.95
2008,Rice,Haryana,Whole Year,223.96,2306.5,22.0,132.5,3.5,46.1,922059.32,4117.07
2006,Potato,Maharashtra,Kharif,478.14,612.7,40.9,190.7,19.84,79.9,4521330.28,9456.08
2018,Barley,Haryana,Zaid,361.7,764.9,26.2,167.6,16.51,56.9,592593.3,1638.36
2006,Maize,Uttar Pradesh,Rabi,414.31,1631.9,18.8,327.0,12.71,51.8,676327.01,1632.42
2019,Soybean,Maharashtra,Whole Year,139.37,1403.8,31.0,233.9,4.68,41.2,204230.3,1465.38
2016,Barley,Maharashtra,Zaid,342.23,956.7,41.9,251.5,7.08,90.7,543865.5,1589.18
2009,Rice,Gujarat,Whole Year,431.36,2244.5,39.3,246.2,7.34,44.7,1331371.09,3086.45
2011,Rice,Rajasthan,Rabi,240.23,2283.1,22.5,189.6,9.81,48.1,950966.71,3958.57
2014,Cotton,Gujarat,Zaid,215.52,941.7,30.6,393.2,8.73,51.5,31409.06,145.74
2018,Soybean,Andhra Pradesh,Rabi,359.98,642.7,18.1,63.1,18.72,48.5,335296.01,931.43
2018,Millet,Rajasthan,Kharif,280.4,628.0,27.5,125.5,14.56,40.6,211842.84,755.5
2009,Rice,Maharashtra,Kharif,496.59,1365.7,29.1,149.6,2.09,53.0,2039362.5,4106.73
2022,Sugarcane,Rajasthan,Whole Year,213.13,592.4,23.5,358.5,7.52,60.7,9520595.17,44670.37
2018,Groundnut,Madhya Pradesh,Rabi,88.8,1341.3,28.1,371.6,3.09,65.9,40552.95,456.68
2006,Sorghum,Rajasthan,Rabi,236.5,1316.3,39.8,346.1,5.95,40.2,129944.46,549.45
2016,Groundnut,Andhra Pradesh,Whole Year,118.37,2245.0,28.5,195.9,19.2,80.7,224556.86,1897.08
2010,Millet,Karnataka,Whole Year,281.07,951.7,37.4,370.1,14.25,50.2,124993.68,444.71
2008,Maize,Uttar Pradesh,Whole Year,63.77,1533.4,23.6,84.5,0.65,89.7,268338.07,4207.9
2017,Sunflower,Karnataka,Kharif,475.04,1935.7,41.2,278.4,6.91,51.4,523501.27,1102.02
2008,Wheat,Uttar Pradesh,Whole Year,430.05,1611.0,17.5,378.0,9.05,86.1,669114.8,1555.9
2018,Sugarcane,Karnataka,Kharif,78.63,2398.9,30.8,314.2,12.25,52.9,5726600.36,72829.71
2020,Wheat,Karnataka,Whole Year,87.02,1625.0,36.3,147.3,10.24,62.9,334023.14,3838.46
2008,Rice,Haryana,Rabi,256.71,2284.1,37.0,301.1,1.86,54.2,820486.01,3196.16
2005,Potato,Rajasthan,Rabi,386.67,839.1,20.4,153.2,10.55,55.2,8021800.46,20745.86
2017,Maize,Tamil Nadu,Whole Year,110.32,1533.7,25.8,89.1,3.04,70.2,545734.53,4946.83
2008,Barley,Andhra Pradesh,Whole Year,31.42,1495.3,31.9,301.0,10.62,75.0,60006.85,1909.83
2022,Rice,Karnataka,Kharif,273.22,2476.8,23.5,112.7,5.3,86.6,1293756.25,4735.22
2010,Wheat,Maharashtra,Zaid,346.11,749.9,32.8,88.9,3.31,67.0,1236498.72,3572.56
2007,Rice,West Bengal,Kharif,122.94,610.2,25.2,243.1,6.11,44.1,273972.55,2228.51
2017,Sorghum,Haryana,Rabi,370.14,1645.7,24.5,267.2,2.44,94.3,492459.93,1330.47
2020,Cotton,West Bengal,Whole Year,475.37,792.1,17.9,67.9,6.04,74.4,184179.0,387.44
2009,Sorghum,Punjab,Rabi,69.4,1706.1,16.1,51.6,17.41,54.4,78254.92,1127.59
2008,Maize,Gujarat,Zaid,256.0,2439.5,37.6,358.7,6.49,92.9,336557.81,1314.68
2012,Potato,Punjab,Kharif,29.36,2382.3,28.2,90.3,9.67,92.3,824721.06,28089.95
2023,Barley,Uttar Pradesh,Rabi,104.12,808.4,30.2,254.4,10.64,35.2,164840.44,1583.18
2018,Sorghum,Karnataka,Kharif,45.82,676.0,25.0,383.7,3.98,31.3,19003.32,414.74
2011,Soybean,Andhra Pradesh,Whole Year,202.6,1533.6,18.7,229.2,9.11,32.9,291302.46,1437.82
2018,Barley,Maharashtra,Rabi,410.6,1590.9,27.1,98.9,17.13,74.5,869995.86,2118.84
2010,Potato,Tamil Nadu,Zaid,288.99,1757.0,21.2,187.7,2.07,76.2,8068889.24,27921.0
2016,Wheat,Tamil Nadu,Kharif,112.07,1931.3,37.6,268.4,18.49,77.1,284972.43,2542.81
2020,Sorghum,Haryana,Kharif,21.02,1622.1,41.6,317.0,17.49,71.0,19084.86,907.94
2021,Cotton,Haryana,Zaid,277.15,545.9,39.0,262.4,17.19,48.6,70054.49,252.77
2017,Barley,Haryana,Rabi,67.27,2038.3,29.3,62.0,4.37,40.9,203593.46,3026.51
2018,Rice,Haryana,Rabi,172.02,474.9,32.0,100.1,9.94,90.3,473866.65,2754.72
2011,Cotton,Rajasthan,Kharif,255.59,344.0,40.6,180.1,12.52,89.4,88430.95,345.99
2018,Rice,Karnataka,Zaid,451.96,1993.2,29.5,297.0,2.45,45.8,1500083.45,3319.06
2019,Potato,Madhya Pradesh,Kharif,41.83,1506.4,32.2,254.5,11.36,40.9,974498.95,23296.65
2016,Sorghum,West Bengal,Kharif,334.64,1836.9,32.0,65.6,16.88,54.4,369320.3,1103.63
2021,Sugarcane,Karnataka,Whole Year,8.03,1142.0,34.1,328.9,18.76,33.1,219813.99,27374.1
2013,Sugarcane,Madhya Pradesh,Rabi,315.32,324.4,32.3,261.8,5.93,40.5,15161937.21,48084.29
2019,Wheat,Karnataka,Rabi,276.21,1028.2,33.1,360.5,6.13,54.7,545624.33,1975.4
2016,Cotton,Punjab,Whole Year,406.12,1637.9,34.6,196.2,5.78,45.5,310801.28,765.29
2006,Rice,Andhra Pradesh,Rabi,266.3,796.5,36.8,221.6,3.49,77.9,833756.79,3130.89
2009,Millet,Maharashtra,Rabi,176.96,1813.2,25.9,191.9,8.9,88.8,189811.87,1072.63
2017,Cotton,Uttar Pradesh,Rabi,122.13,2047.7,35.1,302.9,15.8,89.1,68146.68,557.98
2012,Soybean,Andhra Pradesh,Zaid,43.54,1299.4,17.7,313.2,14.39,69.3,38164.07,876.53
2018,Wheat,Haryana,Whole Year,267.77,2226.6,38.7,303.1,18.06,75.7,645100.74,2409.16
2019,Groundnut,West Bengal,Kharif,444.27,2180.6,22.8,152.1,7.44,62.1,958481.3,2157.43
2015,Groundnut,Punjab,Zaid,257.86,2231.7,25.9,272.6,11.66,39.5,503097.9,1951.05
2005,Rice,Bihar,Kharif,369.81,1754.3,36.7,168.5,15.45,71.3,1287950.22,3482.73
2007,Sugarcane,Rajasthan,Whole Year,149.92,970.5,32.2,342.0,18.01,52.7,5848387.04,39010.05
2021,Barley,West Bengal,Whole Year,224.62,1358.8,23.3,69.3,17.5,30.4,500052.65,2226.22
2023,Soybean,Punjab,Whole Year,162.98,1863.1,21.1,63.2,9.58,67.4,286847.09,1760.01
2018,Groundnut,Gujarat,Rabi,55.52,763.2,40.9,85.6,18.18,42.9,56308.51,1014.2
2012,Rice,Bihar,Zaid,209.08,1925.5,17.4,120.8,9.16,87.6,755620.96,3614.03
2017,Rice,Rajasthan,Whole Year,382.38,1505.8,15.1,63.2,18.11,90.7,1096381.0,2867.26
2007,Sorghum,Haryana,Kharif,198.09,511.2,33.2,75.1,15.65,40.5,178113.55,899.15
2009,Sugarcane,Uttar Pradesh,Rabi,325.44,1526.0,31.6,157.1,4.82,31.9,34436780.15,105816.06
2013,Cotton,Haryana,Rabi,379.55,446.9,34.9,84.9,18.63,30.3,123814.35,326.21
2010,Barley,West Bengal,Zaid,162.05,331.5,34.8,330.7,5.23,89.3,237164.59,1463.53
2006,Sorghum,Haryana,Zaid,398.96,2257.2,38.3,68.9,18.21,39.9,484620.5,1214.71
2017,Groundnut,Gujarat,Zaid,170.12,1377.8,39.9,367.8,12.49,58.3,57891.91,340.3
2009,Barley,Haryana,Rabi,128.8,1495.2,35.9,354.8,13.51,33.7,190059.9,1475.62
2012,Wheat,Punjab,Whole Year,112.0,915.9,21.3,122.9,2.63,54.3,453142.32,4045.91
2005,Sugarcane,Tamil Nadu,Kharif,100.75,1494.0,27.5,75.0,1.78,81.1,11474514.03,113890.96
2016,Groundnut,Bihar,Whole Year,368.82,671.5,32.3,86.9,19.38,56.4,476814.58,1292.81
2015,Potato,Haryana,Kharif,443.87,1940.4,29.6,245.7,7.07,80.4,8477456.17,19098.96
2011,Rice,Gujarat,Whole Year,116.09,2111.4,19.3,260.3,16.97,74.8,276954.15,2385.68
2019,Groundnut,Karnataka,Zaid,43.53,2182.9,30.9,160.5,14.24,63.6,90893.99,2088.08
2015,Millet,Karnataka,Kharif,157.57,534.6,38.9,153.9,12.28,78.0,105628.62,670.36
2020,Maize,Uttar Pradesh,Rabi,329.27,1527.1,26.3,236.0,13.86,87.1,1247681.89,3789.24
2007,Potato,Uttar Pradesh,Kharif,184.89,2079.3,33.1,157.0,2.24,81.5,5345968.64,28914.32
2018,Maize,Bihar,Rabi,275.04,582.1,31.6,377.0,8.54,75.0,308622.54,1122.1
2007,Groundnut,Uttar Pradesh,Whole Year,372.41,518.9,25.2,183.9,12.34,75.6,572149.6,1536.34
2005,Millet,Andhra Pradesh,Zaid,204.83,2097.3,30.3,126.9,17.42,40.5,157248.28,767.7
2019,Groundnut,Maharashtra,Kharif,499.85,2052.8,20.7,101.1,14.44,91.8,1035602.78,2071.83
2005,Maize,Uttar Pradesh,Rabi,149.68,1287.1,29.7,271.1,5.43,43.4,441960.57,2952.7
2021,Sorghum,Haryana,Whole Year,489.15,541.4,36.6,164.3,19.71,52.7,444116.24,907.93
2006,Wheat,Uttar Pradesh,Zaid,102.31,1435.5,35.5,116.1,13.04,63.7,277538.33,2712.72
2010,Maize,Maharashtra,Zaid,56.35,1168.6,24.7,146.5,10.28,38.2,210846.31,3741.73
2012,Wheat,Andhra Pradesh,Zaid,375.66,1440.8,18.0,157.8,15.74,68.6,1322394.61,3520.19
2020,Rice,Maharashtra,Whole Year,351.45,1267.8,36.6,269.0,12.25,41.9,905840.83,2577.44
2023,Wheat,West Bengal,Whole Year,405.77,1550.7,22.2,111.1,14.34,90.0,1405391.82,3463.52
2005,Sorghum,Uttar Pradesh,Whole Year,172.45,1899.7,16.4,306.5,12.53,87.8,176349.76,1022.61
2007,Millet,Bihar,Zaid,465.47,2004.7,27.0,156.7,3.99,65.4,522356.97,1122.21
2007,Wheat,Uttar Pradesh,Kharif,60.62,1727.8,35.0,220.9,11.1,59.2,265428.15,4378.56
2009,Barley,Uttar Pradesh,Rabi,16.11,737.7,36.8,279.2,6.02,36.7,24744.06,1535.94
2016,Cotton,West Bengal,Whole Year,150.98,1173.7,41.5,240.3,11.62,83.5,47923.95,317.42
2016,Maize,Maharashtra,Kharif,398.86,456.7,20.1,281.8,2.95,54.7,746199.56,1870.83
2017,Millet,Punjab,Rabi,336.82,1293.7,22.9,162.9,5.02,46.0,396756.08,1177.95
2013,Soybean,Haryana,Zaid,218.67,2434.7,31.5,387.2,16.27,94.7,160071.66,732.02
2011,Sunflower,Gujarat,Kharif,128.87,1711.8,36.9,210.6,8.4,73.4,192173.08,1491.22
2008,Rice,Haryana,Zaid,30.58,640.1,21.3,162.7,13.64,34.8,90215.58,2950.15
2023,Cotton,Uttar Pradesh,Rabi,169.42,890.9,26.1,153.7,10.21,82.1,107503.69,634.54
2023,Barley,Andhra Pradesh,Whole Year,230.55,442.1,26.0,64.9,7.14,78.8,612440.79,2656.43
2010,Sugarcane,West Bengal,Zaid,343.82,701.3,35.9,289.7,10.16,56.1,11765939.41,34221.22
2017,Sorghum,Bihar,Kharif,323.34,1373.3,21.5,141.9,16.37,38.0,328918.81,1017.25
2015,Groundnut,Punjab,Whole Year,473.73,1058.7,41.2,385.6,5.99,62.3,101379.74,214.0
2017,Cotton,Rajasthan,Kharif,51.1,748.7,28.8,123.7,8.72,79.6,28391.03,555.6
2017,Millet,Punjab,Rabi,168.83,622.5,22.6,235.3,4.45,34.9,172825.37,1023.67
2019,Millet,Gujarat,Rabi,241.31,1743.4,22.7,307.4,7.35,40.6,190166.14,788.06
2017,Millet,Haryana,Whole Year,335.68,1527.8,15.5,354.5,17.76,70.2,194389.64,579.09
2015,Rice,Uttar Pradesh,Kharif,248.23,2153.8,33.7,104.8,15.82,66.4,684085.22,2755.85
2023,Wheat,Tamil Nadu,Kharif,456.47,703.2,36.0,394.9,7.79,88.8,147375.65,322.86
2012,Maize,Rajasthan,Kharif,304.73,2165.6,15.9,367.4,3.08,83.0,634462.23,2082.05
2012,Sugarcane,Uttar Pradesh,Kharif,20.79,1571.4,30.8,387.0,8.69,89.7,846902.0,40736.03
2014,Groundnut,West Bengal,Rabi,57.71,885.7,36.1,348.4,15.55,60.3,32981.96,571.51
2020,Millet,Rajasthan,Kharif,376.99,901.8,25.2,357.2,1.35,81.2,130032.22,344.92
2023,Groundnut,Gujarat,Rabi,358.18,1158.8,26.7,259.6,15.03,33.2,403261.72,1125.86
2015,Soybean,Tamil Nadu,Kharif,77.6,1312.3,24.8,345.9,13.76,49.1,73124.59,942.33
2017,Rice,Maharashtra,Kharif,30.4,481.5,23.5,236.9,1.76,71.9,87510.39,2878.63
2013,Potato,Maharashtra,Zaid,289.78,2152.4,28.3,238.4,12.89,79.6,6593316.06,22752.83
2023,Millet,Maharashtra,Zaid,318.23,567.4,19.5,246.9,6.32,67.1,193872.99,609.22
2020,Soybean,Andhra Pradesh,Kharif,68.51,1363.6,26.9,398.7,3.96,61.2,41162.13,600.82
2011,Sugarcane,Maharashtra,Rabi,237.34,1142.5,40.4,86.5,8.01,45.2,16532136.14,69655.92
2023,Sugarcane,Karnataka,Kharif,153.61,1427.0,15.7,332.0,4.51,41.3,9328182.38,60726.4
2016,Maize,Rajasthan,Zaid,465.72,2252.5,19.4,145.7,16.58,86.9,1743382.13,3743.41
2019,Barley,Bihar,Kharif,110.38,2476.0,36.0,176.4,14.97,39.2,369331.78,3346.0
2018,Maize,Tamil Nadu,Zaid,366.9,344.6,18.6,78.2,19.62,58.3,724268.49,1974.02
2015,Wheat,West Bengal,Kharif,259.55,1165.1,22.3,173.1,10.91,87.8,999969.01,3852.7
2014,Groundnut,Karnataka,Whole Year,6.75,2098.7,27.3,396.8,2.24,39.6,7119.56,1054.75
2015,Sorghum,Karnataka,Kharif,258.98,1018.5,40.5,189.0,7.67,38.3,244340.69,943.47
2010,Sugarcane,Madhya Pradesh,Rabi,50.64,1727.9,20.0,284.4,16.85,75.0,3133934.08,61886.53
2006,Sorghum,Tamil Nadu,Zaid,329.87,2483.0,39.9,92.2,8.24,51.6,428094.99,1297.77
2015,Rice,Madhya Pradesh,Whole Year,283.2,1722.9,34.4,372.9,9.39,58.3,410083.23,1448.03
2023,Cotton,Bihar,Zaid,6.2,544.6,33.1,339.7,8.53,70.7,1865.43,300.88
2010,Millet,West Bengal,Zaid,103.14,2154.5,34.5,185.2,5.09,54.6,107687.18,1044.09
2018,Rice,Rajasthan,Rabi,388.34,2426.6,15.8,172.0,1.93,82.0,1742535.47,4487.14
2010,Sunflower,Haryana,Kharif,138.61,1867.5,17.7,201.3,4.02,93.0,215833.31,1557.13
2021,Sugarcane,Uttar Pradesh,Rabi,250.14,1221.9,24.0,190.4,7.6,90.6,21879843.33,87470.39
2014,Soybean,Bihar,Kharif,156.69,2386.5,17.0,140.3,5.29,65.5,314933.8,2009.92
2005,Groundnut,Bihar,Whole Year,460.84,2430.9,41.7,396.8,11.67,53.1,348288.59,755.77
2007,Sorghum,Haryana,Rabi,268.75,2357.3,30.7,333.7,12.47,58.2,270694.49,1007.24
2012,Maize,Gujarat,Rabi,348.39,1206.0,28.2,143.8,11.62,51.5,1115286.82,3201.26
2012,Cotton,Tamil Nadu,Zaid,42.65,2037.4,36.2,393.6,2.16,58.7,12924.67,303.04
2019,Barley,Bihar,Rabi,21.13,1739.2,41.4,55.4,13.5,30.8,62504.5,2958.09
2011,Rice,Haryana,Kharif,130.35,695.4,40.8,203.3,8.0,33.6,227250.01,1743.38
2015,Barley,Bihar,Rabi,155.26,1478.1,36.4,249.3,17.62,80.1,266436.46,1716.07
2011,Potato,Haryana,Rabi,344.15,1944.9,25.2,63.2,10.75,51.8,10855088.86,31541.74
2008,Sunflower,Haryana,Whole Year,285.0,2271.0,16.8,106.4,2.15,81.6,476004.29,1670.19
2016,Sorghum,Bihar,Kharif,187.92,2197.7,17.7,140.3,0.68,61.2,306361.97,1630.28
2010,Sorghum,Maharashtra,Zaid,327.4,640.2,15.0,302.1,14.2,82.4,96136.84,293.64
2018,Millet,Punjab,Kharif,82.62,1373.7,15.1,378.9,8.31,73.1,26843.14,324.9
2016,Soybean,Haryana,Whole Year,32.68,1352.2,40.3,268.6,6.12,43.1,28638.33,876.33
2015,Potato,Uttar Pradesh,Kharif,427.4,2277.2,40.0,246.9,9.22,59.1,9611681.78,22488.73
2023,Soybean,Tamil Nadu,Kharif,282.41,304.3,33.0,237.9,1.91,75.8,307633.69,1089.32
2009,Wheat,Gujarat,Rabi,324.9,1925.2,34.6,172.7,8.14,51.5,1323028.24,4072.11
2018,Maize,Punjab,Rabi,154.31,1661.0,28.9,339.7,6.64,42.6,438986.04,2844.83
2020,Sugarcane,Andhra Pradesh,Kharif,186.61,2327.5,21.4,239.3,16.1,65.1,17688312.38,94787.59
2017,Sugarcane,Uttar Pradesh,Kharif,42.1,1305.2,39.7,130.5,3.91,47.8,3542945.57,84155.48
2008,Sorghum,Uttar Pradesh,Zaid,428.64,1746.9,22.5,97.9,15.25,68.6,615898.18,1436.87
2015,Rice,Maharashtra,Whole Year,296.63,2440.0,35.0,394.9,10.26,47.7,471741.37,1590.34
2021,Groundnut,Maharashtra,Rabi,42.73,1936.6,21.6,56.1,2.1,88.9,95092.57,2225.43
2011,Sugarcane,Tamil Nadu,Rabi,402.46,448.2,38.5,376.7,19.41,52.4,6756873.42,16788.93
2018,Sunflower,Uttar Pradesh,Rabi,222.61,668.6,32.6,126.4,14.82,89.0,279254.26,1254.46
2015,Potato,West Bengal,Rabi,382.79,2107.2,32.4,280.1,5.57,48.2,10822846.63,28273.59
2013,Sunflower,West Bengal,Kharif,7.3,1036.6,17.6,155.5,11.84,69.3,8343.2,1142.9
2017,Sunflower,Madhya Pradesh,Kharif,15.34,1853.0,26.3,350.9,18.05,38.5,10797.23,703.86
2022,Sugarcane,Tamil Nadu,Zaid,86.22,1839.6,29.2,240.2,18.65,80.6,6066749.23,70363.6
2015,Rice,Haryana,Rabi,106.25,2486.1,22.9,99.4,14.76,43.0,330392.35,3109.58
2019,Maize,Karnataka,Rabi,382.21,1333.7,38.8,144.4,14.69,86.2,1104547.3,2889.9
2023,Cotton,Andhra Pradesh,Kharif,353.64,1923.2,37.6,162.1,5.91,59.4,189735.01,536.52
2005,Soybean,Bihar,Zaid,308.43,407.3,28.3,360.1,19.8,36.1,22364.89,72.51
2008,Millet,Gujarat,Kharif,442.54,1317.7,24.2,318.4,5.25,53.6,319814.05,722.68
2018,Millet,Maharashtra,Rabi,124.33,710.7,36.6,340.4,2.24,80.7,69258.51,557.05
2018,Millet,Gujarat,Rabi,452.3,2149.3,20.3,68.3,19.56,35.0,378311.44,836.42
2007,Sunflower,Karnataka,Whole Year,454.83,2147.8,16.9,252.6,3.48,70.7,668749.96,1470.33
2021,Rice,Rajasthan,Whole Year,217.7,820.0,16.2,399.7,10.67,63.0,73774.06,338.88
2007,Potato,Madhya Pradesh,Whole Year,48.1,1000.2,16.0,324.8,9.63,50.1,565240.17,11751.35
2020,Millet,Tamil Nadu,Zaid,363.55,1845.5,28.2,92.2,17.04,79.1,386695.53,1063.67
2018,Sorghum,Haryana,Kharif,169.13,1924.2,21.9,287.6,8.23,33.4,210619.66,1245.31
2017,Wheat,Madhya Pradesh,Rabi,397.67,1746.8,33.6,310.9,10.29,62.3,1066639.45,2682.22
2019,Sunflower,Punjab,Rabi,82.68,2492.7,32.7,230.0,1.35,62.9,164219.82,1986.21
2018,Rice,Haryana,Zaid,270.22,2211.1,29.6,77.6,4.55,35.6,1073151.76,3971.4
2023,Rice,Uttar Pradesh,Rabi,254.53,1217.5,24.5,62.1,16.74,38.8,609947.38,2396.37
2010,Potato,Madhya Pradesh,Rabi,51.06,1019.3,38.0,378.2,9.83,56.6,589221.88,11539.79
2014,Soybean,Haryana,Kharif,182.3,1613.1,34.2,140.1,5.0,64.9,381199.2,2091.05
2019,Millet,Madhya Pradesh,Whole Year,43.29,2098.8,22.3,182.6,7.69,33.5,54388.15,1256.37
2010,Barley,Uttar Pradesh,Whole Year,232.91,1345.8,28.5,328.3,6.06,30.8,248131.93,1065.36
2014,Cotton,Gujarat,Zaid,421.61,1922.9,19.2,291.2,11.35,42.5,224716.32,533.0
2011,Sunflower,Madhya Pradesh,Whole Year,135.83,342.2,23.9,389.0,1.5,61.7,33225.05,244.61
2021,Wheat,Madhya Pradesh,Whole Year,382.67,2336.8,41.9,82.5,4.89,32.6,2013869.83,5262.68
2022,Rice,Bihar,Zaid,92.53,2002.4,21.0,297.4,7.42,77.7,259292.58,2802.25
2021,Wheat,Bihar,Zaid,337.19,1167.2,33.9,78.8,18.6,39.9,892942.49,2648.19
2013,Rice,Rajasthan,Whole Year,457.85,1144.8,21.4,50.1,12.65,80.2,1351170.5,2951.12
2014,Maize,Maharashtra,Kharif,162.64,526.4,40.3,92.1,10.33,43.3,496889.94,3055.15
2014,Soybean,Bihar,Zaid,450.31,2095.5,23.4,265.9,4.22,52.5,665083.66,1476.95
2011,Sorghum,Rajasthan,Rabi,253.21,1991.0,24.4,286.7,11.38,61.1,311793.17,1231.36
2020,Maize,Madhya Pradesh,Zaid,159.09,1686.5,31.0,203.4,18.62,52.6,348899.25,2193.09
2022,Groundnut,Uttar Pradesh,Rabi,448.36,523.2,30.9,66.1,11.54,31.5,634017.46,1414.08
2010,Millet,Bihar,Zaid,16.99,877.2,30.6,271.9,3.71,89.1,9931.27,584.54
2005,Groundnut,Punjab,Zaid,14.98,1309.6,30.5,80.0,19.94,48.6,20396.47,1361.58
2005,Cotton,Madhya Pradesh,Whole Year,300.31,885.1,23.4,99.6,10.23,38.8,198756.32,661.84
2016,Barley,Karnataka,Whole Year,398.58,1254.7,26.7,229.4,6.73,38.6,968715.32,2430.42
2006,Sorghum,Gujarat,Whole Year,376.02,797.1,31.0,169.1,10.32,93.3,344318.87,915.69
2008,Maize,Gujarat,Kharif,40.66,1069.1,33.1,212.7,5.64,38.0,145233.6,3571.9
2021,Wheat,Haryana,Whole Year,475.18,1735.1,21.8,272.3,1.09,52.5,1933933.48,4069.9
2008,Wheat,Maharashtra,Whole Year,351.83,2263.2,33.9,106.0,17.85,34.4,1109822.02,3154.43
2015,Cotton,Haryana,Zaid,474.61,1147.1,39.9,362.6,8.86,77.8,99157.51,208.92
2008,Rice,Haryana,Zaid,165.22,1822.2,35.5,245.8,15.18,68.8,427447.59,2587.14
2005,Wheat,Uttar Pradesh,Kharif,347.28,596.5,17.3,57.7,19.44,64.7,950565.23,2737.17
2011,Millet,Karnataka,Rabi,430.11,1489.8,27.7,270.0,12.84,85.6,320554.5,745.28
2022,Barley,Maharashtra,Zaid,190.85,2327.7,26.8,212.1,13.99,67.3,699595.06,3665.68
